{"type":"FeatureCollection","features":[{"type":"Feature","geometry":{"type":"Point","coordinates":[78.43277,30.37445]},"properties":{"id":"osm:n245770131","kind":"settlement","subtype":"town","name":"New Tehri","population":5000,"populationEstimated":false}},{"type":"Feature","geometry":{"type":"Point","coordinates":[78.60993,30.27145]},"properties":{"id":"osm:n342110242","kind":"settlement","subtype":"village","name":"Jamnikhal","population":1000,"populationEstimated":true}},{"type":"Feature","geometry":{"type":"Point","coordinates":[78.58521,30.4184]},"properties":{"id":"osm:n342110754","kind":"settlement","subtype":"village","name":"Chaundana","population":1000,"populationEstimated":true}},{"type":"Feature","geometry":{"type":"Point","coordinates":[78.59482,30.40466]},"properties":{"id":"osm:n342110764","kind":"settlement","subtype":"village","name":"Nanua","population":1000,"populationEstimated":true}},{"type":"Feature","geometry":{"type":"Point","coordinates":[78.57422,30.37033]},"properties":{"id":"osm:n342110774","kind":"settlement","subtype":"village","name":"Gadolia","population":1000,"populationEstimated":true}},{"type":"Feature","geometry":{"type":"Point","coordinates":[78.61954,30.35797]},"properties":{"id":"osm:n342110794","kind":"settlement","subtype":"hamlet","name":"Syalkhund","population":150,"populationEstimated":true}},{"type":"Feature","geometry":{"type":"Point","coordinates":[78.62778,30.02152]},"properties":{"id":"osm:n342110971","kind":"settlement","subtype":"village","name":"Chopra","population":1000,"populationEstimated":true}},{"type":"Feature","geometry":{"type":"Point","coordinates":[78.61267,30.40878]},"properties":{"id":"osm:n342111402","kind":"settlement","subtype":"village","name":"Ghunti","population":1000,"populationEstimated":true}},{"type":"Feature","geometry":{"type":"Point","coordinates":[78.59757,30.41565]},"properties":{"id":"osm:n342111422","kind":"settlement","subtype":"village","name":"Sain","population":1000,"populationEstimated":true}},{"type":"Feature","geometry":{"type":"Point","coordinates":[78.39872,30.38809]},"properties":{"id":"osm:n342113144","kind":"settlement","subtype":"hamlet","name":"Dharkot","population":150,"populationEstimated":true}},{"type":"Feature","geometry":{"type":"Point","coordinates":[78.36548,30.38681]},"properties":{"id":"osm:n342113154","kind":"settlement","subtype":"village","name":"Dobayal","population":1000,"populationEstimated":true}},{"type":"Feature","geometry":{"type":"Point","coordinates":[78.41492,30.38269]},"properties":{"id":"osm:n342113164","kind":"settlement","subtype":"village","name":"Nail","population":1000,"populationEstimated":true}},{"type":"Feature","geometry":{"type":"Point","coordinates":[78.39432,30.36621]},"properties":{"id":"osm:n342113174","kind":"settlement","subtype":"village","name":"Kot","population":1000,"populationEstimated":true}},{"type":"Feature","geometry":{"type":"Point","coordinates":[78.39432,30.34561]},"properties":{"id":"osm:n342113183","kind":"settlement","subtype":"village","name":"Chamba","population":1000,"populationEstimated":true}},{"type":"Feature","geometry":{"type":"Point","coordinates":[78.39432,30.32501]},"properties":{"id":"osm:n342113194","kind":"settlement","subtype":"village","name":"Sabli","population":1000,"populationEstimated":true}},{"type":"Feature","geometry":{"type":"Point","coordinates":[78.5083,30.2385]},"properties":{"id":"osm:n342113214","kind":"settlement","subtype":"village","name":"JN1","population":1000,"populationEstimated":true}},{"type":"Feature","geometry":{"type":"Point","coordinates":[78.50693,30.23712]},"properties":{"id":"osm:n342113223","kind":"settlement","subtype":"village","name":"Chaka","population":1000,"populationEstimated":true}},{"type":"Feature","geometry":{"type":"Point","coordinates":[78.49755,30.25675]},"properties":{"id":"osm:n342113234","kind":"settlement","subtype":"village","name":"Koteshwar","population":1000,"populationEstimated":true}},{"type":"Feature","geometry":{"type":"Point","coordinates":[78.46869,30.25251]},"properties":{"id":"osm:n342113246","kind":"settlement","subtype":"village","name":"Pokhri(004)","population":1000,"populationEstimated":true}},{"type":"Feature","geometry":{"type":"Point","coordinates":[78.48782,30.32964]},"properties":{"id":"osm:n342113257","kind":"settlement","subtype":"village","name":"Naramghat","population":1000,"populationEstimated":true}},{"type":"Feature","geometry":{"type":"Point","coordinates":[78.46573,30.32776]},"properties":{"id":"osm:n342113265","kind":"settlement","subtype":"village","name":"Nakot","population":1000,"populationEstimated":true}},{"type":"Feature","geometry":{"type":"Point","coordinates":[78.4932,30.40329]},"properties":{"id":"osm:n342113289","kind":"settlement","subtype":"village","name":"Madan Negi","population":1000,"populationEstimated":true}},{"type":"Feature","geometry":{"type":"Point","coordinates":[78.47122,30.38132]},"properties":{"id":"osm:n342113298","kind":"settlement","subtype":"village","name":"Bhagirathipuram","population":1000,"populationEstimated":true}},{"type":"Feature","geometry":{"type":"Point","coordinates":[78.43827,30.40192]},"properties":{"id":"osm:n342113308","kind":"settlement","subtype":"village","name":"Chakharchoura","population":1000,"populationEstimated":true}},{"type":"Feature","geometry":{"type":"Point","coordinates":[78.44489,30.41843]},"properties":{"id":"osm:n342113316","kind":"settlement","subtype":"village","name":"Mali Dewal","population":1000,"populationEstimated":true}},{"type":"Feature","geometry":{"type":"Point","coordinates":[78.26111,30.35797]},"properties":{"id":"osm:n342113569","kind":"settlement","subtype":"village","name":"Marora","population":1000,"populationEstimated":true}},{"type":"Feature","geometry":{"type":"Point","coordinates":[78.54813,30.22751]},"properties":{"id":"osm:n342114291","kind":"settlement","subtype":"village","name":"Khard","population":1000,"populationEstimated":true}},{"type":"Feature","geometry":{"type":"Point","coordinates":[78.54676,30.20004]},"properties":{"id":"osm:n342114299","kind":"settlement","subtype":"village","name":"Maroragad","population":1000,"populationEstimated":true}},{"type":"Feature","geometry":{"type":"Point","coordinates":[78.60443,30.23163]},"properties":{"id":"osm:n342114306","kind":"settlement","subtype":"village","name":"Hindolakhal","population":1000,"populationEstimated":true}},{"type":"Feature","geometry":{"type":"Point","coordinates":[78.59482,30.21515]},"properties":{"id":"osm:n342114312","kind":"settlement","subtype":"village","name":"Bidakot","population":1000,"populationEstimated":true}},{"type":"Feature","geometry":{"type":"Point","coordinates":[78.60169,30.19867]},"properties":{"id":"osm:n342114319","kind":"settlement","subtype":"village","name":"Amni","population":1000,"populationEstimated":true}},{"type":"Feature","geometry":{"type":"Point","coordinates":[78.60993,30.18219]},"properties":{"id":"osm:n342114326","kind":"settlement","subtype":"village","name":"Mahar","population":1000,"populationEstimated":true}},{"type":"Feature","geometry":{"type":"Point","coordinates":[78.59481,30.16883]},"properties":{"id":"osm:n342114332","kind":"settlement","subtype":"village","name":"Gumeth","population":1000,"populationEstimated":true}},{"type":"Feature","geometry":{"type":"Point","coordinates":[78.59858,30.14614]},"properties":{"id":"osm:n342114339","kind":"settlement","subtype":"town","name":"Devprayag","population":2144,"populationEstimated":false}},{"type":"Feature","geometry":{"type":"Point","coordinates":[78.58933,30.10803]},"properties":{"id":"osm:n342114346","kind":"settlement","subtype":"village","name":"Umrasu","population":1000,"populationEstimated":true}},{"type":"Feature","geometry":{"type":"Point","coordinates":[78.61542,30.12314]},"properties":{"id":"osm:n342114353","kind":"settlement","subtype":"village","name":"Siralakhal","population":1000,"populationEstimated":true}},{"type":"Feature","geometry":{"type":"Point","coordinates":[78.61954,30.1149]},"properties":{"id":"osm:n342114359","kind":"settlement","subtype":"village","name":"Baroda","population":1000,"populationEstimated":true}},{"type":"Feature","geometry":{"type":"Point","coordinates":[78.60169,30.06409]},"properties":{"id":"osm:n342114366","kind":"settlement","subtype":"hamlet","name":"Byānsghāt","population":150,"populationEstimated":true}},{"type":"Feature","geometry":{"type":"Point","coordinates":[78.35342,30.12581]},"properties":{"id":"osm:n342114405","kind":"settlement","subtype":"hamlet","name":"Garudachatti","population":150,"populationEstimated":true}},{"type":"Feature","geometry":{"type":"Point","coordinates":[78.28531,30.16071]},"properties":{"id":"osm:n342114412","kind":"settlement","subtype":"village","name":"Narendranagar","population":6049,"populationEstimated":false}},{"type":"Feature","geometry":{"type":"Point","coordinates":[78.31192,30.18356]},"properties":{"id":"osm:n342114418","kind":"settlement","subtype":"village","name":"Hindolakhal","population":1000,"populationEstimated":true}},{"type":"Feature","geometry":{"type":"Point","coordinates":[78.3277,30.21359]},"properties":{"id":"osm:n342114425","kind":"settlement","subtype":"village","name":"Agrakhal","population":1000,"populationEstimated":true}},{"type":"Feature","geometry":{"type":"Point","coordinates":[78.35185,30.22717]},"properties":{"id":"osm:n342114432","kind":"settlement","subtype":"village","name":"Phakot","population":1000,"populationEstimated":true}},{"type":"Feature","geometry":{"type":"Point","coordinates":[78.23227,30.20966]},"properties":{"id":"osm:n342114438","kind":"settlement","subtype":"village","name":"Bhogpur","population":1000,"populationEstimated":true}},{"type":"Feature","geometry":{"type":"Point","coordinates":[78.49732,30.22888]},"properties":{"id":"osm:n342114450","kind":"settlement","subtype":"village","name":"Naugarh","population":1000,"populationEstimated":true}},{"type":"Feature","geometry":{"type":"Point","coordinates":[78.52478,30.23163]},"properties":{"id":"osm:n342114457","kind":"settlement","subtype":"village","name":"Lasher","population":1000,"populationEstimated":true}},{"type":"Feature","geometry":{"type":"Point","coordinates":[78.50179,30.07471]},"properties":{"id":"osm:n342114464","kind":"settlement","subtype":"village","name":"Kaudiyala","population":1000,"populationEstimated":true}},{"type":"Feature","geometry":{"type":"Point","coordinates":[78.46915,30.06827]},"properties":{"id":"osm:n342114471","kind":"settlement","subtype":"village","name":"Bayasi","population":1000,"populationEstimated":true}},{"type":"Feature","geometry":{"type":"Point","coordinates":[78.43827,30.06134]},"properties":{"id":"osm:n342114477","kind":"settlement","subtype":"village","name":"Naurkhal","population":1000,"populationEstimated":true}},{"type":"Feature","geometry":{"type":"Point","coordinates":[78.464,30.03638]},"properties":{"id":"osm:n342114493","kind":"settlement","subtype":"village","name":"Gaind","population":1000,"populationEstimated":true}},{"type":"Feature","geometry":{"type":"Point","coordinates":[78.49824,30.02026]},"properties":{"id":"osm:n342114547","kind":"settlement","subtype":"village","name":"Dhari","population":1000,"populationEstimated":true}},{"type":"Feature","geometry":{"type":"Point","coordinates":[78.28797,30.40579]},"properties":{"id":"osm:n342114632","kind":"settlement","subtype":"village","name":"Kadukhal","population":1000,"populationEstimated":true}},{"type":"Feature","geometry":{"type":"Point","coordinates":[78.29956,30.41977]},"properties":{"id":"osm:n342114644","kind":"settlement","subtype":"village","name":"Jawaharna","population":1000,"populationEstimated":true}},{"type":"Feature","geometry":{"type":"Point","coordinates":[78.33939,30.4184]},"properties":{"id":"osm:n342114650","kind":"settlement","subtype":"village","name":"Dangghar","population":1000,"populationEstimated":true}},{"type":"Feature","geometry":{"type":"Point","coordinates":[78.35175,30.40329]},"properties":{"id":"osm:n342114656","kind":"settlement","subtype":"village","name":"Jaripani","population":1000,"populationEstimated":true}},{"type":"Feature","geometry":{"type":"Point","coordinates":[78.54401,30.38544]},"properties":{"id":"osm:n342114733","kind":"settlement","subtype":"village","name":"Rajakhet","population":1000,"populationEstimated":true}},{"type":"Feature","geometry":{"type":"Point","coordinates":[78.28385,30.07207]},"properties":{"id":"osm:n342114816","kind":"settlement","subtype":"village","name":"Barrage","population":1000,"populationEstimated":true}},{"type":"Feature","geometry":{"type":"Point","coordinates":[78.35175,30.05997]},"properties":{"id":"osm:n342114822","kind":"settlement","subtype":"village","name":"Diuli","population":1000,"populationEstimated":true}},{"type":"Feature","geometry":{"type":"Point","coordinates":[78.31382,30.11855]},"properties":{"id":"osm:n1185827080","kind":"settlement","subtype":"suburb","name":"Swargashram","population":5000,"populationEstimated":true}},{"type":"Feature","geometry":{"type":"Point","coordinates":[78.3406,30.08155]},"properties":{"id":"osm:n1193913111","kind":"settlement","subtype":"hamlet","name":"Neelkanth Mahadev","population":150,"populationEstimated":true}},{"type":"Feature","geometry":{"type":"Point","coordinates":[78.38042,30.08666]},"properties":{"id":"osm:n1413096207","kind":"settlement","subtype":"village","name":"Ghattu ghat","population":1000,"populationEstimated":true}},{"type":"Feature","geometry":{"type":"Point","coordinates":[78.37536,30.11575]},"properties":{"id":"osm:n1413099772","kind":"settlement","subtype":"village","name":"Phool Chatti","population":1000,"populationEstimated":true}},{"type":"Feature","geometry":{"type":"Point","coordinates":[78.38142,30.10515]},"properties":{"id":"osm:n1413099825","kind":"settlement","subtype":"village","name":"Ratta Pani","population":1000,"populationEstimated":true}},{"type":"Feature","geometry":{"type":"Point","coordinates":[78.31065,30.17155]},"properties":{"id":"osm:n1556660133","kind":"settlement","subtype":"hamlet","name":"BadedaTalla","population":150,"populationEstimated":true}},{"type":"Feature","geometry":{"type":"Point","coordinates":[78.49441,30.37823]},"properties":{"id":"osm:n2357223587","kind":"settlement","subtype":"hamlet","name":"Tipri","population":150,"populationEstimated":true}},{"type":"Feature","geometry":{"type":"Point","coordinates":[78.45588,30.31213]},"properties":{"id":"osm:n2357231750","kind":"settlement","subtype":"hamlet","name":"Managi","population":150,"populationEstimated":true}},{"type":"Feature","geometry":{"type":"Point","coordinates":[78.46766,30.31592]},"properties":{"id":"osm:n2357573472","kind":"settlement","subtype":"hamlet","name":"Pillaigul","population":150,"populationEstimated":true}},{"type":"Feature","geometry":{"type":"Point","coordinates":[78.40501,30.07004]},"properties":{"id":"osm:n2377440459","kind":"settlement","subtype":"hamlet","name":"Chhoti Bijni","population":150,"populationEstimated":true}},{"type":"Feature","geometry":{"type":"Point","coordinates":[78.36727,30.27012]},"properties":{"id":"osm:n2377440461","kind":"settlement","subtype":"hamlet","name":"Jajal","population":150,"populationEstimated":true}},{"type":"Feature","geometry":{"type":"Point","coordinates":[78.38579,30.13348]},"properties":{"id":"osm:n2377440470","kind":"settlement","subtype":"hamlet","name":"Sillar","population":150,"populationEstimated":true}},{"type":"Feature","geometry":{"type":"Point","coordinates":[78.28189,30.0712]},"properties":{"id":"osm:n2377440472","kind":"settlement","subtype":"hamlet","name":"Virbhadra","population":150,"populationEstimated":true}},{"type":"Feature","geometry":{"type":"Point","coordinates":[78.59961,30.36877]},"properties":{"id":"osm:n2377985052","kind":"settlement","subtype":"hamlet","name":"Molnau","population":150,"populationEstimated":true}},{"type":"Feature","geometry":{"type":"Point","coordinates":[78.51667,30.25]},"properties":{"id":"osm:n2377985116","kind":"settlement","subtype":"hamlet","name":"Saur","population":150,"populationEstimated":true}},{"type":"Feature","geometry":{"type":"Point","coordinates":[78.38578,30.35509]},"properties":{"id":"osm:n2379393093","kind":"settlement","subtype":"hamlet","name":"Upla","population":150,"populationEstimated":true}},{"type":"Feature","geometry":{"type":"Point","coordinates":[78.31668,30.13597]},"properties":{"id":"osm:n2505866220","kind":"settlement","subtype":"hamlet","name":"Ghughatyani Talli","population":150,"populationEstimated":true}},{"type":"Feature","geometry":{"type":"Point","coordinates":[78.40359,30.36571]},"properties":{"id":"osm:n2613452551","kind":"settlement","subtype":"hamlet","name":"Pali","population":150,"populationEstimated":true}},{"type":"Feature","geometry":{"type":"Point","coordinates":[78.45718,30.40299]},"properties":{"id":"osm:n2613454983","kind":"settlement","subtype":"hamlet","name":"Pailyuan","population":150,"populationEstimated":true}},{"type":"Feature","geometry":{"type":"Point","coordinates":[78.38687,30.34148]},"properties":{"id":"osm:n2622060819","kind":"settlement","subtype":"hamlet","name":"Syunta","population":150,"populationEstimated":true}},{"type":"Feature","geometry":{"type":"Point","coordinates":[78.46971,30.28517]},"properties":{"id":"osm:n3204131186","kind":"settlement","subtype":"hamlet","name":"Mauita","population":150,"populationEstimated":true}},{"type":"Feature","geometry":{"type":"Point","coordinates":[78.32177,30.12816]},"properties":{"id":"osm:n3663758312","kind":"hospital","subtype":"clinic","name":"Dr. Usha's Nirvana Clinic","population":0,"populationEstimated":false}},{"type":"Feature","geometry":{"type":"Point","coordinates":[78.32242,30.12821]},"properties":{"id":"osm:n3663758313","kind":"hospital","subtype":"clinic","name":"Dr. Arora's Clinic","population":0,"populationEstimated":false}},{"type":"Feature","geometry":{"type":"Point","coordinates":[78.29162,30.10865]},"properties":{"id":"osm:n3735821429","kind":"settlement","subtype":"town","name":"Rishikesh","population":15000,"populationEstimated":true}},{"type":"Feature","geometry":{"type":"Point","coordinates":[78.31523,30.12223]},"properties":{"id":"osm:n3812555176","kind":"emergency","subtype":"police","name":"police","population":0,"populationEstimated":false}},{"type":"Feature","geometry":{"type":"Point","coordinates":[78.35313,30.12563]},"properties":{"id":"osm:n3820695493","kind":"emergency","subtype":"police","name":"police","population":0,"populationEstimated":false}},{"type":"Feature","geometry":{"type":"Point","coordinates":[78.34051,30.12698]},"properties":{"id":"osm:n3820748010","kind":"settlement","subtype":"hamlet","name":"Totla","population":150,"populationEstimated":true}},{"type":"Feature","geometry":{"type":"Point","coordinates":[78.32211,30.12966]},"properties":{"id":"osm:n3821187543","kind":"settlement","subtype":"suburb","name":"Tapovan","population":5000,"populationEstimated":true}},{"type":"Feature","geometry":{"type":"Point","coordinates":[78.33335,30.1322]},"properties":{"id":"osm:n3821187544","kind":"settlement","subtype":"suburb","name":"Pandav Gufa","population":5000,"populationEstimated":true}},{"type":"Feature","geometry":{"type":"Point","coordinates":[78.29885,30.10587]},"properties":{"id":"osm:n3821187545","kind":"settlement","subtype":"suburb","name":"Maya Kund","population":5000,"populationEstimated":true}},{"type":"Feature","geometry":{"type":"Point","coordinates":[78.30246,30.11335]},"properties":{"id":"osm:n3821187546","kind":"settlement","subtype":"suburb","name":"Chauda Bigha","population":5000,"populationEstimated":true}},{"type":"Feature","geometry":{"type":"Point","coordinates":[78.28608,30.12139]},"properties":{"id":"osm:n3821187547","kind":"settlement","subtype":"suburb","name":"Dhalwala","population":5000,"populationEstimated":true}},{"type":"Feature","geometry":{"type":"Point","coordinates":[78.30629,30.11983]},"properties":{"id":"osm:n3821187548","kind":"settlement","subtype":"suburb","name":"Muni Ki Reti","population":5000,"populationEstimated":true}},{"type":"Feature","geometry":{"type":"Point","coordinates":[78.30537,30.12416]},"properties":{"id":"osm:n3821275158","kind":"settlement","subtype":"suburb","name":"Ganga Vatika","population":5000,"populationEstimated":true}},{"type":"Feature","geometry":{"type":"Point","coordinates":[78.28817,30.10431]},"properties":{"id":"osm:n3821275159","kind":"settlement","subtype":"suburb","name":"Adarsh Nagar","population":5000,"populationEstimated":true}},{"type":"Feature","geometry":{"type":"Point","coordinates":[78.28211,30.10791]},"properties":{"id":"osm:n3821275160","kind":"settlement","subtype":"suburb","name":"TDHC Colony","population":5000,"populationEstimated":true}},{"type":"Feature","geometry":{"type":"Point","coordinates":[78.28408,30.11066]},"properties":{"id":"osm:n3821275161","kind":"settlement","subtype":"suburb","name":"Pragati Vihar","population":5000,"populationEstimated":true}},{"type":"Feature","geometry":{"type":"Point","coordinates":[78.28635,30.11429]},"properties":{"id":"osm:n3821275162","kind":"settlement","subtype":"suburb","name":"Ashutosh Nagar","population":5000,"populationEstimated":true}},{"type":"Feature","geometry":{"type":"Point","coordinates":[78.29381,30.11047]},"properties":{"id":"osm:n3821275163","kind":"settlement","subtype":"suburb","name":"Adarsh Gram","population":5000,"populationEstimated":true}},{"type":"Feature","geometry":{"type":"Point","coordinates":[78.28179,30.11512]},"properties":{"id":"osm:n3821275164","kind":"settlement","subtype":"suburb","name":"BSNL Colony","population":5000,"populationEstimated":true}},{"type":"Feature","geometry":{"type":"Point","coordinates":[78.27773,30.0973]},"properties":{"id":"osm:n3821275165","kind":"settlement","subtype":"suburb","name":"Someshwar Nagar","population":5000,"populationEstimated":true}},{"type":"Feature","geometry":{"type":"Point","coordinates":[78.28623,30.09573]},"properties":{"id":"osm:n3821275166","kind":"settlement","subtype":"suburb","name":"Kolghatti","population":5000,"populationEstimated":true}},{"type":"Feature","geometry":{"type":"Point","coordinates":[78.38901,30.13774]},"properties":{"id":"osm:n3869765724","kind":"emergency","subtype":"police","name":"police","population":0,"populationEstimated":false}},{"type":"Feature","geometry":{"type":"Point","coordinates":[78.29448,30.12832]},"properties":{"id":"osm:n3869767158","kind":"emergency","subtype":"police","name":"police","population":0,"populationEstimated":false}},{"type":"Feature","geometry":{"type":"Point","coordinates":[78.33034,30.35406]},"properties":{"id":"osm:n3912069873","kind":"settlement","subtype":"hamlet","name":"Indwaigaon","population":150,"populationEstimated":true}},{"type":"Feature","geometry":{"type":"Point","coordinates":[78.2899,30.1069]},"properties":{"id":"osm:n4129769756","kind":"hospital","subtype":"hospital","name":"hospital","population":0,"populationEstimated":false}},{"type":"Feature","geometry":{"type":"Point","coordinates":[78.3237,30.13063]},"properties":{"id":"osm:n4176770790","kind":"school","subtype":"school","name":"Guru Yog Peeth","population":0,"populationEstimated":false}},{"type":"Feature","geometry":{"type":"Point","coordinates":[78.32934,30.12374]},"properties":{"id":"osm:n4176780292","kind":"school","subtype":"school","name":"Maayaa International Healing School ","population":0,"populationEstimated":false}},{"type":"Feature","geometry":{"type":"Point","coordinates":[78.32992,30.12397]},"properties":{"id":"osm:n4383828294","kind":"hospital","subtype":"clinic","name":"Ayurveda Center","population":0,"populationEstimated":false}},{"type":"Feature","geometry":{"type":"Point","coordinates":[78.32253,30.12818]},"properties":{"id":"osm:n4462139194","kind":"emergency","subtype":"police","name":"Police station","population":0,"populationEstimated":false}},{"type":"Feature","geometry":{"type":"Point","coordinates":[78.32776,30.12301]},"properties":{"id":"osm:n4498501389","kind":"school","subtype":"school","name":"World Peace Yoga School","population":0,"populationEstimated":false}},{"type":"Feature","geometry":{"type":"Point","coordinates":[78.3172,30.11975]},"properties":{"id":"osm:n4934164496","kind":"school","subtype":"school","name":"K Farms, 242A, Swargashram.;Yog Sansthan","population":0,"populationEstimated":false}},{"type":"Feature","geometry":{"type":"Point","coordinates":[78.4129,30.15221]},"properties":{"id":"osm:n4984049622","kind":"school","subtype":"school","name":"school","population":0,"populationEstimated":false}},{"type":"Feature","geometry":{"type":"Point","coordinates":[78.43019,30.38042]},"properties":{"id":"osm:n4985286047","kind":"settlement","subtype":"hamlet","name":"Chhamund","population":150,"populationEstimated":true}},{"type":"Feature","geometry":{"type":"Point","coordinates":[78.43965,30.37584]},"properties":{"id":"osm:n4989193099","kind":"settlement","subtype":"village","name":"Moldhar","population":1000,"populationEstimated":true}},{"type":"Feature","geometry":{"type":"Point","coordinates":[78.44071,30.37862]},"properties":{"id":"osm:n5057198933","kind":"settlement","subtype":"village","name":"Baurari","population":1000,"populationEstimated":true}},{"type":"Feature","geometry":{"type":"Point","coordinates":[78.46777,30.38374]},"properties":{"id":"osm:n5458205921","kind":"school","subtype":"college","name":"college","population":0,"populationEstimated":false}},{"type":"Feature","geometry":{"type":"Point","coordinates":[78.32562,30.13136]},"properties":{"id":"osm:n5495632384","kind":"school","subtype":"school","name":"Maa Yoga Ashram","population":0,"populationEstimated":false}},{"type":"Feature","geometry":{"type":"Point","coordinates":[78.32192,30.13318]},"properties":{"id":"osm:n5563553476","kind":"school","subtype":"school","name":"Rishikesh Yog Nirvana","population":0,"populationEstimated":false}},{"type":"Feature","geometry":{"type":"Point","coordinates":[78.60165,30.14352]},"properties":{"id":"osm:n5619564995","kind":"settlement","subtype":"suburb","name":"Bah Bazaar","population":5000,"populationEstimated":true}},{"type":"Feature","geometry":{"type":"Point","coordinates":[78.5969,30.14765]},"properties":{"id":"osm:n5619564996","kind":"settlement","subtype":"suburb","name":"Shanti Bazaar","population":5000,"populationEstimated":true}},{"type":"Feature","geometry":{"type":"Point","coordinates":[78.60052,30.14555]},"properties":{"id":"osm:n5619564997","kind":"settlement","subtype":"suburb","name":"Beech Bazaar","population":5000,"populationEstimated":true}},{"type":"Feature","geometry":{"type":"Point","coordinates":[78.3205,30.13234]},"properties":{"id":"osm:n5893973685","kind":"school","subtype":"school","name":"vinyasa yogashala school","population":0,"populationEstimated":false}},{"type":"Feature","geometry":{"type":"Point","coordinates":[78.23532,30.06334]},"properties":{"id":"osm:n5954089236","kind":"settlement","subtype":"suburb","name":"Shyampur","population":5000,"populationEstimated":true}},{"type":"Feature","geometry":{"type":"Point","coordinates":[78.25201,30.07927]},"properties":{"id":"osm:n5954089237","kind":"settlement","subtype":"town","name":"Virbhadra","population":15000,"populationEstimated":true}},{"type":"Feature","geometry":{"type":"Point","coordinates":[78.32384,30.12368]},"properties":{"id":"osm:n6152910885","kind":"school","subtype":"school","name":"school","population":0,"populationEstimated":false}},{"type":"Feature","geometry":{"type":"Point","coordinates":[78.45493,30.35565]},"properties":{"id":"osm:n6167218698","kind":"settlement","subtype":"hamlet","name":"Koti","population":150,"populationEstimated":true}},{"type":"Feature","geometry":{"type":"Point","coordinates":[78.44784,30.35267]},"properties":{"id":"osm:n6167218747","kind":"settlement","subtype":"hamlet","name":"Kanda","population":150,"populationEstimated":true}},{"type":"Feature","geometry":{"type":"Point","coordinates":[78.36223,30.34462]},"properties":{"id":"osm:n6169107784","kind":"settlement","subtype":"hamlet","name":"Syul","population":150,"populationEstimated":true}},{"type":"Feature","geometry":{"type":"Point","coordinates":[78.32447,30.12928]},"properties":{"id":"osm:n6273442085","kind":"school","subtype":"school","name":"Yogkulam Yoga School","population":0,"populationEstimated":false}},{"type":"Feature","geometry":{"type":"Point","coordinates":[78.31491,30.14991]},"properties":{"id":"osm:n6375647986","kind":"school","subtype":"school","name":"Ayuskama Ayur Yoga School","population":0,"populationEstimated":false}},{"type":"Feature","geometry":{"type":"Point","coordinates":[78.32029,30.12895]},"properties":{"id":"osm:n6390039985","kind":"school","subtype":"school","name":"school","population":0,"populationEstimated":false}},{"type":"Feature","geometry":{"type":"Point","coordinates":[78.34073,30.10543]},"properties":{"id":"osm:n6404653673","kind":"school","subtype":"school","name":"school","population":0,"populationEstimated":false}},{"type":"Feature","geometry":{"type":"Point","coordinates":[78.34073,30.10541]},"properties":{"id":"osm:n6404653674","kind":"school","subtype":"school","name":"school","population":0,"populationEstimated":false}},{"type":"Feature","geometry":{"type":"Point","coordinates":[78.48324,30.37666]},"properties":{"id":"osm:n6575905785","kind":"emergency","subtype":"police","name":"Checkpoint","population":0,"populationEstimated":false}},{"type":"Feature","geometry":{"type":"Point","coordinates":[78.47677,30.37905]},"properties":{"id":"osm:n6575905786","kind":"emergency","subtype":"police","name":"Checkpoint","population":0,"populationEstimated":false}},{"type":"Feature","geometry":{"type":"Point","coordinates":[78.38327,30.08712]},"properties":{"id":"osm:n6649636590","kind":"school","subtype":"school","name":"Vinyasa Yoga Ashram","population":0,"populationEstimated":false}},{"type":"Feature","geometry":{"type":"Point","coordinates":[78.28613,30.08088]},"properties":{"id":"osm:n6895578193","kind":"hospital","subtype":"hospital","name":"AIIMS's Blood Bank Rishikesh","population":0,"populationEstimated":false}},{"type":"Feature","geometry":{"type":"Point","coordinates":[78.28648,30.08088]},"properties":{"id":"osm:n6897688071","kind":"hospital","subtype":"hospital","name":"AIIMS Blood Bank, Rishikesh","population":0,"populationEstimated":false}},{"type":"Feature","geometry":{"type":"Point","coordinates":[78.43709,30.38033]},"properties":{"id":"osm:n7127949291","kind":"hospital","subtype":"hospital","name":"Baurari District Hospital","population":0,"populationEstimated":false}},{"type":"Feature","geometry":{"type":"Point","coordinates":[78.39315,30.35173]},"properties":{"id":"osm:n7127949320","kind":"hospital","subtype":"hospital","name":"Government Hospital, Chamba","population":0,"populationEstimated":false}},{"type":"Feature","geometry":{"type":"Point","coordinates":[78.46742,30.31666]},"properties":{"id":"osm:n7127949332","kind":"hospital","subtype":"hospital","name":"Government Hospital, Nakot","population":0,"populationEstimated":false}},{"type":"Feature","geometry":{"type":"Point","coordinates":[78.32708,30.1286]},"properties":{"id":"osm:n7276414885","kind":"school","subtype":"school","name":"World peace yoga school","population":0,"populationEstimated":false}},{"type":"Feature","geometry":{"type":"Point","coordinates":[78.39733,30.35362]},"properties":{"id":"osm:n7486353275","kind":"settlement","subtype":"hamlet","name":"Guldi","population":150,"populationEstimated":true}},{"type":"Feature","geometry":{"type":"Point","coordinates":[78.38961,30.35126]},"properties":{"id":"osm:n7486360402","kind":"hospital","subtype":"hospital","name":"Masiha Hospital","population":0,"populationEstimated":false}},{"type":"Feature","geometry":{"type":"Point","coordinates":[78.43811,30.37976]},"properties":{"id":"osm:n7486360440","kind":"hospital","subtype":"clinic","name":"Hatwal Eye Clinic","population":0,"populationEstimated":false}},{"type":"Feature","geometry":{"type":"Point","coordinates":[78.4396,30.3824]},"properties":{"id":"osm:n7486360458","kind":"hospital","subtype":"clinic","name":"A B Physiotherpy Centre","population":0,"populationEstimated":false}},{"type":"Feature","geometry":{"type":"Point","coordinates":[78.44215,30.38282]},"properties":{"id":"osm:n7486360460","kind":"hospital","subtype":"hospital","name":"Max Hospital","population":0,"populationEstimated":false}},{"type":"Feature","geometry":{"type":"Point","coordinates":[78.39247,30.34531]},"properties":{"id":"osm:n7486360476","kind":"hospital","subtype":"clinic","name":"Amba Clinic","population":0,"populationEstimated":false}},{"type":"Feature","geometry":{"type":"Point","coordinates":[78.26413,30.0783]},"properties":{"id":"osm:n7704040279","kind":"settlement","subtype":"suburb","name":"IDPL Colony","population":5000,"populationEstimated":true}},{"type":"Feature","geometry":{"type":"Point","coordinates":[78.61439,30.3623]},"properties":{"id":"osm:n7846778069","kind":"settlement","subtype":"hamlet","name":"kwanli","population":150,"populationEstimated":true}},{"type":"Feature","geometry":{"type":"Point","coordinates":[78.64061,30.39318]},"properties":{"id":"osm:n7846778072","kind":"settlement","subtype":"hamlet","name":"vanchuri","population":150,"populationEstimated":true}},{"type":"Feature","geometry":{"type":"Point","coordinates":[78.6126,30.38812]},"properties":{"id":"osm:n7846778073","kind":"settlement","subtype":"hamlet","name":"salugi gad","population":150,"populationEstimated":true}},{"type":"Feature","geometry":{"type":"Point","coordinates":[78.61235,30.38467]},"properties":{"id":"osm:n7846778075","kind":"settlement","subtype":"hamlet","name":"langu","population":150,"populationEstimated":true}},{"type":"Feature","geometry":{"type":"Point","coordinates":[78.62035,30.39959]},"properties":{"id":"osm:n7846778077","kind":"settlement","subtype":"hamlet","name":"indrola","population":150,"populationEstimated":true}},{"type":"Feature","geometry":{"type":"Point","coordinates":[78.63694,30.41569]},"properties":{"id":"osm:n7846778080","kind":"settlement","subtype":"hamlet","name":"pilkhi","population":150,"populationEstimated":true}},{"type":"Feature","geometry":{"type":"Point","coordinates":[78.62122,30.41812]},"properties":{"id":"osm:n7846778083","kind":"settlement","subtype":"hamlet","name":"pipola","population":150,"populationEstimated":true}},{"type":"Feature","geometry":{"type":"Point","coordinates":[78.65788,30.41121]},"properties":{"id":"osm:n7846885744","kind":"settlement","subtype":"hamlet","name":"thapta","population":150,"populationEstimated":true}},{"type":"Feature","geometry":{"type":"Point","coordinates":[78.5254,30.41785]},"properties":{"id":"osm:n7849319623","kind":"settlement","subtype":"hamlet","name":"kaphlog","population":150,"populationEstimated":true}},{"type":"Feature","geometry":{"type":"Point","coordinates":[78.54511,30.39074]},"properties":{"id":"osm:n7849443768","kind":"settlement","subtype":"hamlet","name":"siloli","population":150,"populationEstimated":true}},{"type":"Feature","geometry":{"type":"Point","coordinates":[78.5424,30.39446]},"properties":{"id":"osm:n7849443769","kind":"settlement","subtype":"hamlet","name":"kotchaunri","population":150,"populationEstimated":true}},{"type":"Feature","geometry":{"type":"Point","coordinates":[78.53075,30.39967]},"properties":{"id":"osm:n7849443771","kind":"settlement","subtype":"hamlet","name":"bhasli","population":150,"populationEstimated":true}},{"type":"Feature","geometry":{"type":"Point","coordinates":[78.53261,30.39139]},"properties":{"id":"osm:n7849443773","kind":"settlement","subtype":"hamlet","name":"pachri","population":150,"populationEstimated":true}},{"type":"Feature","geometry":{"type":"Point","coordinates":[78.52836,30.38588]},"properties":{"id":"osm:n7849443774","kind":"settlement","subtype":"hamlet","name":"nargarh","population":150,"populationEstimated":true}},{"type":"Feature","geometry":{"type":"Point","coordinates":[78.51449,30.38893]},"properties":{"id":"osm:n7849443776","kind":"settlement","subtype":"hamlet","name":"belthasaur","population":150,"populationEstimated":true}},{"type":"Feature","geometry":{"type":"Point","coordinates":[78.5108,30.39703]},"properties":{"id":"osm:n7849443777","kind":"settlement","subtype":"hamlet","name":"ganoli","population":150,"populationEstimated":true}},{"type":"Feature","geometry":{"type":"Point","coordinates":[78.52106,30.40313]},"properties":{"id":"osm:n7849443779","kind":"settlement","subtype":"village","name":"nelra","population":1000,"populationEstimated":true}},{"type":"Feature","geometry":{"type":"Point","coordinates":[78.50296,30.40365]},"properties":{"id":"osm:n7849443781","kind":"settlement","subtype":"hamlet","name":"kathuli","population":150,"populationEstimated":true}},{"type":"Feature","geometry":{"type":"Point","coordinates":[78.50819,30.40763]},"properties":{"id":"osm:n7849443784","kind":"settlement","subtype":"hamlet","name":"badil","population":150,"populationEstimated":true}},{"type":"Feature","geometry":{"type":"Point","coordinates":[78.51171,30.41421]},"properties":{"id":"osm:n7849464486","kind":"settlement","subtype":"hamlet","name":"bisatli","population":150,"populationEstimated":true}},{"type":"Feature","geometry":{"type":"Point","coordinates":[78.50513,30.41462]},"properties":{"id":"osm:n7849464487","kind":"settlement","subtype":"hamlet","name":"rindol","population":150,"populationEstimated":true}},{"type":"Feature","geometry":{"type":"Point","coordinates":[78.53527,30.3663]},"properties":{"id":"osm:n7849487212","kind":"settlement","subtype":"village","name":"cholgaon","population":1000,"populationEstimated":true}},{"type":"Feature","geometry":{"type":"Point","coordinates":[78.53519,30.37042]},"properties":{"id":"osm:n7849487213","kind":"settlement","subtype":"hamlet","name":"barkot","population":150,"populationEstimated":true}},{"type":"Feature","geometry":{"type":"Point","coordinates":[78.52655,30.36722]},"properties":{"id":"osm:n7849487216","kind":"settlement","subtype":"hamlet","name":"bhatkanda","population":150,"populationEstimated":true}},{"type":"Feature","geometry":{"type":"Point","coordinates":[78.52023,30.37573]},"properties":{"id":"osm:n7849487217","kind":"settlement","subtype":"hamlet","name":"pipola","population":150,"populationEstimated":true}},{"type":"Feature","geometry":{"type":"Point","coordinates":[78.51467,30.37578]},"properties":{"id":"osm:n7849487218","kind":"settlement","subtype":"hamlet","name":"uthar","population":150,"populationEstimated":true}},{"type":"Feature","geometry":{"type":"Point","coordinates":[78.51081,30.36207]},"properties":{"id":"osm:n7849487223","kind":"settlement","subtype":"hamlet","name":"geonli","population":150,"populationEstimated":true}},{"type":"Feature","geometry":{"type":"Point","coordinates":[78.50206,30.36828]},"properties":{"id":"osm:n7849487224","kind":"settlement","subtype":"hamlet","name":"tipri","population":150,"populationEstimated":true}},{"type":"Feature","geometry":{"type":"Point","coordinates":[78.5007,30.37601]},"properties":{"id":"osm:n7849487225","kind":"settlement","subtype":"hamlet","name":"tipri","population":150,"populationEstimated":true}},{"type":"Feature","geometry":{"type":"Point","coordinates":[78.58081,30.36824]},"properties":{"id":"osm:n7850045838","kind":"settlement","subtype":"hamlet","name":"kandi","population":150,"populationEstimated":true}},{"type":"Feature","geometry":{"type":"Point","coordinates":[78.57091,30.36421]},"properties":{"id":"osm:n7850045839","kind":"settlement","subtype":"hamlet","name":"gadoliya","population":150,"populationEstimated":true}},{"type":"Feature","geometry":{"type":"Point","coordinates":[78.56275,30.36291]},"properties":{"id":"osm:n7850045843","kind":"settlement","subtype":"hamlet","name":"chah","population":150,"populationEstimated":true}},{"type":"Feature","geometry":{"type":"Point","coordinates":[78.56339,30.36611]},"properties":{"id":"osm:n7850045844","kind":"settlement","subtype":"hamlet","name":"undoli","population":150,"populationEstimated":true}},{"type":"Feature","geometry":{"type":"Point","coordinates":[78.5655,30.36969]},"properties":{"id":"osm:n7850045846","kind":"settlement","subtype":"hamlet","name":"raswari","population":150,"populationEstimated":true}},{"type":"Feature","geometry":{"type":"Point","coordinates":[78.56786,30.38276]},"properties":{"id":"osm:n7850045854","kind":"settlement","subtype":"hamlet","name":"myunda","population":150,"populationEstimated":true}},{"type":"Feature","geometry":{"type":"Point","coordinates":[78.55789,30.39622]},"properties":{"id":"osm:n7850045858","kind":"settlement","subtype":"hamlet","name":"chaund","population":150,"populationEstimated":true}},{"type":"Feature","geometry":{"type":"Point","coordinates":[78.55585,30.39406]},"properties":{"id":"osm:n7850045859","kind":"settlement","subtype":"hamlet","name":"kolgaon","population":150,"populationEstimated":true}},{"type":"Feature","geometry":{"type":"Point","coordinates":[78.55392,30.39811]},"properties":{"id":"osm:n7850045860","kind":"settlement","subtype":"hamlet","name":"bhatwara","population":150,"populationEstimated":true}},{"type":"Feature","geometry":{"type":"Point","coordinates":[78.5812,30.39894]},"properties":{"id":"osm:n7850045862","kind":"settlement","subtype":"hamlet","name":"sarphal","population":150,"populationEstimated":true}},{"type":"Feature","geometry":{"type":"Point","coordinates":[78.58081,30.41007]},"properties":{"id":"osm:n7850045865","kind":"settlement","subtype":"hamlet","name":"that","population":150,"populationEstimated":true}},{"type":"Feature","geometry":{"type":"Point","coordinates":[78.59409,30.4038]},"properties":{"id":"osm:n7850089299","kind":"settlement","subtype":"hamlet","name":"nanuwan","population":150,"populationEstimated":true}},{"type":"Feature","geometry":{"type":"Point","coordinates":[78.58319,30.40725]},"properties":{"id":"osm:n7850089300","kind":"settlement","subtype":"hamlet","name":"musankn","population":150,"populationEstimated":true}},{"type":"Feature","geometry":{"type":"Point","coordinates":[78.60023,30.40434]},"properties":{"id":"osm:n7850089301","kind":"settlement","subtype":"hamlet","name":"ghanti","population":150,"populationEstimated":true}},{"type":"Feature","geometry":{"type":"Point","coordinates":[78.60585,30.40084]},"properties":{"id":"osm:n7850089311","kind":"settlement","subtype":"hamlet","name":"padagali","population":150,"populationEstimated":true}},{"type":"Feature","geometry":{"type":"Point","coordinates":[78.60537,30.39384]},"properties":{"id":"osm:n7850089313","kind":"settlement","subtype":"hamlet","name":"patala","population":150,"populationEstimated":true}},{"type":"Feature","geometry":{"type":"Point","coordinates":[78.59788,30.3945]},"properties":{"id":"osm:n7850089314","kind":"settlement","subtype":"hamlet","name":"pauridhar","population":150,"populationEstimated":true}},{"type":"Feature","geometry":{"type":"Point","coordinates":[78.48167,30.41252]},"properties":{"id":"osm:n7852043550","kind":"settlement","subtype":"hamlet","name":"Barakhali","population":150,"populationEstimated":true}},{"type":"Feature","geometry":{"type":"Point","coordinates":[78.49205,30.41499]},"properties":{"id":"osm:n7852043554","kind":"settlement","subtype":"hamlet","name":"Barudi","population":150,"populationEstimated":true}},{"type":"Feature","geometry":{"type":"Point","coordinates":[78.48693,30.41896]},"properties":{"id":"osm:n7852043555","kind":"settlement","subtype":"hamlet","name":"Dangi","population":150,"populationEstimated":true}},{"type":"Feature","geometry":{"type":"Point","coordinates":[78.48886,30.4173]},"properties":{"id":"osm:n7852043556","kind":"settlement","subtype":"hamlet","name":"Khola","population":150,"populationEstimated":true}},{"type":"Feature","geometry":{"type":"Point","coordinates":[78.48637,30.40597]},"properties":{"id":"osm:n7852043557","kind":"settlement","subtype":"hamlet","name":"Jalwalgoan Talla","population":150,"populationEstimated":true}},{"type":"Feature","geometry":{"type":"Point","coordinates":[78.48972,30.40989]},"properties":{"id":"osm:n7852043558","kind":"settlement","subtype":"hamlet","name":"Jalwalgoan Malla","population":150,"populationEstimated":true}},{"type":"Feature","geometry":{"type":"Point","coordinates":[78.48199,30.41811]},"properties":{"id":"osm:n7852043559","kind":"settlement","subtype":"hamlet","name":"Kangsali","population":150,"populationEstimated":true}},{"type":"Feature","geometry":{"type":"Point","coordinates":[78.47388,30.41989]},"properties":{"id":"osm:n7852043560","kind":"settlement","subtype":"hamlet","name":"Nautar","population":150,"populationEstimated":true}},{"type":"Feature","geometry":{"type":"Point","coordinates":[78.38556,30.39542]},"properties":{"id":"osm:n7852995978","kind":"settlement","subtype":"hamlet","name":"ganogi","population":150,"populationEstimated":true}},{"type":"Feature","geometry":{"type":"Point","coordinates":[78.37842,30.38146]},"properties":{"id":"osm:n7853017085","kind":"settlement","subtype":"hamlet","name":"kanthargaon","population":150,"populationEstimated":true}},{"type":"Feature","geometry":{"type":"Point","coordinates":[78.37885,30.37797]},"properties":{"id":"osm:n7853017086","kind":"settlement","subtype":"hamlet","name":"Silkoti","population":150,"populationEstimated":true}},{"type":"Feature","geometry":{"type":"Point","coordinates":[78.38455,30.3755]},"properties":{"id":"osm:n7853017087","kind":"settlement","subtype":"hamlet","name":"manjyargaon","population":150,"populationEstimated":true}},{"type":"Feature","geometry":{"type":"Point","coordinates":[78.39657,30.37491]},"properties":{"id":"osm:n7853017088","kind":"settlement","subtype":"hamlet","name":"Kulogi","population":150,"populationEstimated":true}},{"type":"Feature","geometry":{"type":"Point","coordinates":[78.39299,30.37636]},"properties":{"id":"osm:n7853017089","kind":"settlement","subtype":"hamlet","name":"Kotigar","population":150,"populationEstimated":true}},{"type":"Feature","geometry":{"type":"Point","coordinates":[78.397,30.38078]},"properties":{"id":"osm:n7853017090","kind":"settlement","subtype":"hamlet","name":"Muriagaon","population":150,"populationEstimated":true}},{"type":"Feature","geometry":{"type":"Point","coordinates":[78.39966,30.38315]},"properties":{"id":"osm:n7853017091","kind":"settlement","subtype":"hamlet","name":"Dadur","population":150,"populationEstimated":true}},{"type":"Feature","geometry":{"type":"Point","coordinates":[78.40129,30.38541]},"properties":{"id":"osm:n7853017092","kind":"settlement","subtype":"hamlet","name":"Nandgaon","population":150,"populationEstimated":true}},{"type":"Feature","geometry":{"type":"Point","coordinates":[78.38365,30.38528]},"properties":{"id":"osm:n7853017093","kind":"settlement","subtype":"hamlet","name":"Kharikhal","population":150,"populationEstimated":true}},{"type":"Feature","geometry":{"type":"Point","coordinates":[78.38507,30.38828]},"properties":{"id":"osm:n7853017094","kind":"settlement","subtype":"hamlet","name":"kemargaon","population":150,"populationEstimated":true}},{"type":"Feature","geometry":{"type":"Point","coordinates":[78.40481,30.39016]},"properties":{"id":"osm:n7853017095","kind":"settlement","subtype":"hamlet","name":"Srikot","population":150,"populationEstimated":true}},{"type":"Feature","geometry":{"type":"Point","coordinates":[78.42344,30.39996]},"properties":{"id":"osm:n7853017096","kind":"settlement","subtype":"hamlet","name":"Pali","population":150,"populationEstimated":true}},{"type":"Feature","geometry":{"type":"Point","coordinates":[78.41756,30.39936]},"properties":{"id":"osm:n7853017097","kind":"settlement","subtype":"hamlet","name":"nagot","population":150,"populationEstimated":true}},{"type":"Feature","geometry":{"type":"Point","coordinates":[78.41108,30.3989]},"properties":{"id":"osm:n7853017098","kind":"settlement","subtype":"hamlet","name":"Korai","population":150,"populationEstimated":true}},{"type":"Feature","geometry":{"type":"Point","coordinates":[78.41438,30.40108]},"properties":{"id":"osm:n7853017099","kind":"settlement","subtype":"hamlet","name":"malathi","population":150,"populationEstimated":true}},{"type":"Feature","geometry":{"type":"Point","coordinates":[78.41316,30.40558]},"properties":{"id":"osm:n7853017100","kind":"settlement","subtype":"hamlet","name":"nakot","population":150,"populationEstimated":true}},{"type":"Feature","geometry":{"type":"Point","coordinates":[78.39479,30.40858]},"properties":{"id":"osm:n7853017102","kind":"settlement","subtype":"hamlet","name":"Bhaindi","population":150,"populationEstimated":true}},{"type":"Feature","geometry":{"type":"Point","coordinates":[78.39282,30.40995]},"properties":{"id":"osm:n7853017103","kind":"settlement","subtype":"hamlet","name":"khark","population":150,"populationEstimated":true}},{"type":"Feature","geometry":{"type":"Point","coordinates":[78.3917,30.41139]},"properties":{"id":"osm:n7853017104","kind":"settlement","subtype":"hamlet","name":"Gwalgaon","population":150,"populationEstimated":true}},{"type":"Feature","geometry":{"type":"Point","coordinates":[78.39932,30.41274]},"properties":{"id":"osm:n7853017105","kind":"settlement","subtype":"hamlet","name":"Kaphalpani","population":150,"populationEstimated":true}},{"type":"Feature","geometry":{"type":"Point","coordinates":[78.3982,30.41743]},"properties":{"id":"osm:n7853017106","kind":"settlement","subtype":"hamlet","name":"Semwalgaon","population":150,"populationEstimated":true}},{"type":"Feature","geometry":{"type":"Point","coordinates":[78.39103,30.41722]},"properties":{"id":"osm:n7853017107","kind":"settlement","subtype":"hamlet","name":"margaon","population":150,"populationEstimated":true}},{"type":"Feature","geometry":{"type":"Point","coordinates":[78.41929,30.40479]},"properties":{"id":"osm:n7853017109","kind":"settlement","subtype":"hamlet","name":"baur","population":150,"populationEstimated":true}},{"type":"Feature","geometry":{"type":"Point","coordinates":[78.40762,30.39383]},"properties":{"id":"osm:n7853017110","kind":"settlement","subtype":"hamlet","name":"Jugargaon","population":150,"populationEstimated":true}},{"type":"Feature","geometry":{"type":"Point","coordinates":[78.41672,30.39424]},"properties":{"id":"osm:n7853017111","kind":"settlement","subtype":"hamlet","name":"bergani","population":150,"populationEstimated":true}},{"type":"Feature","geometry":{"type":"Point","coordinates":[78.43494,30.39524]},"properties":{"id":"osm:n7853017113","kind":"settlement","subtype":"village","name":"jaspur","population":1000,"populationEstimated":true}},{"type":"Feature","geometry":{"type":"Point","coordinates":[78.44258,30.39668]},"properties":{"id":"osm:n7853017115","kind":"settlement","subtype":"hamlet","name":"Jakh","population":150,"populationEstimated":true}},{"type":"Feature","geometry":{"type":"Point","coordinates":[78.45401,30.39229]},"properties":{"id":"osm:n7853017116","kind":"settlement","subtype":"hamlet","name":"kutha","population":150,"populationEstimated":true}},{"type":"Feature","geometry":{"type":"Point","coordinates":[78.45931,30.39994]},"properties":{"id":"osm:n7853017117","kind":"settlement","subtype":"hamlet","name":"Gajna","population":150,"populationEstimated":true}},{"type":"Feature","geometry":{"type":"Point","coordinates":[78.45609,30.40399]},"properties":{"id":"osm:n7853017118","kind":"settlement","subtype":"hamlet","name":"Koti","population":150,"populationEstimated":true}},{"type":"Feature","geometry":{"type":"Point","coordinates":[78.45318,30.41087]},"properties":{"id":"osm:n7853017119","kind":"settlement","subtype":"village","name":"Balasi Dobata","population":1000,"populationEstimated":true}},{"type":"Feature","geometry":{"type":"Point","coordinates":[78.40352,30.41789]},"properties":{"id":"osm:n7853017120","kind":"settlement","subtype":"hamlet","name":"Narsingh Dhar","population":150,"populationEstimated":true}},{"type":"Feature","geometry":{"type":"Point","coordinates":[78.40739,30.41902]},"properties":{"id":"osm:n7853017121","kind":"settlement","subtype":"hamlet","name":"Dobri","population":150,"populationEstimated":true}},{"type":"Feature","geometry":{"type":"Point","coordinates":[78.40178,30.40669]},"properties":{"id":"osm:n7853795292","kind":"settlement","subtype":"hamlet","name":"Dang talla","population":150,"populationEstimated":true}},{"type":"Feature","geometry":{"type":"Point","coordinates":[78.4066,30.4034]},"properties":{"id":"osm:n7853795293","kind":"settlement","subtype":"hamlet","name":"Kirganni","population":150,"populationEstimated":true}},{"type":"Feature","geometry":{"type":"Point","coordinates":[78.49774,30.39518]},"properties":{"id":"osm:n7853795296","kind":"settlement","subtype":"hamlet","name":"Sandana","population":150,"populationEstimated":true}},{"type":"Feature","geometry":{"type":"Point","coordinates":[78.39805,30.40445]},"properties":{"id":"osm:n7853797393","kind":"settlement","subtype":"hamlet","name":"Bankot","population":150,"populationEstimated":true}},{"type":"Feature","geometry":{"type":"Point","coordinates":[78.41136,30.40897]},"properties":{"id":"osm:n7853797394","kind":"settlement","subtype":"hamlet","name":"Baromangaon","population":150,"populationEstimated":true}},{"type":"Feature","geometry":{"type":"Point","coordinates":[78.40921,30.40745]},"properties":{"id":"osm:n7853797395","kind":"settlement","subtype":"hamlet","name":"Dang malla","population":150,"populationEstimated":true}},{"type":"Feature","geometry":{"type":"Point","coordinates":[78.41404,30.40808]},"properties":{"id":"osm:n7853797396","kind":"settlement","subtype":"hamlet","name":"Jaulangi","population":150,"populationEstimated":true}},{"type":"Feature","geometry":{"type":"Point","coordinates":[78.41586,30.38013]},"properties":{"id":"osm:n7853797398","kind":"settlement","subtype":"hamlet","name":"Jaledi","population":150,"populationEstimated":true}},{"type":"Feature","geometry":{"type":"Point","coordinates":[78.44618,30.38072]},"properties":{"id":"osm:n7853797400","kind":"settlement","subtype":"village","name":"Pipli","population":1000,"populationEstimated":true}},{"type":"Feature","geometry":{"type":"Point","coordinates":[78.44356,30.37399]},"properties":{"id":"osm:n7853797401","kind":"settlement","subtype":"village","name":"Kemsari","population":1000,"populationEstimated":true}},{"type":"Feature","geometry":{"type":"Point","coordinates":[78.46153,30.37184]},"properties":{"id":"osm:n7853797402","kind":"settlement","subtype":"hamlet","name":"khemra","population":150,"populationEstimated":true}},{"type":"Feature","geometry":{"type":"Point","coordinates":[78.46786,30.37763]},"properties":{"id":"osm:n7853797403","kind":"settlement","subtype":"hamlet","name":"Alum","population":150,"populationEstimated":true}},{"type":"Feature","geometry":{"type":"Point","coordinates":[78.46637,30.38039]},"properties":{"id":"osm:n7853797404","kind":"settlement","subtype":"hamlet","name":"Kathiagaon","population":150,"populationEstimated":true}},{"type":"Feature","geometry":{"type":"Point","coordinates":[78.46652,30.38309]},"properties":{"id":"osm:n7853797405","kind":"settlement","subtype":"hamlet","name":"Dibanu","population":150,"populationEstimated":true}},{"type":"Feature","geometry":{"type":"Point","coordinates":[78.45047,30.37815]},"properties":{"id":"osm:n7853797406","kind":"settlement","subtype":"hamlet","name":"pInola talla","population":150,"populationEstimated":true}},{"type":"Feature","geometry":{"type":"Point","coordinates":[78.45805,30.38152]},"properties":{"id":"osm:n7853797407","kind":"settlement","subtype":"hamlet","name":"pInola Malla","population":150,"populationEstimated":true}},{"type":"Feature","geometry":{"type":"Point","coordinates":[78.46071,30.38174]},"properties":{"id":"osm:n7853797408","kind":"settlement","subtype":"hamlet","name":"bagi","population":150,"populationEstimated":true}},{"type":"Feature","geometry":{"type":"Point","coordinates":[78.45451,30.38159]},"properties":{"id":"osm:n7853797410","kind":"settlement","subtype":"hamlet","name":"Kund","population":150,"populationEstimated":true}},{"type":"Feature","geometry":{"type":"Point","coordinates":[78.42981,30.41683]},"properties":{"id":"osm:n7853797433","kind":"settlement","subtype":"hamlet","name":"Jiundasu","population":150,"populationEstimated":true}},{"type":"Feature","geometry":{"type":"Point","coordinates":[78.4267,30.40227]},"properties":{"id":"osm:n7853797450","kind":"settlement","subtype":"hamlet","name":"Nagar","population":150,"populationEstimated":true}},{"type":"Feature","geometry":{"type":"Point","coordinates":[78.4344,30.40532]},"properties":{"id":"osm:n7853797451","kind":"settlement","subtype":"hamlet","name":"Ramgaon","population":150,"populationEstimated":true}},{"type":"Feature","geometry":{"type":"Point","coordinates":[78.43946,30.40869]},"properties":{"id":"osm:n7853797452","kind":"settlement","subtype":"hamlet","name":"Jhulakgaon","population":150,"populationEstimated":true}},{"type":"Feature","geometry":{"type":"Point","coordinates":[78.44526,30.41352]},"properties":{"id":"osm:n7853797453","kind":"settlement","subtype":"hamlet","name":"Tiwargaon","population":150,"populationEstimated":true}},{"type":"Feature","geometry":{"type":"Point","coordinates":[78.44189,30.41811]},"properties":{"id":"osm:n7853797454","kind":"settlement","subtype":"hamlet","name":"Marora","population":150,"populationEstimated":true}},{"type":"Feature","geometry":{"type":"Point","coordinates":[78.39429,30.38769]},"properties":{"id":"osm:n7854142345","kind":"settlement","subtype":"village","name":"Dikholgaon","population":1000,"populationEstimated":true}},{"type":"Feature","geometry":{"type":"Point","coordinates":[78.33387,30.39744]},"properties":{"id":"osm:n7856628347","kind":"settlement","subtype":"hamlet","name":"Saur","population":150,"populationEstimated":true}},{"type":"Feature","geometry":{"type":"Point","coordinates":[78.31956,30.3982]},"properties":{"id":"osm:n7856628350","kind":"settlement","subtype":"hamlet","name":"khuret","population":150,"populationEstimated":true}},{"type":"Feature","geometry":{"type":"Point","coordinates":[78.32316,30.39107]},"properties":{"id":"osm:n7856628351","kind":"settlement","subtype":"hamlet","name":"Pujalri","population":150,"populationEstimated":true}},{"type":"Feature","geometry":{"type":"Point","coordinates":[78.31572,30.37678]},"properties":{"id":"osm:n7856628354","kind":"settlement","subtype":"hamlet","name":"Badyo","population":150,"populationEstimated":true}},{"type":"Feature","geometry":{"type":"Point","coordinates":[78.30231,30.3758]},"properties":{"id":"osm:n7856628355","kind":"settlement","subtype":"hamlet","name":"Buranskanda","population":150,"populationEstimated":true}},{"type":"Feature","geometry":{"type":"Point","coordinates":[78.28439,30.37382]},"properties":{"id":"osm:n7856628356","kind":"settlement","subtype":"hamlet","name":"Satyun","population":150,"populationEstimated":true}},{"type":"Feature","geometry":{"type":"Point","coordinates":[78.28875,30.37173]},"properties":{"id":"osm:n7856628357","kind":"settlement","subtype":"hamlet","name":"Jargaon","population":150,"populationEstimated":true}},{"type":"Feature","geometry":{"type":"Point","coordinates":[78.28306,30.37832]},"properties":{"id":"osm:n7856628358","kind":"settlement","subtype":"hamlet","name":"Pujiargaon","population":150,"populationEstimated":true}},{"type":"Feature","geometry":{"type":"Point","coordinates":[78.29651,30.39008]},"properties":{"id":"osm:n7856628359","kind":"settlement","subtype":"hamlet","name":"Umelgaon","population":150,"populationEstimated":true}},{"type":"Feature","geometry":{"type":"Point","coordinates":[78.28939,30.38961]},"properties":{"id":"osm:n7856628360","kind":"settlement","subtype":"village","name":"Haveli","population":1000,"populationEstimated":true}},{"type":"Feature","geometry":{"type":"Point","coordinates":[78.3283,30.41933]},"properties":{"id":"osm:n7856663551","kind":"settlement","subtype":"hamlet","name":"Raunshkhal","population":150,"populationEstimated":true}},{"type":"Feature","geometry":{"type":"Point","coordinates":[78.32119,30.41533]},"properties":{"id":"osm:n7856663552","kind":"settlement","subtype":"village","name":"Kanatal","population":1000,"populationEstimated":true}},{"type":"Feature","geometry":{"type":"Point","coordinates":[78.3475,30.41237]},"properties":{"id":"osm:n7856727584","kind":"settlement","subtype":"hamlet","name":"Borgad","population":150,"populationEstimated":true}},{"type":"Feature","geometry":{"type":"Point","coordinates":[78.34179,30.41134]},"properties":{"id":"osm:n7856731285","kind":"settlement","subtype":"hamlet","name":"Thangdhar","population":150,"populationEstimated":true}},{"type":"Feature","geometry":{"type":"Point","coordinates":[78.32883,30.40852]},"properties":{"id":"osm:n7856731286","kind":"settlement","subtype":"hamlet","name":"Shangaon","population":150,"populationEstimated":true}},{"type":"Feature","geometry":{"type":"Point","coordinates":[78.25476,30.37239]},"properties":{"id":"osm:n7856731287","kind":"settlement","subtype":"hamlet","name":"Bangoli","population":150,"populationEstimated":true}},{"type":"Feature","geometry":{"type":"Point","coordinates":[78.25338,30.3795]},"properties":{"id":"osm:n7856731288","kind":"settlement","subtype":"hamlet","name":"Saolwani","population":150,"populationEstimated":true}},{"type":"Feature","geometry":{"type":"Point","coordinates":[78.34913,30.37534]},"properties":{"id":"osm:n7856839138","kind":"settlement","subtype":"hamlet","name":"Chilam","population":150,"populationEstimated":true}},{"type":"Feature","geometry":{"type":"Point","coordinates":[78.35788,30.3735]},"properties":{"id":"osm:n7856839139","kind":"settlement","subtype":"hamlet","name":"Ganogi","population":150,"populationEstimated":true}},{"type":"Feature","geometry":{"type":"Point","coordinates":[78.36445,30.38072]},"properties":{"id":"osm:n7856839140","kind":"settlement","subtype":"village","name":"Udkot Maniyar","population":1000,"populationEstimated":true}},{"type":"Feature","geometry":{"type":"Point","coordinates":[78.36441,30.37995]},"properties":{"id":"osm:n7856839141","kind":"settlement","subtype":"hamlet","name":"Churardhar","population":150,"populationEstimated":true}},{"type":"Feature","geometry":{"type":"Point","coordinates":[78.35305,30.38374]},"properties":{"id":"osm:n7856839142","kind":"settlement","subtype":"hamlet","name":"Dharkot","population":150,"populationEstimated":true}},{"type":"Feature","geometry":{"type":"Point","coordinates":[78.35357,30.38624]},"properties":{"id":"osm:n7856839143","kind":"settlement","subtype":"hamlet","name":"Silogi","population":150,"populationEstimated":true}},{"type":"Feature","geometry":{"type":"Point","coordinates":[78.36007,30.39016]},"properties":{"id":"osm:n7856839144","kind":"settlement","subtype":"hamlet","name":"Choprialgaon","population":150,"populationEstimated":true}},{"type":"Feature","geometry":{"type":"Point","coordinates":[78.35196,30.39115]},"properties":{"id":"osm:n7856839145","kind":"settlement","subtype":"hamlet","name":"Chaurani","population":150,"populationEstimated":true}},{"type":"Feature","geometry":{"type":"Point","coordinates":[78.34852,30.41892]},"properties":{"id":"osm:n7858004683","kind":"settlement","subtype":"hamlet","name":"Dhangdhar","population":150,"populationEstimated":true}},{"type":"Feature","geometry":{"type":"Point","coordinates":[78.35765,30.41752]},"properties":{"id":"osm:n7858004684","kind":"settlement","subtype":"hamlet","name":"Molakharak","population":150,"populationEstimated":true}},{"type":"Feature","geometry":{"type":"Point","coordinates":[78.28209,30.40232]},"properties":{"id":"osm:n7858062617","kind":"settlement","subtype":"hamlet","name":"Kalaban","population":150,"populationEstimated":true}},{"type":"Feature","geometry":{"type":"Point","coordinates":[78.3675,30.39638]},"properties":{"id":"osm:n7858062625","kind":"settlement","subtype":"hamlet","name":"Chauki Chunnrani","population":150,"populationEstimated":true}},{"type":"Feature","geometry":{"type":"Point","coordinates":[78.34102,30.39864]},"properties":{"id":"osm:n7858062626","kind":"settlement","subtype":"hamlet","name":"Nager","population":150,"populationEstimated":true}},{"type":"Feature","geometry":{"type":"Point","coordinates":[78.34576,30.39785]},"properties":{"id":"osm:n7858062627","kind":"settlement","subtype":"hamlet","name":"kand","population":150,"populationEstimated":true}},{"type":"Feature","geometry":{"type":"Point","coordinates":[78.33758,30.39257]},"properties":{"id":"osm:n7858062628","kind":"settlement","subtype":"hamlet","name":"DHungli","population":150,"populationEstimated":true}},{"type":"Feature","geometry":{"type":"Point","coordinates":[78.34336,30.38937]},"properties":{"id":"osm:n7858062629","kind":"settlement","subtype":"hamlet","name":"Sonargaon","population":150,"populationEstimated":true}},{"type":"Feature","geometry":{"type":"Point","coordinates":[78.34235,30.38657]},"properties":{"id":"osm:n7858062630","kind":"settlement","subtype":"hamlet","name":"kakhwari","population":150,"populationEstimated":true}},{"type":"Feature","geometry":{"type":"Point","coordinates":[78.27043,30.40506]},"properties":{"id":"osm:n7858062634","kind":"settlement","subtype":"hamlet","name":"Tegna","population":150,"populationEstimated":true}},{"type":"Feature","geometry":{"type":"Point","coordinates":[78.26313,30.41537]},"properties":{"id":"osm:n7858062648","kind":"settlement","subtype":"hamlet","name":"Patwaldhar","population":150,"populationEstimated":true}},{"type":"Feature","geometry":{"type":"Point","coordinates":[78.62728,30.35113]},"properties":{"id":"osm:n7861377454","kind":"settlement","subtype":"hamlet","name":"magron","population":150,"populationEstimated":true}},{"type":"Feature","geometry":{"type":"Point","coordinates":[78.61687,30.34591]},"properties":{"id":"osm:n7861377455","kind":"settlement","subtype":"hamlet","name":"silor","population":150,"populationEstimated":true}},{"type":"Feature","geometry":{"type":"Point","coordinates":[78.6463,30.3589]},"properties":{"id":"osm:n7861377456","kind":"settlement","subtype":"hamlet","name":"paluni","population":150,"populationEstimated":true}},{"type":"Feature","geometry":{"type":"Point","coordinates":[78.63197,30.35886]},"properties":{"id":"osm:n7861377457","kind":"settlement","subtype":"hamlet","name":"pali","population":150,"populationEstimated":true}},{"type":"Feature","geometry":{"type":"Point","coordinates":[78.60448,30.34947]},"properties":{"id":"osm:n7861377458","kind":"settlement","subtype":"hamlet","name":"lavoigaon","population":150,"populationEstimated":true}},{"type":"Feature","geometry":{"type":"Point","coordinates":[78.62953,30.32457]},"properties":{"id":"osm:n7861409929","kind":"settlement","subtype":"hamlet","name":"machyarri","population":150,"populationEstimated":true}},{"type":"Feature","geometry":{"type":"Point","coordinates":[78.64697,30.33434]},"properties":{"id":"osm:n7861409930","kind":"settlement","subtype":"hamlet","name":"amoli","population":150,"populationEstimated":true}},{"type":"Feature","geometry":{"type":"Point","coordinates":[78.63886,30.33631]},"properties":{"id":"osm:n7861409931","kind":"settlement","subtype":"hamlet","name":"dhaulangi","population":150,"populationEstimated":true}},{"type":"Feature","geometry":{"type":"Point","coordinates":[78.6299,30.33948]},"properties":{"id":"osm:n7861409932","kind":"settlement","subtype":"hamlet","name":"kwili","population":150,"populationEstimated":true}},{"type":"Feature","geometry":{"type":"Point","coordinates":[78.61834,30.33427]},"properties":{"id":"osm:n7861409934","kind":"settlement","subtype":"hamlet","name":"silor","population":150,"populationEstimated":true}},{"type":"Feature","geometry":{"type":"Point","coordinates":[78.35132,30.34751]},"properties":{"id":"osm:n7862001384","kind":"settlement","subtype":"hamlet","name":"Kurialgaon","population":150,"populationEstimated":true}},{"type":"Feature","geometry":{"type":"Point","coordinates":[78.35977,30.36232]},"properties":{"id":"osm:n7862005641","kind":"settlement","subtype":"hamlet","name":"Tilwalgaon","population":150,"populationEstimated":true}},{"type":"Feature","geometry":{"type":"Point","coordinates":[78.35153,30.36043]},"properties":{"id":"osm:n7862005642","kind":"settlement","subtype":"hamlet","name":"Dangsari","population":150,"populationEstimated":true}},{"type":"Feature","geometry":{"type":"Point","coordinates":[78.34655,30.35203]},"properties":{"id":"osm:n7862005643","kind":"settlement","subtype":"hamlet","name":"gwar","population":150,"populationEstimated":true}},{"type":"Feature","geometry":{"type":"Point","coordinates":[78.36142,30.33705]},"properties":{"id":"osm:n7862005644","kind":"settlement","subtype":"hamlet","name":"kildagi","population":150,"populationEstimated":true}},{"type":"Feature","geometry":{"type":"Point","coordinates":[78.36325,30.34097]},"properties":{"id":"osm:n7862005645","kind":"settlement","subtype":"hamlet","name":"Sudhara","population":150,"populationEstimated":true}},{"type":"Feature","geometry":{"type":"Point","coordinates":[78.35535,30.35392]},"properties":{"id":"osm:n7862020085","kind":"settlement","subtype":"hamlet","name":"Kemrigaon","population":150,"populationEstimated":true}},{"type":"Feature","geometry":{"type":"Point","coordinates":[78.36453,30.34884]},"properties":{"id":"osm:n7862020086","kind":"settlement","subtype":"hamlet","name":"Dyuu","population":150,"populationEstimated":true}},{"type":"Feature","geometry":{"type":"Point","coordinates":[78.36301,30.33369]},"properties":{"id":"osm:n7862020087","kind":"settlement","subtype":"hamlet","name":"Manda","population":150,"populationEstimated":true}},{"type":"Feature","geometry":{"type":"Point","coordinates":[78.36348,30.33008]},"properties":{"id":"osm:n7862020088","kind":"settlement","subtype":"hamlet","name":"Upli","population":150,"populationEstimated":true}},{"type":"Feature","geometry":{"type":"Point","coordinates":[78.36582,30.32673]},"properties":{"id":"osm:n7862020089","kind":"settlement","subtype":"hamlet","name":"Bhaisaina","population":150,"populationEstimated":true}},{"type":"Feature","geometry":{"type":"Point","coordinates":[78.37511,30.32651]},"properties":{"id":"osm:n7862020090","kind":"settlement","subtype":"hamlet","name":"Lawadhar","population":150,"populationEstimated":true}},{"type":"Feature","geometry":{"type":"Point","coordinates":[78.37144,30.32888]},"properties":{"id":"osm:n7862020091","kind":"settlement","subtype":"hamlet","name":"bariyan","population":150,"populationEstimated":true}},{"type":"Feature","geometry":{"type":"Point","coordinates":[78.37505,30.3248]},"properties":{"id":"osm:n7862020092","kind":"settlement","subtype":"hamlet","name":"Birkate","population":150,"populationEstimated":true}},{"type":"Feature","geometry":{"type":"Point","coordinates":[78.38342,30.3268]},"properties":{"id":"osm:n7862020093","kind":"settlement","subtype":"hamlet","name":"Chopra","population":150,"populationEstimated":true}},{"type":"Feature","geometry":{"type":"Point","coordinates":[78.35138,30.33882]},"properties":{"id":"osm:n7862020094","kind":"settlement","subtype":"village","name":"Jardhargaon","population":1000,"populationEstimated":true}},{"type":"Feature","geometry":{"type":"Point","coordinates":[78.33997,30.34605]},"properties":{"id":"osm:n7862020095","kind":"settlement","subtype":"hamlet","name":"Charmthangaon","population":150,"populationEstimated":true}},{"type":"Feature","geometry":{"type":"Point","coordinates":[78.32971,30.34953]},"properties":{"id":"osm:n7862020096","kind":"settlement","subtype":"hamlet","name":"Jardhargaon","population":150,"populationEstimated":true}},{"type":"Feature","geometry":{"type":"Point","coordinates":[78.33112,30.34682]},"properties":{"id":"osm:n7862020097","kind":"settlement","subtype":"hamlet","name":"Sunalgaon","population":150,"populationEstimated":true}},{"type":"Feature","geometry":{"type":"Point","coordinates":[78.32577,30.35212]},"properties":{"id":"osm:n7862020098","kind":"settlement","subtype":"hamlet","name":"Kurmargaon","population":150,"populationEstimated":true}},{"type":"Feature","geometry":{"type":"Point","coordinates":[78.33479,30.35773]},"properties":{"id":"osm:n7862020099","kind":"settlement","subtype":"hamlet","name":"Swari","population":150,"populationEstimated":true}},{"type":"Feature","geometry":{"type":"Point","coordinates":[78.32136,30.36548]},"properties":{"id":"osm:n7862020101","kind":"settlement","subtype":"hamlet","name":"balog","population":150,"populationEstimated":true}},{"type":"Feature","geometry":{"type":"Point","coordinates":[78.28192,30.36438]},"properties":{"id":"osm:n7862020102","kind":"settlement","subtype":"hamlet","name":"Simwalgaon Palla","population":150,"populationEstimated":true}},{"type":"Feature","geometry":{"type":"Point","coordinates":[78.28297,30.3684]},"properties":{"id":"osm:n7862020103","kind":"settlement","subtype":"hamlet","name":"Chauklliya","population":150,"populationEstimated":true}},{"type":"Feature","geometry":{"type":"Point","coordinates":[78.27735,30.37275]},"properties":{"id":"osm:n7862020104","kind":"settlement","subtype":"hamlet","name":"Maunder","population":150,"populationEstimated":true}},{"type":"Feature","geometry":{"type":"Point","coordinates":[78.27945,30.37117]},"properties":{"id":"osm:n7862020105","kind":"settlement","subtype":"hamlet","name":"Nawagaon","population":150,"populationEstimated":true}},{"type":"Feature","geometry":{"type":"Point","coordinates":[78.27375,30.36603]},"properties":{"id":"osm:n7862020106","kind":"settlement","subtype":"hamlet","name":"Kelwangaon","population":150,"populationEstimated":true}},{"type":"Feature","geometry":{"type":"Point","coordinates":[78.26531,30.36495]},"properties":{"id":"osm:n7862020107","kind":"settlement","subtype":"hamlet","name":"manjgaon","population":150,"populationEstimated":true}},{"type":"Feature","geometry":{"type":"Point","coordinates":[78.29623,30.36802]},"properties":{"id":"osm:n7862020108","kind":"settlement","subtype":"hamlet","name":"Palyuri","population":150,"populationEstimated":true}},{"type":"Feature","geometry":{"type":"Point","coordinates":[78.29598,30.37073]},"properties":{"id":"osm:n7862020109","kind":"settlement","subtype":"hamlet","name":"Chhan","population":150,"populationEstimated":true}},{"type":"Feature","geometry":{"type":"Point","coordinates":[78.36934,30.32226]},"properties":{"id":"osm:n7862020110","kind":"settlement","subtype":"hamlet","name":"paturi","population":150,"populationEstimated":true}},{"type":"Feature","geometry":{"type":"Point","coordinates":[78.3661,30.3138]},"properties":{"id":"osm:n7862020112","kind":"settlement","subtype":"hamlet","name":"Maund","population":150,"populationEstimated":true}},{"type":"Feature","geometry":{"type":"Point","coordinates":[78.36857,30.32023]},"properties":{"id":"osm:n7862020113","kind":"settlement","subtype":"village","name":"Khotiar","population":1000,"populationEstimated":true}},{"type":"Feature","geometry":{"type":"Point","coordinates":[78.35831,30.32651]},"properties":{"id":"osm:n7862020114","kind":"settlement","subtype":"hamlet","name":"Katani","population":150,"populationEstimated":true}},{"type":"Feature","geometry":{"type":"Point","coordinates":[78.35095,30.31853]},"properties":{"id":"osm:n7862020115","kind":"settlement","subtype":"hamlet","name":"Ghuson","population":150,"populationEstimated":true}},{"type":"Feature","geometry":{"type":"Point","coordinates":[78.35099,30.32158]},"properties":{"id":"osm:n7862020116","kind":"settlement","subtype":"hamlet","name":"Nagani","population":150,"populationEstimated":true}},{"type":"Feature","geometry":{"type":"Point","coordinates":[78.35232,30.31673]},"properties":{"id":"osm:n7862020117","kind":"settlement","subtype":"hamlet","name":"Than","population":150,"populationEstimated":true}},{"type":"Feature","geometry":{"type":"Point","coordinates":[78.3423,30.31017]},"properties":{"id":"osm:n7862020118","kind":"settlement","subtype":"hamlet","name":"Silasaur","population":150,"populationEstimated":true}},{"type":"Feature","geometry":{"type":"Point","coordinates":[78.35664,30.25299]},"properties":{"id":"osm:n7862020121","kind":"settlement","subtype":"hamlet","name":"Naur","population":150,"populationEstimated":true}},{"type":"Feature","geometry":{"type":"Point","coordinates":[78.35608,30.25692]},"properties":{"id":"osm:n7862020122","kind":"settlement","subtype":"hamlet","name":"basu","population":150,"populationEstimated":true}},{"type":"Feature","geometry":{"type":"Point","coordinates":[78.35393,30.26429]},"properties":{"id":"osm:n7862020123","kind":"settlement","subtype":"hamlet","name":"Salekh","population":150,"populationEstimated":true}},{"type":"Feature","geometry":{"type":"Point","coordinates":[78.35599,30.27415]},"properties":{"id":"osm:n7862020124","kind":"settlement","subtype":"hamlet","name":"Pipleth","population":150,"populationEstimated":true}},{"type":"Feature","geometry":{"type":"Point","coordinates":[78.37359,30.25886]},"properties":{"id":"osm:n7862020125","kind":"settlement","subtype":"hamlet","name":"Lamyali","population":150,"populationEstimated":true}},{"type":"Feature","geometry":{"type":"Point","coordinates":[78.37368,30.27067]},"properties":{"id":"osm:n7862020126","kind":"settlement","subtype":"village","name":"Chiriyali","population":1000,"populationEstimated":true}},{"type":"Feature","geometry":{"type":"Point","coordinates":[78.35887,30.28698]},"properties":{"id":"osm:n7862020127","kind":"settlement","subtype":"hamlet","name":"Kumali","population":150,"populationEstimated":true}},{"type":"Feature","geometry":{"type":"Point","coordinates":[78.35844,30.28182]},"properties":{"id":"osm:n7862020128","kind":"settlement","subtype":"hamlet","name":"Chaupna","population":150,"populationEstimated":true}},{"type":"Feature","geometry":{"type":"Point","coordinates":[78.35664,30.29687]},"properties":{"id":"osm:n7862020129","kind":"settlement","subtype":"hamlet","name":"Bidon","population":150,"populationEstimated":true}},{"type":"Feature","geometry":{"type":"Point","coordinates":[78.35499,30.30165]},"properties":{"id":"osm:n7862020130","kind":"settlement","subtype":"hamlet","name":"Than","population":150,"populationEstimated":true}},{"type":"Feature","geometry":{"type":"Point","coordinates":[78.36956,30.30206]},"properties":{"id":"osm:n7862020131","kind":"settlement","subtype":"hamlet","name":"Khankai","population":150,"populationEstimated":true}},{"type":"Feature","geometry":{"type":"Point","coordinates":[78.37277,30.29802]},"properties":{"id":"osm:n7862020132","kind":"settlement","subtype":"hamlet","name":"Sonarkut","population":150,"populationEstimated":true}},{"type":"Feature","geometry":{"type":"Point","coordinates":[78.34574,30.32062]},"properties":{"id":"osm:n7862020133","kind":"settlement","subtype":"hamlet","name":"Palas","population":150,"populationEstimated":true}},{"type":"Feature","geometry":{"type":"Point","coordinates":[78.33844,30.31325]},"properties":{"id":"osm:n7862020134","kind":"settlement","subtype":"hamlet","name":"Jilli","population":150,"populationEstimated":true}},{"type":"Feature","geometry":{"type":"Point","coordinates":[78.27883,30.25832]},"properties":{"id":"osm:n7862020140","kind":"settlement","subtype":"hamlet","name":"kalban","population":150,"populationEstimated":true}},{"type":"Feature","geometry":{"type":"Point","coordinates":[78.30179,30.25543]},"properties":{"id":"osm:n7862020141","kind":"settlement","subtype":"hamlet","name":"Kukhar Malli","population":150,"populationEstimated":true}},{"type":"Feature","geometry":{"type":"Point","coordinates":[78.30076,30.26025]},"properties":{"id":"osm:n7862020142","kind":"settlement","subtype":"hamlet","name":"Kukhai Bichli","population":150,"populationEstimated":true}},{"type":"Feature","geometry":{"type":"Point","coordinates":[78.33269,30.27797]},"properties":{"id":"osm:n7862020144","kind":"settlement","subtype":"hamlet","name":"Udkhanda","population":150,"populationEstimated":true}},{"type":"Feature","geometry":{"type":"Point","coordinates":[78.32834,30.2879]},"properties":{"id":"osm:n7862020145","kind":"settlement","subtype":"hamlet","name":"Gwar","population":150,"populationEstimated":true}},{"type":"Feature","geometry":{"type":"Point","coordinates":[78.31647,30.308]},"properties":{"id":"osm:n7862020147","kind":"settlement","subtype":"hamlet","name":"kanigad","population":150,"populationEstimated":true}},{"type":"Feature","geometry":{"type":"Point","coordinates":[78.32188,30.3253]},"properties":{"id":"osm:n7862020148","kind":"settlement","subtype":"hamlet","name":"Bagi","population":150,"populationEstimated":true}},{"type":"Feature","geometry":{"type":"Point","coordinates":[78.30325,30.34842]},"properties":{"id":"osm:n7862020150","kind":"settlement","subtype":"hamlet","name":"Chopri","population":150,"populationEstimated":true}},{"type":"Feature","geometry":{"type":"Point","coordinates":[78.31031,30.3468]},"properties":{"id":"osm:n7862020151","kind":"settlement","subtype":"hamlet","name":"Badiyon","population":150,"populationEstimated":true}},{"type":"Feature","geometry":{"type":"Point","coordinates":[78.3152,30.33527]},"properties":{"id":"osm:n7862020153","kind":"settlement","subtype":"hamlet","name":"Mathiangaon","population":150,"populationEstimated":true}},{"type":"Feature","geometry":{"type":"Point","coordinates":[78.32293,30.33249]},"properties":{"id":"osm:n7862020154","kind":"settlement","subtype":"hamlet","name":"Hurkadanda","population":150,"populationEstimated":true}},{"type":"Feature","geometry":{"type":"Point","coordinates":[78.26662,30.35273]},"properties":{"id":"osm:n7862020155","kind":"settlement","subtype":"hamlet","name":"Pujargaon","population":150,"populationEstimated":true}},{"type":"Feature","geometry":{"type":"Point","coordinates":[78.25637,30.33395]},"properties":{"id":"osm:n7862020159","kind":"settlement","subtype":"hamlet","name":"Kujni","population":150,"populationEstimated":true}},{"type":"Feature","geometry":{"type":"Point","coordinates":[78.27508,30.33321]},"properties":{"id":"osm:n7862020160","kind":"settlement","subtype":"hamlet","name":"mathiyangaon","population":150,"populationEstimated":true}},{"type":"Feature","geometry":{"type":"Point","coordinates":[78.27834,30.32834]},"properties":{"id":"osm:n7862020161","kind":"settlement","subtype":"hamlet","name":"Kanj Gad","population":150,"populationEstimated":true}},{"type":"Feature","geometry":{"type":"Point","coordinates":[78.28026,30.34741]},"properties":{"id":"osm:n7862020165","kind":"settlement","subtype":"hamlet","name":"Timli Gad","population":150,"populationEstimated":true}},{"type":"Feature","geometry":{"type":"Point","coordinates":[78.27892,30.33865]},"properties":{"id":"osm:n7862020167","kind":"settlement","subtype":"hamlet","name":"Hatwaogaon","population":150,"populationEstimated":true}},{"type":"Feature","geometry":{"type":"Point","coordinates":[78.27178,30.31751]},"properties":{"id":"osm:n7862020168","kind":"settlement","subtype":"hamlet","name":"Ringaliya","population":150,"populationEstimated":true}},{"type":"Feature","geometry":{"type":"Point","coordinates":[78.2895,30.31615]},"properties":{"id":"osm:n7862020169","kind":"settlement","subtype":"village","name":"banali","population":1000,"populationEstimated":true}},{"type":"Feature","geometry":{"type":"Point","coordinates":[78.6532,30.3068]},"properties":{"id":"osm:n7863446832","kind":"settlement","subtype":"hamlet","name":"tyalni","population":150,"populationEstimated":true}},{"type":"Feature","geometry":{"type":"Point","coordinates":[78.63468,30.29706]},"properties":{"id":"osm:n7863446833","kind":"settlement","subtype":"hamlet","name":"savchunni","population":150,"populationEstimated":true}},{"type":"Feature","geometry":{"type":"Point","coordinates":[78.64185,30.30069]},"properties":{"id":"osm:n7863446834","kind":"settlement","subtype":"hamlet","name":"tyuna","population":150,"populationEstimated":true}},{"type":"Feature","geometry":{"type":"Point","coordinates":[78.60999,30.2948]},"properties":{"id":"osm:n7863446836","kind":"settlement","subtype":"hamlet","name":"shakrisain","population":150,"populationEstimated":true}},{"type":"Feature","geometry":{"type":"Point","coordinates":[78.61785,30.29967]},"properties":{"id":"osm:n7863446837","kind":"settlement","subtype":"hamlet","name":"jurana","population":150,"populationEstimated":true}},{"type":"Feature","geometry":{"type":"Point","coordinates":[78.60719,30.30711]},"properties":{"id":"osm:n7863446839","kind":"settlement","subtype":"hamlet","name":"ghogas","population":150,"populationEstimated":true}},{"type":"Feature","geometry":{"type":"Point","coordinates":[78.65917,30.32065]},"properties":{"id":"osm:n7863446841","kind":"settlement","subtype":"hamlet","name":"budena","population":150,"populationEstimated":true}},{"type":"Feature","geometry":{"type":"Point","coordinates":[78.65569,30.33071]},"properties":{"id":"osm:n7863446842","kind":"settlement","subtype":"village","name":"jakhand","population":1000,"populationEstimated":true}},{"type":"Feature","geometry":{"type":"Point","coordinates":[78.65282,30.25916]},"properties":{"id":"osm:n7863511833","kind":"settlement","subtype":"hamlet","name":"pharasuli","population":150,"populationEstimated":true}},{"type":"Feature","geometry":{"type":"Point","coordinates":[78.64028,30.26175]},"properties":{"id":"osm:n7863511835","kind":"settlement","subtype":"hamlet","name":"dobla","population":150,"populationEstimated":true}},{"type":"Feature","geometry":{"type":"Point","coordinates":[78.63126,30.26558]},"properties":{"id":"osm:n7863511836","kind":"settlement","subtype":"hamlet","name":"dewalkandi","population":150,"populationEstimated":true}},{"type":"Feature","geometry":{"type":"Point","coordinates":[78.65692,30.27165]},"properties":{"id":"osm:n7863511837","kind":"settlement","subtype":"hamlet","name":"gujeta","population":150,"populationEstimated":true}},{"type":"Feature","geometry":{"type":"Point","coordinates":[78.65406,30.27756]},"properties":{"id":"osm:n7863511840","kind":"settlement","subtype":"hamlet","name":"kunri","population":150,"populationEstimated":true}},{"type":"Feature","geometry":{"type":"Point","coordinates":[78.64044,30.27334]},"properties":{"id":"osm:n7863511841","kind":"settlement","subtype":"hamlet","name":"bagi","population":150,"populationEstimated":true}},{"type":"Feature","geometry":{"type":"Point","coordinates":[78.64559,30.27302]},"properties":{"id":"osm:n7863511843","kind":"settlement","subtype":"hamlet","name":"nausa","population":150,"populationEstimated":true}},{"type":"Feature","geometry":{"type":"Point","coordinates":[78.63004,30.27799]},"properties":{"id":"osm:n7863511844","kind":"settlement","subtype":"hamlet","name":"khateli","population":150,"populationEstimated":true}},{"type":"Feature","geometry":{"type":"Point","coordinates":[78.63534,30.25588]},"properties":{"id":"osm:n7863511847","kind":"settlement","subtype":"hamlet","name":"dobh","population":150,"populationEstimated":true}},{"type":"Feature","geometry":{"type":"Point","coordinates":[78.63945,30.25796]},"properties":{"id":"osm:n7863511848","kind":"settlement","subtype":"hamlet","name":"silgarh","population":150,"populationEstimated":true}},{"type":"Feature","geometry":{"type":"Point","coordinates":[78.62269,30.25047]},"properties":{"id":"osm:n7863511849","kind":"settlement","subtype":"hamlet","name":"bhainskot","population":150,"populationEstimated":true}},{"type":"Feature","geometry":{"type":"Point","coordinates":[78.61512,30.25483]},"properties":{"id":"osm:n7863511850","kind":"settlement","subtype":"hamlet","name":"gausil","population":150,"populationEstimated":true}},{"type":"Feature","geometry":{"type":"Point","coordinates":[78.6118,30.26455]},"properties":{"id":"osm:n7863511851","kind":"settlement","subtype":"hamlet","name":"wainspani","population":150,"populationEstimated":true}},{"type":"Feature","geometry":{"type":"Point","coordinates":[78.61913,30.26442]},"properties":{"id":"osm:n7863511852","kind":"settlement","subtype":"hamlet","name":"bhaldana","population":150,"populationEstimated":true}},{"type":"Feature","geometry":{"type":"Point","coordinates":[78.6152,30.27895]},"properties":{"id":"osm:n7863511853","kind":"settlement","subtype":"hamlet","name":"kanyari","population":150,"populationEstimated":true}},{"type":"Feature","geometry":{"type":"Point","coordinates":[78.62413,30.27139]},"properties":{"id":"osm:n7863511854","kind":"settlement","subtype":"hamlet","name":"chameri","population":150,"populationEstimated":true}},{"type":"Feature","geometry":{"type":"Point","coordinates":[78.616,30.2834]},"properties":{"id":"osm:n7863511855","kind":"settlement","subtype":"hamlet","name":"toli","population":150,"populationEstimated":true}},{"type":"Feature","geometry":{"type":"Point","coordinates":[78.65619,30.28987]},"properties":{"id":"osm:n7863511856","kind":"settlement","subtype":"hamlet","name":"chyazi","population":150,"populationEstimated":true}},{"type":"Feature","geometry":{"type":"Point","coordinates":[78.65846,30.28848]},"properties":{"id":"osm:n7863511857","kind":"settlement","subtype":"hamlet","name":"tyargaon","population":150,"populationEstimated":true}},{"type":"Feature","geometry":{"type":"Point","coordinates":[78.64211,30.28284]},"properties":{"id":"osm:n7863511858","kind":"settlement","subtype":"hamlet","name":"kadans","population":150,"populationEstimated":true}},{"type":"Feature","geometry":{"type":"Point","coordinates":[78.6497,30.28561]},"properties":{"id":"osm:n7863511859","kind":"settlement","subtype":"hamlet","name":"burkot","population":150,"populationEstimated":true}},{"type":"Feature","geometry":{"type":"Point","coordinates":[78.64584,30.28775]},"properties":{"id":"osm:n7863511860","kind":"settlement","subtype":"hamlet","name":"arota","population":150,"populationEstimated":true}},{"type":"Feature","geometry":{"type":"Point","coordinates":[78.62986,30.28193]},"properties":{"id":"osm:n7863511862","kind":"settlement","subtype":"hamlet","name":"pujargaon","population":150,"populationEstimated":true}},{"type":"Feature","geometry":{"type":"Point","coordinates":[78.6373,30.28914]},"properties":{"id":"osm:n7863511863","kind":"settlement","subtype":"hamlet","name":"jhaldgaon","population":150,"populationEstimated":true}},{"type":"Feature","geometry":{"type":"Point","coordinates":[78.6279,30.28645]},"properties":{"id":"osm:n7863511865","kind":"settlement","subtype":"hamlet","name":"gurain","population":150,"populationEstimated":true}},{"type":"Feature","geometry":{"type":"Point","coordinates":[78.62093,30.28778]},"properties":{"id":"osm:n7863511866","kind":"settlement","subtype":"hamlet","name":"lingwangaon","population":150,"populationEstimated":true}},{"type":"Feature","geometry":{"type":"Point","coordinates":[78.61016,30.28608]},"properties":{"id":"osm:n7863511867","kind":"settlement","subtype":"hamlet","name":"jhaldgaon","population":150,"populationEstimated":true}},{"type":"Feature","geometry":{"type":"Point","coordinates":[78.26512,30.28703]},"properties":{"id":"osm:n7864708563","kind":"settlement","subtype":"hamlet","name":"Satli","population":150,"populationEstimated":true}},{"type":"Feature","geometry":{"type":"Point","coordinates":[78.28025,30.27753]},"properties":{"id":"osm:n7864708568","kind":"settlement","subtype":"hamlet","name":"Rethwangaon","population":150,"populationEstimated":true}},{"type":"Feature","geometry":{"type":"Point","coordinates":[78.36964,30.2856]},"properties":{"id":"osm:n7864708578","kind":"settlement","subtype":"hamlet","name":"Khadi Malli","population":150,"populationEstimated":true}},{"type":"Feature","geometry":{"type":"Point","coordinates":[78.37775,30.29035]},"properties":{"id":"osm:n7864708579","kind":"settlement","subtype":"hamlet","name":"Rampur","population":150,"populationEstimated":true}},{"type":"Feature","geometry":{"type":"Point","coordinates":[78.37801,30.2839]},"properties":{"id":"osm:n7864708580","kind":"settlement","subtype":"hamlet","name":"Paliga","population":150,"populationEstimated":true}},{"type":"Feature","geometry":{"type":"Point","coordinates":[78.37629,30.28649]},"properties":{"id":"osm:n7864708581","kind":"settlement","subtype":"hamlet","name":"Bhandargaon","population":150,"populationEstimated":true}},{"type":"Feature","geometry":{"type":"Point","coordinates":[78.36282,30.29954]},"properties":{"id":"osm:n7864708582","kind":"settlement","subtype":"hamlet","name":"Kaud","population":150,"populationEstimated":true}},{"type":"Feature","geometry":{"type":"Point","coordinates":[78.36762,30.29005]},"properties":{"id":"osm:n7864708583","kind":"settlement","subtype":"hamlet","name":"Tibli","population":150,"populationEstimated":true}},{"type":"Feature","geometry":{"type":"Point","coordinates":[78.36788,30.35484]},"properties":{"id":"osm:n7864715095","kind":"settlement","subtype":"hamlet","name":"Bahera","population":150,"populationEstimated":true}},{"type":"Feature","geometry":{"type":"Point","coordinates":[78.37715,30.3531]},"properties":{"id":"osm:n7864715096","kind":"settlement","subtype":"hamlet","name":"Dhaulyani","population":150,"populationEstimated":true}},{"type":"Feature","geometry":{"type":"Point","coordinates":[78.37041,30.35136]},"properties":{"id":"osm:n7864715097","kind":"settlement","subtype":"hamlet","name":"Talli","population":150,"populationEstimated":true}},{"type":"Feature","geometry":{"type":"Point","coordinates":[78.37689,30.35158]},"properties":{"id":"osm:n7864715098","kind":"settlement","subtype":"hamlet","name":"Dyuri","population":150,"populationEstimated":true}},{"type":"Feature","geometry":{"type":"Point","coordinates":[78.37434,30.34316]},"properties":{"id":"osm:n7864715099","kind":"settlement","subtype":"hamlet","name":"Saimwari","population":150,"populationEstimated":true}},{"type":"Feature","geometry":{"type":"Point","coordinates":[78.36642,30.34381]},"properties":{"id":"osm:n7864715100","kind":"settlement","subtype":"hamlet","name":"Satiariyon","population":150,"populationEstimated":true}},{"type":"Feature","geometry":{"type":"Point","coordinates":[78.36938,30.34869]},"properties":{"id":"osm:n7864715101","kind":"settlement","subtype":"hamlet","name":"Gad","population":150,"populationEstimated":true}},{"type":"Feature","geometry":{"type":"Point","coordinates":[78.37226,30.34507]},"properties":{"id":"osm:n7864715102","kind":"settlement","subtype":"hamlet","name":"Khettu","population":150,"populationEstimated":true}},{"type":"Feature","geometry":{"type":"Point","coordinates":[78.35026,30.35088]},"properties":{"id":"osm:n7864715103","kind":"settlement","subtype":"hamlet","name":"Nyugalgaon","population":150,"populationEstimated":true}},{"type":"Feature","geometry":{"type":"Point","coordinates":[78.35963,30.34771]},"properties":{"id":"osm:n7864715104","kind":"settlement","subtype":"hamlet","name":"Garainch","population":150,"populationEstimated":true}},{"type":"Feature","geometry":{"type":"Point","coordinates":[78.36192,30.3464]},"properties":{"id":"osm:n7864715105","kind":"settlement","subtype":"hamlet","name":"kati","population":150,"populationEstimated":true}},{"type":"Feature","geometry":{"type":"Point","coordinates":[78.37136,30.34269]},"properties":{"id":"osm:n7864715106","kind":"settlement","subtype":"hamlet","name":"Jaul","population":150,"populationEstimated":true}},{"type":"Feature","geometry":{"type":"Point","coordinates":[78.37239,30.34047]},"properties":{"id":"osm:n7864715107","kind":"settlement","subtype":"hamlet","name":"Chhiyun","population":150,"populationEstimated":true}},{"type":"Feature","geometry":{"type":"Point","coordinates":[78.37084,30.33766]},"properties":{"id":"osm:n7864715108","kind":"settlement","subtype":"hamlet","name":"Bhandargaon","population":150,"populationEstimated":true}},{"type":"Feature","geometry":{"type":"Point","coordinates":[78.34398,30.35412]},"properties":{"id":"osm:n7864715110","kind":"settlement","subtype":"hamlet","name":"Tipkhalgaon","population":150,"populationEstimated":true}},{"type":"Feature","geometry":{"type":"Point","coordinates":[78.34064,30.35754]},"properties":{"id":"osm:n7864715111","kind":"settlement","subtype":"hamlet","name":"Kumargaon","population":150,"populationEstimated":true}},{"type":"Feature","geometry":{"type":"Point","coordinates":[78.34168,30.35632]},"properties":{"id":"osm:n7864715112","kind":"settlement","subtype":"hamlet","name":"Nidwalgaon","population":150,"populationEstimated":true}},{"type":"Feature","geometry":{"type":"Point","coordinates":[78.35093,30.35762]},"properties":{"id":"osm:n7864715113","kind":"settlement","subtype":"hamlet","name":"Kurialgaon","population":150,"populationEstimated":true}},{"type":"Feature","geometry":{"type":"Point","coordinates":[78.36056,30.35883]},"properties":{"id":"osm:n7864715114","kind":"settlement","subtype":"hamlet","name":"Arogi","population":150,"populationEstimated":true}},{"type":"Feature","geometry":{"type":"Point","coordinates":[78.36411,30.3594]},"properties":{"id":"osm:n7864715115","kind":"settlement","subtype":"hamlet","name":"nakot","population":150,"populationEstimated":true}},{"type":"Feature","geometry":{"type":"Point","coordinates":[78.3758,30.36771]},"properties":{"id":"osm:n7864715116","kind":"settlement","subtype":"hamlet","name":"hadam Malla","population":150,"populationEstimated":true}},{"type":"Feature","geometry":{"type":"Point","coordinates":[78.37749,30.36491]},"properties":{"id":"osm:n7864715117","kind":"settlement","subtype":"village","name":"Arakot","population":1000,"populationEstimated":true}},{"type":"Feature","geometry":{"type":"Point","coordinates":[78.27171,30.36973]},"properties":{"id":"osm:n7864715124","kind":"settlement","subtype":"hamlet","name":"Walla","population":150,"populationEstimated":true}},{"type":"Feature","geometry":{"type":"Point","coordinates":[78.26759,30.34575]},"properties":{"id":"osm:n7864715126","kind":"settlement","subtype":"hamlet","name":"Lamkane","population":150,"populationEstimated":true}},{"type":"Feature","geometry":{"type":"Point","coordinates":[78.25718,30.3193]},"properties":{"id":"osm:n7864715127","kind":"settlement","subtype":"hamlet","name":"Pakiya","population":150,"populationEstimated":true}},{"type":"Feature","geometry":{"type":"Point","coordinates":[78.25373,30.30643]},"properties":{"id":"osm:n7864715130","kind":"settlement","subtype":"hamlet","name":"kund","population":150,"populationEstimated":true}},{"type":"Feature","geometry":{"type":"Point","coordinates":[78.28589,30.25744]},"properties":{"id":"osm:n7865297080","kind":"settlement","subtype":"hamlet","name":"Chauban","population":150,"populationEstimated":true}},{"type":"Feature","geometry":{"type":"Point","coordinates":[78.53227,30.35543]},"properties":{"id":"osm:n7865552909","kind":"settlement","subtype":"hamlet","name":"mariao","population":150,"populationEstimated":true}},{"type":"Feature","geometry":{"type":"Point","coordinates":[78.50894,30.34645]},"properties":{"id":"osm:n7865552911","kind":"settlement","subtype":"hamlet","name":"koti","population":150,"populationEstimated":true}},{"type":"Feature","geometry":{"type":"Point","coordinates":[78.53816,30.30674]},"properties":{"id":"osm:n7865581957","kind":"settlement","subtype":"hamlet","name":"rama","population":150,"populationEstimated":true}},{"type":"Feature","geometry":{"type":"Point","coordinates":[78.53025,30.30208]},"properties":{"id":"osm:n7865581958","kind":"settlement","subtype":"hamlet","name":"belkandi","population":150,"populationEstimated":true}},{"type":"Feature","geometry":{"type":"Point","coordinates":[78.50937,30.3101]},"properties":{"id":"osm:n7865581960","kind":"settlement","subtype":"hamlet","name":"bhatkot","population":150,"populationEstimated":true}},{"type":"Feature","geometry":{"type":"Point","coordinates":[78.52236,30.31206]},"properties":{"id":"osm:n7865581962","kind":"settlement","subtype":"hamlet","name":"sankund","population":150,"populationEstimated":true}},{"type":"Feature","geometry":{"type":"Point","coordinates":[78.52974,30.30463]},"properties":{"id":"osm:n7865581963","kind":"settlement","subtype":"village","name":"kandadang","population":1000,"populationEstimated":true}},{"type":"Feature","geometry":{"type":"Point","coordinates":[78.52876,30.32088]},"properties":{"id":"osm:n7865581964","kind":"settlement","subtype":"hamlet","name":"malyakot","population":150,"populationEstimated":true}},{"type":"Feature","geometry":{"type":"Point","coordinates":[78.539,30.32509]},"properties":{"id":"osm:n7865581965","kind":"settlement","subtype":"hamlet","name":"parsari","population":150,"populationEstimated":true}},{"type":"Feature","geometry":{"type":"Point","coordinates":[78.52314,30.32415]},"properties":{"id":"osm:n7865581966","kind":"settlement","subtype":"hamlet","name":"chheti","population":150,"populationEstimated":true}},{"type":"Feature","geometry":{"type":"Point","coordinates":[78.50599,30.3219]},"properties":{"id":"osm:n7865581967","kind":"settlement","subtype":"hamlet","name":"kapholgaon","population":150,"populationEstimated":true}},{"type":"Feature","geometry":{"type":"Point","coordinates":[78.50453,30.31751]},"properties":{"id":"osm:n7865581968","kind":"settlement","subtype":"hamlet","name":"marora","population":150,"populationEstimated":true}},{"type":"Feature","geometry":{"type":"Point","coordinates":[78.50705,30.31952]},"properties":{"id":"osm:n7865581969","kind":"settlement","subtype":"hamlet","name":"khandi","population":150,"populationEstimated":true}},{"type":"Feature","geometry":{"type":"Point","coordinates":[78.51213,30.32772]},"properties":{"id":"osm:n7865581970","kind":"settlement","subtype":"hamlet","name":"kumardhar","population":150,"populationEstimated":true}},{"type":"Feature","geometry":{"type":"Point","coordinates":[78.50271,30.33176]},"properties":{"id":"osm:n7865581971","kind":"settlement","subtype":"hamlet","name":"sain","population":150,"populationEstimated":true}},{"type":"Feature","geometry":{"type":"Point","coordinates":[78.5265,30.33212]},"properties":{"id":"osm:n7865581972","kind":"settlement","subtype":"hamlet","name":"tipri","population":150,"populationEstimated":true}},{"type":"Feature","geometry":{"type":"Point","coordinates":[78.53926,30.33111]},"properties":{"id":"osm:n7865581973","kind":"settlement","subtype":"hamlet","name":"ratoli","population":150,"populationEstimated":true}},{"type":"Feature","geometry":{"type":"Point","coordinates":[78.53439,30.34232]},"properties":{"id":"osm:n7865581975","kind":"settlement","subtype":"hamlet","name":"petab","population":150,"populationEstimated":true}},{"type":"Feature","geometry":{"type":"Point","coordinates":[78.5191,30.33306]},"properties":{"id":"osm:n7865581977","kind":"settlement","subtype":"hamlet","name":"nawakot","population":150,"populationEstimated":true}},{"type":"Feature","geometry":{"type":"Point","coordinates":[78.50443,30.337]},"properties":{"id":"osm:n7865581978","kind":"settlement","subtype":"hamlet","name":"ragda pipola","population":150,"populationEstimated":true}},{"type":"Feature","geometry":{"type":"Point","coordinates":[78.51088,30.33409]},"properties":{"id":"osm:n7865581979","kind":"settlement","subtype":"village","name":"jakhnidhar","population":1000,"populationEstimated":true}},{"type":"Feature","geometry":{"type":"Point","coordinates":[78.53064,30.25259]},"properties":{"id":"osm:n7865636906","kind":"settlement","subtype":"hamlet","name":"nagar","population":150,"populationEstimated":true}},{"type":"Feature","geometry":{"type":"Point","coordinates":[78.50166,30.25118]},"properties":{"id":"osm:n7865636907","kind":"settlement","subtype":"hamlet","name":"saingaon","population":150,"populationEstimated":true}},{"type":"Feature","geometry":{"type":"Point","coordinates":[78.50495,30.26212]},"properties":{"id":"osm:n7865636908","kind":"settlement","subtype":"hamlet","name":"pendars","population":150,"populationEstimated":true}},{"type":"Feature","geometry":{"type":"Point","coordinates":[78.53653,30.27045]},"properties":{"id":"osm:n7865636910","kind":"settlement","subtype":"hamlet","name":"saina","population":150,"populationEstimated":true}},{"type":"Feature","geometry":{"type":"Point","coordinates":[78.54015,30.28076]},"properties":{"id":"osm:n7865636913","kind":"settlement","subtype":"hamlet","name":"syuta","population":150,"populationEstimated":true}},{"type":"Feature","geometry":{"type":"Point","coordinates":[78.53133,30.28056]},"properties":{"id":"osm:n7865636914","kind":"settlement","subtype":"hamlet","name":"pichwara","population":150,"populationEstimated":true}},{"type":"Feature","geometry":{"type":"Point","coordinates":[78.5333,30.28363]},"properties":{"id":"osm:n7865636915","kind":"settlement","subtype":"hamlet","name":"chaka","population":150,"populationEstimated":true}},{"type":"Feature","geometry":{"type":"Point","coordinates":[78.53904,30.28701]},"properties":{"id":"osm:n7865636916","kind":"settlement","subtype":"hamlet","name":"amilda","population":150,"populationEstimated":true}},{"type":"Feature","geometry":{"type":"Point","coordinates":[78.53247,30.28787]},"properties":{"id":"osm:n7865636917","kind":"settlement","subtype":"hamlet","name":"bhadli","population":150,"populationEstimated":true}},{"type":"Feature","geometry":{"type":"Point","coordinates":[78.52288,30.28929]},"properties":{"id":"osm:n7865636918","kind":"settlement","subtype":"hamlet","name":"jamti","population":150,"populationEstimated":true}},{"type":"Feature","geometry":{"type":"Point","coordinates":[78.51919,30.2827]},"properties":{"id":"osm:n7865636919","kind":"settlement","subtype":"hamlet","name":"dob","population":150,"populationEstimated":true}},{"type":"Feature","geometry":{"type":"Point","coordinates":[78.51266,30.29145]},"properties":{"id":"osm:n7865636922","kind":"settlement","subtype":"hamlet","name":"simlasu","population":150,"populationEstimated":true}},{"type":"Feature","geometry":{"type":"Point","coordinates":[78.55882,30.34726]},"properties":{"id":"osm:n7865669010","kind":"settlement","subtype":"hamlet","name":"gwalka","population":150,"populationEstimated":true}},{"type":"Feature","geometry":{"type":"Point","coordinates":[78.55306,30.34685]},"properties":{"id":"osm:n7865669011","kind":"settlement","subtype":"hamlet","name":"akhorisain","population":150,"populationEstimated":true}},{"type":"Feature","geometry":{"type":"Point","coordinates":[78.57985,30.35798]},"properties":{"id":"osm:n7865669012","kind":"settlement","subtype":"hamlet","name":"swari","population":150,"populationEstimated":true}},{"type":"Feature","geometry":{"type":"Point","coordinates":[78.56156,30.35761]},"properties":{"id":"osm:n7865669013","kind":"settlement","subtype":"hamlet","name":"chaunthi","population":150,"populationEstimated":true}},{"type":"Feature","geometry":{"type":"Point","coordinates":[78.55788,30.35604]},"properties":{"id":"osm:n7865669014","kind":"settlement","subtype":"hamlet","name":"manthal","population":150,"populationEstimated":true}},{"type":"Feature","geometry":{"type":"Point","coordinates":[78.54655,30.35843]},"properties":{"id":"osm:n7865669015","kind":"settlement","subtype":"hamlet","name":"mathyali","population":150,"populationEstimated":true}},{"type":"Feature","geometry":{"type":"Point","coordinates":[78.57625,30.32405]},"properties":{"id":"osm:n7865755895","kind":"settlement","subtype":"hamlet","name":"nuali","population":150,"populationEstimated":true}},{"type":"Feature","geometry":{"type":"Point","coordinates":[78.57055,30.31615]},"properties":{"id":"osm:n7865755896","kind":"settlement","subtype":"hamlet","name":"kunetha","population":150,"populationEstimated":true}},{"type":"Feature","geometry":{"type":"Point","coordinates":[78.57749,30.29244]},"properties":{"id":"osm:n7865755897","kind":"settlement","subtype":"hamlet","name":"paidula","population":150,"populationEstimated":true}},{"type":"Feature","geometry":{"type":"Point","coordinates":[78.55598,30.2916]},"properties":{"id":"osm:n7865755899","kind":"settlement","subtype":"hamlet","name":"pata","population":150,"populationEstimated":true}},{"type":"Feature","geometry":{"type":"Point","coordinates":[78.54559,30.29447]},"properties":{"id":"osm:n7865755900","kind":"settlement","subtype":"hamlet","name":"marora","population":150,"populationEstimated":true}},{"type":"Feature","geometry":{"type":"Point","coordinates":[78.5636,30.29807]},"properties":{"id":"osm:n7865755901","kind":"settlement","subtype":"hamlet","name":"kapholgaon","population":150,"populationEstimated":true}},{"type":"Feature","geometry":{"type":"Point","coordinates":[78.57724,30.30006]},"properties":{"id":"osm:n7865755903","kind":"settlement","subtype":"hamlet","name":"panjanu","population":150,"populationEstimated":true}},{"type":"Feature","geometry":{"type":"Point","coordinates":[78.58297,30.30227]},"properties":{"id":"osm:n7865755904","kind":"settlement","subtype":"hamlet","name":"saina","population":150,"populationEstimated":true}},{"type":"Feature","geometry":{"type":"Point","coordinates":[78.57596,30.30723]},"properties":{"id":"osm:n7865755905","kind":"settlement","subtype":"hamlet","name":"bargaon","population":150,"populationEstimated":true}},{"type":"Feature","geometry":{"type":"Point","coordinates":[78.56361,30.30297]},"properties":{"id":"osm:n7865755906","kind":"settlement","subtype":"hamlet","name":"gansari","population":150,"populationEstimated":true}},{"type":"Feature","geometry":{"type":"Point","coordinates":[78.54699,30.30623]},"properties":{"id":"osm:n7865755908","kind":"settlement","subtype":"hamlet","name":"pajyara","population":150,"populationEstimated":true}},{"type":"Feature","geometry":{"type":"Point","coordinates":[78.56558,30.31034]},"properties":{"id":"osm:n7865755909","kind":"settlement","subtype":"hamlet","name":"garakot","population":150,"populationEstimated":true}},{"type":"Feature","geometry":{"type":"Point","coordinates":[78.57147,30.30941]},"properties":{"id":"osm:n7865755910","kind":"settlement","subtype":"hamlet","name":"karakot","population":150,"populationEstimated":true}},{"type":"Feature","geometry":{"type":"Point","coordinates":[78.58018,30.31373]},"properties":{"id":"osm:n7865755911","kind":"settlement","subtype":"hamlet","name":"moli","population":150,"populationEstimated":true}},{"type":"Feature","geometry":{"type":"Point","coordinates":[78.57795,30.30939]},"properties":{"id":"osm:n7865755912","kind":"settlement","subtype":"hamlet","name":"chadyara","population":150,"populationEstimated":true}},{"type":"Feature","geometry":{"type":"Point","coordinates":[78.55177,30.31511]},"properties":{"id":"osm:n7865755913","kind":"settlement","subtype":"hamlet","name":"chaund (jaspur)","population":150,"populationEstimated":true}},{"type":"Feature","geometry":{"type":"Point","coordinates":[78.56273,30.31791]},"properties":{"id":"osm:n7865755914","kind":"settlement","subtype":"hamlet","name":"lantar","population":150,"populationEstimated":true}},{"type":"Feature","geometry":{"type":"Point","coordinates":[78.56336,30.32169]},"properties":{"id":"osm:n7865755915","kind":"settlement","subtype":"hamlet","name":"palkot","population":150,"populationEstimated":true}},{"type":"Feature","geometry":{"type":"Point","coordinates":[78.56817,30.32406]},"properties":{"id":"osm:n7865755916","kind":"settlement","subtype":"hamlet","name":"baunsta","population":150,"populationEstimated":true}},{"type":"Feature","geometry":{"type":"Point","coordinates":[78.56999,30.32702]},"properties":{"id":"osm:n7865755917","kind":"settlement","subtype":"hamlet","name":"bagi","population":150,"populationEstimated":true}},{"type":"Feature","geometry":{"type":"Point","coordinates":[78.56306,30.32693]},"properties":{"id":"osm:n7865755918","kind":"settlement","subtype":"hamlet","name":"saundhar","population":150,"populationEstimated":true}},{"type":"Feature","geometry":{"type":"Point","coordinates":[78.54761,30.32766]},"properties":{"id":"osm:n7865755919","kind":"settlement","subtype":"hamlet","name":"saipal","population":150,"populationEstimated":true}},{"type":"Feature","geometry":{"type":"Point","coordinates":[78.54146,30.32143]},"properties":{"id":"osm:n7865755920","kind":"settlement","subtype":"hamlet","name":"khand","population":150,"populationEstimated":true}},{"type":"Feature","geometry":{"type":"Point","coordinates":[78.54957,30.32415]},"properties":{"id":"osm:n7865755922","kind":"settlement","subtype":"hamlet","name":"matkhani","population":150,"populationEstimated":true}},{"type":"Feature","geometry":{"type":"Point","coordinates":[78.55881,30.32824]},"properties":{"id":"osm:n7865755923","kind":"settlement","subtype":"hamlet","name":"jelam","population":150,"populationEstimated":true}},{"type":"Feature","geometry":{"type":"Point","coordinates":[78.55621,30.3306]},"properties":{"id":"osm:n7865755924","kind":"settlement","subtype":"hamlet","name":"khandogi","population":150,"populationEstimated":true}},{"type":"Feature","geometry":{"type":"Point","coordinates":[78.57179,30.33766]},"properties":{"id":"osm:n7865755927","kind":"settlement","subtype":"hamlet","name":"molkhali","population":150,"populationEstimated":true}},{"type":"Feature","geometry":{"type":"Point","coordinates":[78.5765,30.28439]},"properties":{"id":"osm:n7865773087","kind":"settlement","subtype":"hamlet","name":"shrikot","population":150,"populationEstimated":true}},{"type":"Feature","geometry":{"type":"Point","coordinates":[78.58297,30.25671]},"properties":{"id":"osm:n7865773088","kind":"settlement","subtype":"hamlet","name":"malu maruda","population":150,"populationEstimated":true}},{"type":"Feature","geometry":{"type":"Point","coordinates":[78.57094,30.25257]},"properties":{"id":"osm:n7865773089","kind":"settlement","subtype":"hamlet","name":"khudoli malli","population":150,"populationEstimated":true}},{"type":"Feature","geometry":{"type":"Point","coordinates":[78.56906,30.26088]},"properties":{"id":"osm:n7865773090","kind":"settlement","subtype":"hamlet","name":"rikhwani","population":150,"populationEstimated":true}},{"type":"Feature","geometry":{"type":"Point","coordinates":[78.55007,30.2569]},"properties":{"id":"osm:n7865773091","kind":"settlement","subtype":"village","name":"chapoli","population":1000,"populationEstimated":true}},{"type":"Feature","geometry":{"type":"Point","coordinates":[78.54586,30.26459]},"properties":{"id":"osm:n7865773093","kind":"settlement","subtype":"hamlet","name":"bagi","population":150,"populationEstimated":true}},{"type":"Feature","geometry":{"type":"Point","coordinates":[78.54279,30.26747]},"properties":{"id":"osm:n7865773094","kind":"settlement","subtype":"hamlet","name":"khon","population":150,"populationEstimated":true}},{"type":"Feature","geometry":{"type":"Point","coordinates":[78.55337,30.26309]},"properties":{"id":"osm:n7865773095","kind":"settlement","subtype":"hamlet","name":"nandoli","population":150,"populationEstimated":true}},{"type":"Feature","geometry":{"type":"Point","coordinates":[78.55418,30.2766]},"properties":{"id":"osm:n7865773096","kind":"settlement","subtype":"hamlet","name":"jogdhar","population":150,"populationEstimated":true}},{"type":"Feature","geometry":{"type":"Point","coordinates":[78.54314,30.27478]},"properties":{"id":"osm:n7865773097","kind":"settlement","subtype":"hamlet","name":"dasholi","population":150,"populationEstimated":true}},{"type":"Feature","geometry":{"type":"Point","coordinates":[78.55801,30.28333]},"properties":{"id":"osm:n7865773098","kind":"settlement","subtype":"hamlet","name":"kumrata","population":150,"populationEstimated":true}},{"type":"Feature","geometry":{"type":"Point","coordinates":[78.54952,30.28347]},"properties":{"id":"osm:n7865773100","kind":"settlement","subtype":"hamlet","name":"singoli","population":150,"populationEstimated":true}},{"type":"Feature","geometry":{"type":"Point","coordinates":[78.59711,30.34915]},"properties":{"id":"osm:n7865779860","kind":"settlement","subtype":"hamlet","name":"negyana","population":150,"populationEstimated":true}},{"type":"Feature","geometry":{"type":"Point","coordinates":[78.59364,30.35355]},"properties":{"id":"osm:n7865779861","kind":"settlement","subtype":"hamlet","name":"juili","population":150,"populationEstimated":true}},{"type":"Feature","geometry":{"type":"Point","coordinates":[78.60563,30.35988]},"properties":{"id":"osm:n7865779862","kind":"settlement","subtype":"village","name":"jhurangaon","population":1000,"populationEstimated":true}},{"type":"Feature","geometry":{"type":"Point","coordinates":[78.59313,30.38349]},"properties":{"id":"osm:n7865779863","kind":"settlement","subtype":"hamlet","name":"asena","population":150,"populationEstimated":true}},{"type":"Feature","geometry":{"type":"Point","coordinates":[78.58376,30.29149]},"properties":{"id":"osm:n7865789490","kind":"settlement","subtype":"hamlet","name":"malda","population":150,"populationEstimated":true}},{"type":"Feature","geometry":{"type":"Point","coordinates":[78.59883,30.29592]},"properties":{"id":"osm:n7865789491","kind":"settlement","subtype":"hamlet","name":"karans","population":150,"populationEstimated":true}},{"type":"Feature","geometry":{"type":"Point","coordinates":[78.59707,30.29934]},"properties":{"id":"osm:n7865789492","kind":"settlement","subtype":"hamlet","name":"kaphulna","population":150,"populationEstimated":true}},{"type":"Feature","geometry":{"type":"Point","coordinates":[78.59082,30.30193]},"properties":{"id":"osm:n7865789493","kind":"settlement","subtype":"hamlet","name":"bainsoli","population":150,"populationEstimated":true}},{"type":"Feature","geometry":{"type":"Point","coordinates":[78.60446,30.30133]},"properties":{"id":"osm:n7865789494","kind":"settlement","subtype":"hamlet","name":"andreti","population":150,"populationEstimated":true}},{"type":"Feature","geometry":{"type":"Point","coordinates":[78.59926,30.30689]},"properties":{"id":"osm:n7865789496","kind":"settlement","subtype":"hamlet","name":"kaintholi","population":150,"populationEstimated":true}},{"type":"Feature","geometry":{"type":"Point","coordinates":[78.58551,30.31213]},"properties":{"id":"osm:n7865789497","kind":"settlement","subtype":"hamlet","name":"dasholi","population":150,"populationEstimated":true}},{"type":"Feature","geometry":{"type":"Point","coordinates":[78.58797,30.31066]},"properties":{"id":"osm:n7865789498","kind":"settlement","subtype":"hamlet","name":"kalana","population":150,"populationEstimated":true}},{"type":"Feature","geometry":{"type":"Point","coordinates":[78.5922,30.31277]},"properties":{"id":"osm:n7865789499","kind":"settlement","subtype":"hamlet","name":"migwali","population":150,"populationEstimated":true}},{"type":"Feature","geometry":{"type":"Point","coordinates":[78.58779,30.31433]},"properties":{"id":"osm:n7865789500","kind":"settlement","subtype":"village","name":"anjanisain","population":1000,"populationEstimated":true}},{"type":"Feature","geometry":{"type":"Point","coordinates":[78.61777,30.27059]},"properties":{"id":"osm:n7865803520","kind":"settlement","subtype":"hamlet","name":"jogyana","population":150,"populationEstimated":true}},{"type":"Feature","geometry":{"type":"Point","coordinates":[78.59028,30.25311]},"properties":{"id":"osm:n7865803524","kind":"settlement","subtype":"hamlet","name":"sirmauli","population":150,"populationEstimated":true}},{"type":"Feature","geometry":{"type":"Point","coordinates":[78.59913,30.2604]},"properties":{"id":"osm:n7865803527","kind":"settlement","subtype":"hamlet","name":"jarola","population":150,"populationEstimated":true}},{"type":"Feature","geometry":{"type":"Point","coordinates":[78.59497,30.27223]},"properties":{"id":"osm:n7865803528","kind":"settlement","subtype":"hamlet","name":"kandi","population":150,"populationEstimated":true}},{"type":"Feature","geometry":{"type":"Point","coordinates":[78.5898,30.26761]},"properties":{"id":"osm:n7865803529","kind":"settlement","subtype":"hamlet","name":"kashigaon","population":150,"populationEstimated":true}},{"type":"Feature","geometry":{"type":"Point","coordinates":[78.58451,30.27212]},"properties":{"id":"osm:n7865803530","kind":"settlement","subtype":"hamlet","name":"panchur","population":150,"populationEstimated":true}},{"type":"Feature","geometry":{"type":"Point","coordinates":[78.5886,30.27914]},"properties":{"id":"osm:n7865803532","kind":"settlement","subtype":"hamlet","name":"dharun","population":150,"populationEstimated":true}},{"type":"Feature","geometry":{"type":"Point","coordinates":[78.5935,30.28436]},"properties":{"id":"osm:n7865803533","kind":"settlement","subtype":"hamlet","name":"raurdhar","population":150,"populationEstimated":true}},{"type":"Feature","geometry":{"type":"Point","coordinates":[78.39614,30.34368]},"properties":{"id":"osm:n7872911820","kind":"settlement","subtype":"hamlet","name":"Manjur","population":150,"populationEstimated":true}},{"type":"Feature","geometry":{"type":"Point","coordinates":[78.39664,30.34145]},"properties":{"id":"osm:n7872911821","kind":"settlement","subtype":"hamlet","name":"Dikhalgaon","population":150,"populationEstimated":true}},{"type":"Feature","geometry":{"type":"Point","coordinates":[78.39694,30.33829]},"properties":{"id":"osm:n7872911822","kind":"settlement","subtype":"hamlet","name":"Chimargaon","population":150,"populationEstimated":true}},{"type":"Feature","geometry":{"type":"Point","coordinates":[78.3925,30.33085]},"properties":{"id":"osm:n7872911823","kind":"settlement","subtype":"hamlet","name":"Than","population":150,"populationEstimated":true}},{"type":"Feature","geometry":{"type":"Point","coordinates":[78.38387,30.33662]},"properties":{"id":"osm:n7872911824","kind":"settlement","subtype":"hamlet","name":"Syunta Bara","population":150,"populationEstimated":true}},{"type":"Feature","geometry":{"type":"Point","coordinates":[78.37996,30.33364]},"properties":{"id":"osm:n7872911825","kind":"settlement","subtype":"hamlet","name":"Narangi","population":150,"populationEstimated":true}},{"type":"Feature","geometry":{"type":"Point","coordinates":[78.44097,30.29635]},"properties":{"id":"osm:n7872911826","kind":"settlement","subtype":"hamlet","name":"Kalnchh","population":150,"populationEstimated":true}},{"type":"Feature","geometry":{"type":"Point","coordinates":[78.4047,30.35355]},"properties":{"id":"osm:n7872911827","kind":"settlement","subtype":"hamlet","name":"Surkhot","population":150,"populationEstimated":true}},{"type":"Feature","geometry":{"type":"Point","coordinates":[78.3838,30.37188]},"properties":{"id":"osm:n7872911828","kind":"settlement","subtype":"hamlet","name":"Behalcol","population":150,"populationEstimated":true}},{"type":"Feature","geometry":{"type":"Point","coordinates":[78.39468,30.36912]},"properties":{"id":"osm:n7872911829","kind":"settlement","subtype":"hamlet","name":"Bhangarkhola","population":150,"populationEstimated":true}},{"type":"Feature","geometry":{"type":"Point","coordinates":[78.40462,30.35784]},"properties":{"id":"osm:n7872911830","kind":"settlement","subtype":"hamlet","name":"Gajana","population":150,"populationEstimated":true}},{"type":"Feature","geometry":{"type":"Point","coordinates":[78.40957,30.35529]},"properties":{"id":"osm:n7872911831","kind":"settlement","subtype":"hamlet","name":"Bhedari","population":150,"populationEstimated":true}},{"type":"Feature","geometry":{"type":"Point","coordinates":[78.41642,30.34849]},"properties":{"id":"osm:n7872911832","kind":"settlement","subtype":"hamlet","name":"Basuglbagi","population":150,"populationEstimated":true}},{"type":"Feature","geometry":{"type":"Point","coordinates":[78.41761,30.35323]},"properties":{"id":"osm:n7872911833","kind":"settlement","subtype":"hamlet","name":"Bhurabagi","population":150,"populationEstimated":true}},{"type":"Feature","geometry":{"type":"Point","coordinates":[78.42524,30.35218]},"properties":{"id":"osm:n7872911834","kind":"settlement","subtype":"hamlet","name":"Batykhem","population":150,"populationEstimated":true}},{"type":"Feature","geometry":{"type":"Point","coordinates":[78.40741,30.33977]},"properties":{"id":"osm:n7872911836","kind":"settlement","subtype":"hamlet","name":"Badshahithaul","population":150,"populationEstimated":true}},{"type":"Feature","geometry":{"type":"Point","coordinates":[78.40578,30.33516]},"properties":{"id":"osm:n7872911837","kind":"settlement","subtype":"hamlet","name":"Tharsalgaon","population":150,"populationEstimated":true}},{"type":"Feature","geometry":{"type":"Point","coordinates":[78.41792,30.33627]},"properties":{"id":"osm:n7872911838","kind":"settlement","subtype":"hamlet","name":"Saundkoti","population":150,"populationEstimated":true}},{"type":"Feature","geometry":{"type":"Point","coordinates":[78.4403,30.32938]},"properties":{"id":"osm:n7872911839","kind":"settlement","subtype":"hamlet","name":"Chamdi","population":150,"populationEstimated":true}},{"type":"Feature","geometry":{"type":"Point","coordinates":[78.44693,30.33545]},"properties":{"id":"osm:n7872911841","kind":"settlement","subtype":"hamlet","name":"Bhaun","population":150,"populationEstimated":true}},{"type":"Feature","geometry":{"type":"Point","coordinates":[78.44689,30.33431]},"properties":{"id":"osm:n7872911843","kind":"settlement","subtype":"hamlet","name":"Koldhar","population":150,"populationEstimated":true}},{"type":"Feature","geometry":{"type":"Point","coordinates":[78.46805,30.34051]},"properties":{"id":"osm:n7872911845","kind":"settlement","subtype":"hamlet","name":"Sagwangaon","population":150,"populationEstimated":true}},{"type":"Feature","geometry":{"type":"Point","coordinates":[78.45963,30.34455]},"properties":{"id":"osm:n7872911846","kind":"settlement","subtype":"hamlet","name":"Lawadhar","population":150,"populationEstimated":true}},{"type":"Feature","geometry":{"type":"Point","coordinates":[78.45805,30.35014]},"properties":{"id":"osm:n7872911847","kind":"settlement","subtype":"hamlet","name":"Gyansu","population":150,"populationEstimated":true}},{"type":"Feature","geometry":{"type":"Point","coordinates":[78.46539,30.35523]},"properties":{"id":"osm:n7872911848","kind":"settlement","subtype":"hamlet","name":"pata","population":150,"populationEstimated":true}},{"type":"Feature","geometry":{"type":"Point","coordinates":[78.46762,30.35938]},"properties":{"id":"osm:n7872911849","kind":"settlement","subtype":"hamlet","name":"Bhotkoti","population":150,"populationEstimated":true}},{"type":"Feature","geometry":{"type":"Point","coordinates":[78.43876,30.3581]},"properties":{"id":"osm:n7872911850","kind":"settlement","subtype":"hamlet","name":"Pasi","population":150,"populationEstimated":true}},{"type":"Feature","geometry":{"type":"Point","coordinates":[78.42562,30.36223]},"properties":{"id":"osm:n7872911851","kind":"settlement","subtype":"hamlet","name":"Chawaikher","population":150,"populationEstimated":true}},{"type":"Feature","geometry":{"type":"Point","coordinates":[78.43346,30.36658]},"properties":{"id":"osm:n7872911852","kind":"settlement","subtype":"hamlet","name":"Budogi","population":150,"populationEstimated":true}},{"type":"Feature","geometry":{"type":"Point","coordinates":[78.44316,30.3661]},"properties":{"id":"osm:n7872911853","kind":"settlement","subtype":"hamlet","name":"Pangar","population":150,"populationEstimated":true}},{"type":"Feature","geometry":{"type":"Point","coordinates":[78.45105,30.36843]},"properties":{"id":"osm:n7872911854","kind":"settlement","subtype":"hamlet","name":"Bhaintogi","population":150,"populationEstimated":true}},{"type":"Feature","geometry":{"type":"Point","coordinates":[78.45685,30.36173]},"properties":{"id":"osm:n7872911855","kind":"settlement","subtype":"hamlet","name":"Balma","population":150,"populationEstimated":true}},{"type":"Feature","geometry":{"type":"Point","coordinates":[78.42389,30.34099]},"properties":{"id":"osm:n7872911856","kind":"settlement","subtype":"hamlet","name":"badongaon","population":150,"populationEstimated":true}},{"type":"Feature","geometry":{"type":"Point","coordinates":[78.4305,30.34521]},"properties":{"id":"osm:n7872911857","kind":"settlement","subtype":"hamlet","name":"Lamkot","population":150,"populationEstimated":true}},{"type":"Feature","geometry":{"type":"Point","coordinates":[78.435,30.33725]},"properties":{"id":"osm:n7872911858","kind":"settlement","subtype":"hamlet","name":"Kemwaigaon","population":150,"populationEstimated":true}},{"type":"Feature","geometry":{"type":"Point","coordinates":[78.42932,30.32703]},"properties":{"id":"osm:n7872911859","kind":"settlement","subtype":"hamlet","name":"Samalta","population":150,"populationEstimated":true}},{"type":"Feature","geometry":{"type":"Point","coordinates":[78.40702,30.32073]},"properties":{"id":"osm:n7872911860","kind":"settlement","subtype":"hamlet","name":"ranichauri","population":150,"populationEstimated":true}},{"type":"Feature","geometry":{"type":"Point","coordinates":[78.41054,30.3251]},"properties":{"id":"osm:n7872911861","kind":"settlement","subtype":"hamlet","name":"Jagdhar","population":150,"populationEstimated":true}},{"type":"Feature","geometry":{"type":"Point","coordinates":[78.41481,30.27734]},"properties":{"id":"osm:n7872911862","kind":"settlement","subtype":"hamlet","name":"Toli","population":150,"populationEstimated":true}},{"type":"Feature","geometry":{"type":"Point","coordinates":[78.40479,30.27397]},"properties":{"id":"osm:n7872911863","kind":"settlement","subtype":"hamlet","name":"Manda","population":150,"populationEstimated":true}},{"type":"Feature","geometry":{"type":"Point","coordinates":[78.38168,30.2846]},"properties":{"id":"osm:n7872911864","kind":"settlement","subtype":"hamlet","name":"Paligaon","population":150,"populationEstimated":true}},{"type":"Feature","geometry":{"type":"Point","coordinates":[78.3902,30.28108]},"properties":{"id":"osm:n7872911865","kind":"settlement","subtype":"hamlet","name":"Suir","population":150,"populationEstimated":true}},{"type":"Feature","geometry":{"type":"Point","coordinates":[78.38318,30.27908]},"properties":{"id":"osm:n7872911866","kind":"settlement","subtype":"hamlet","name":"Koti","population":150,"populationEstimated":true}},{"type":"Feature","geometry":{"type":"Point","coordinates":[78.3844,30.28323]},"properties":{"id":"osm:n7872911868","kind":"settlement","subtype":"hamlet","name":"Nala","population":150,"populationEstimated":true}},{"type":"Feature","geometry":{"type":"Point","coordinates":[78.38643,30.28864]},"properties":{"id":"osm:n7872911869","kind":"settlement","subtype":"hamlet","name":"Kakrasari","population":150,"populationEstimated":true}},{"type":"Feature","geometry":{"type":"Point","coordinates":[78.38865,30.29242]},"properties":{"id":"osm:n7872911870","kind":"settlement","subtype":"hamlet","name":"Kuti","population":150,"populationEstimated":true}},{"type":"Feature","geometry":{"type":"Point","coordinates":[78.38363,30.29628]},"properties":{"id":"osm:n7872911871","kind":"settlement","subtype":"hamlet","name":"atali","population":150,"populationEstimated":true}},{"type":"Feature","geometry":{"type":"Point","coordinates":[78.39535,30.30335]},"properties":{"id":"osm:n7872911873","kind":"settlement","subtype":"hamlet","name":"Maun","population":150,"populationEstimated":true}},{"type":"Feature","geometry":{"type":"Point","coordinates":[78.38728,30.30417]},"properties":{"id":"osm:n7872911874","kind":"settlement","subtype":"hamlet","name":"Khatyar","population":150,"populationEstimated":true}},{"type":"Feature","geometry":{"type":"Point","coordinates":[78.40861,30.3121]},"properties":{"id":"osm:n7872911875","kind":"settlement","subtype":"hamlet","name":"Pantnagar","population":150,"populationEstimated":true}},{"type":"Feature","geometry":{"type":"Point","coordinates":[78.41914,30.31954]},"properties":{"id":"osm:n7872911876","kind":"settlement","subtype":"hamlet","name":"Dagri","population":150,"populationEstimated":true}},{"type":"Feature","geometry":{"type":"Point","coordinates":[78.42011,30.31462]},"properties":{"id":"osm:n7872911877","kind":"settlement","subtype":"hamlet","name":"Vid","population":150,"populationEstimated":true}},{"type":"Feature","geometry":{"type":"Point","coordinates":[78.44764,30.32134]},"properties":{"id":"osm:n7872911879","kind":"settlement","subtype":"hamlet","name":"Dowsara","population":150,"populationEstimated":true}},{"type":"Feature","geometry":{"type":"Point","coordinates":[78.43303,30.31947]},"properties":{"id":"osm:n7872911880","kind":"settlement","subtype":"hamlet","name":"palli","population":150,"populationEstimated":true}},{"type":"Feature","geometry":{"type":"Point","coordinates":[78.43753,30.28694]},"properties":{"id":"osm:n7872911881","kind":"settlement","subtype":"hamlet","name":"drgothi","population":150,"populationEstimated":true}},{"type":"Feature","geometry":{"type":"Point","coordinates":[78.42586,30.29278]},"properties":{"id":"osm:n7872911882","kind":"settlement","subtype":"hamlet","name":"mamooya ka Paur","population":150,"populationEstimated":true}},{"type":"Feature","geometry":{"type":"Point","coordinates":[78.45414,30.30521]},"properties":{"id":"osm:n7872921386","kind":"settlement","subtype":"hamlet","name":"Mathyasan","population":150,"populationEstimated":true}},{"type":"Feature","geometry":{"type":"Point","coordinates":[78.45551,30.2932]},"properties":{"id":"osm:n7872921387","kind":"settlement","subtype":"hamlet","name":"Tingri","population":150,"populationEstimated":true}},{"type":"Feature","geometry":{"type":"Point","coordinates":[78.45865,30.29502]},"properties":{"id":"osm:n7872921388","kind":"settlement","subtype":"hamlet","name":"jagathi","population":150,"populationEstimated":true}},{"type":"Feature","geometry":{"type":"Point","coordinates":[78.45551,30.30091]},"properties":{"id":"osm:n7872921389","kind":"settlement","subtype":"hamlet","name":"khandkari","population":150,"populationEstimated":true}},{"type":"Feature","geometry":{"type":"Point","coordinates":[78.46184,30.30723]},"properties":{"id":"osm:n7872921390","kind":"settlement","subtype":"hamlet","name":"Koti math","population":150,"populationEstimated":true}},{"type":"Feature","geometry":{"type":"Point","coordinates":[78.45963,30.31821]},"properties":{"id":"osm:n7872921391","kind":"settlement","subtype":"hamlet","name":"Tungoli","population":150,"populationEstimated":true}},{"type":"Feature","geometry":{"type":"Point","coordinates":[78.45998,30.30487]},"properties":{"id":"osm:n7872921392","kind":"settlement","subtype":"hamlet","name":"Khal","population":150,"populationEstimated":true}},{"type":"Feature","geometry":{"type":"Point","coordinates":[78.46268,30.31125]},"properties":{"id":"osm:n7872921393","kind":"settlement","subtype":"hamlet","name":"Ramolgaon","population":150,"populationEstimated":true}},{"type":"Feature","geometry":{"type":"Point","coordinates":[78.46324,30.32377]},"properties":{"id":"osm:n7872921394","kind":"settlement","subtype":"hamlet","name":"Manda","population":150,"populationEstimated":true}},{"type":"Feature","geometry":{"type":"Point","coordinates":[78.47448,30.31614]},"properties":{"id":"osm:n7872921395","kind":"settlement","subtype":"hamlet","name":"Chhati","population":150,"populationEstimated":true}},{"type":"Feature","geometry":{"type":"Point","coordinates":[78.46903,30.3105]},"properties":{"id":"osm:n7872921396","kind":"settlement","subtype":"hamlet","name":"Bhalli","population":150,"populationEstimated":true}},{"type":"Feature","geometry":{"type":"Point","coordinates":[78.47165,30.30598]},"properties":{"id":"osm:n7872921397","kind":"settlement","subtype":"hamlet","name":"Bajaber","population":150,"populationEstimated":true}},{"type":"Feature","geometry":{"type":"Point","coordinates":[78.48732,30.30606]},"properties":{"id":"osm:n7872921400","kind":"settlement","subtype":"hamlet","name":"Palam","population":150,"populationEstimated":true}},{"type":"Feature","geometry":{"type":"Point","coordinates":[78.4832,30.31121]},"properties":{"id":"osm:n7872921401","kind":"settlement","subtype":"hamlet","name":"dandeli","population":150,"populationEstimated":true}},{"type":"Feature","geometry":{"type":"Point","coordinates":[78.48427,30.3228]},"properties":{"id":"osm:n7872921402","kind":"settlement","subtype":"hamlet","name":"danderi","population":150,"populationEstimated":true}},{"type":"Feature","geometry":{"type":"Point","coordinates":[78.48564,30.32747]},"properties":{"id":"osm:n7872921403","kind":"settlement","subtype":"hamlet","name":"Kyari","population":150,"populationEstimated":true}},{"type":"Feature","geometry":{"type":"Point","coordinates":[78.48268,30.3344]},"properties":{"id":"osm:n7872921404","kind":"settlement","subtype":"hamlet","name":"Dobra","population":150,"populationEstimated":true}},{"type":"Feature","geometry":{"type":"Point","coordinates":[78.4877,30.34329]},"properties":{"id":"osm:n7872921405","kind":"settlement","subtype":"hamlet","name":"Chopra","population":150,"populationEstimated":true}},{"type":"Feature","geometry":{"type":"Point","coordinates":[78.4762,30.34766]},"properties":{"id":"osm:n7872921406","kind":"settlement","subtype":"hamlet","name":"Marh","population":150,"populationEstimated":true}},{"type":"Feature","geometry":{"type":"Point","coordinates":[78.49064,30.34912]},"properties":{"id":"osm:n7872921407","kind":"settlement","subtype":"hamlet","name":"Gargad","population":150,"populationEstimated":true}},{"type":"Feature","geometry":{"type":"Point","coordinates":[78.43695,30.39161]},"properties":{"id":"osm:n7872921409","kind":"settlement","subtype":"hamlet","name":"Godmu","population":150,"populationEstimated":true}},{"type":"Feature","geometry":{"type":"Point","coordinates":[78.49008,30.3639]},"properties":{"id":"osm:n7872921411","kind":"settlement","subtype":"hamlet","name":"Doosari","population":150,"populationEstimated":true}},{"type":"Feature","geometry":{"type":"Point","coordinates":[78.48686,30.27728]},"properties":{"id":"osm:n7873054406","kind":"settlement","subtype":"hamlet","name":"Kulpi","population":150,"populationEstimated":true}},{"type":"Feature","geometry":{"type":"Point","coordinates":[78.47182,30.27788]},"properties":{"id":"osm:n7873054407","kind":"settlement","subtype":"hamlet","name":"kundakhet","population":150,"populationEstimated":true}},{"type":"Feature","geometry":{"type":"Point","coordinates":[78.47757,30.2764]},"properties":{"id":"osm:n7873054408","kind":"settlement","subtype":"hamlet","name":"Kurgoli","population":150,"populationEstimated":true}},{"type":"Feature","geometry":{"type":"Point","coordinates":[78.44773,30.35746]},"properties":{"id":"osm:n7873054420","kind":"settlement","subtype":"hamlet","name":"gwar","population":150,"populationEstimated":true}},{"type":"Feature","geometry":{"type":"Point","coordinates":[78.43987,30.35301]},"properties":{"id":"osm:n7873054421","kind":"settlement","subtype":"hamlet","name":"Kandakhali","population":150,"populationEstimated":true}},{"type":"Feature","geometry":{"type":"Point","coordinates":[78.3944,30.35943]},"properties":{"id":"osm:n7873054437","kind":"settlement","subtype":"hamlet","name":"Bichla Hadam","population":150,"populationEstimated":true}},{"type":"Feature","geometry":{"type":"Point","coordinates":[78.40514,30.36494]},"properties":{"id":"osm:n7873054438","kind":"settlement","subtype":"hamlet","name":"Dandasali","population":150,"populationEstimated":true}},{"type":"Feature","geometry":{"type":"Point","coordinates":[78.40406,30.36075]},"properties":{"id":"osm:n7873054439","kind":"settlement","subtype":"hamlet","name":"Hadam Talla","population":150,"populationEstimated":true}},{"type":"Feature","geometry":{"type":"Point","coordinates":[78.3914,30.35332]},"properties":{"id":"osm:n7873054440","kind":"settlement","subtype":"hamlet","name":"Hadaon","population":150,"populationEstimated":true}},{"type":"Feature","geometry":{"type":"Point","coordinates":[78.38089,30.35044]},"properties":{"id":"osm:n7873054441","kind":"settlement","subtype":"hamlet","name":"Sudhara","population":150,"populationEstimated":true}},{"type":"Feature","geometry":{"type":"Point","coordinates":[78.37874,30.34681]},"properties":{"id":"osm:n7873054442","kind":"settlement","subtype":"hamlet","name":"Jakoth","population":150,"populationEstimated":true}},{"type":"Feature","geometry":{"type":"Point","coordinates":[78.42226,30.26896]},"properties":{"id":"osm:n7873054444","kind":"settlement","subtype":"hamlet","name":"Gaja","population":150,"populationEstimated":true}},{"type":"Feature","geometry":{"type":"Point","coordinates":[78.3782,30.27243]},"properties":{"id":"osm:n7873054446","kind":"settlement","subtype":"hamlet","name":"Kapolgaoo","population":150,"populationEstimated":true}},{"type":"Feature","geometry":{"type":"Point","coordinates":[78.37943,30.26845]},"properties":{"id":"osm:n7873054447","kind":"settlement","subtype":"hamlet","name":"Ampata","population":150,"populationEstimated":true}},{"type":"Feature","geometry":{"type":"Point","coordinates":[78.39642,30.26407]},"properties":{"id":"osm:n7873054448","kind":"settlement","subtype":"hamlet","name":"gaind","population":150,"populationEstimated":true}},{"type":"Feature","geometry":{"type":"Point","coordinates":[78.40163,30.26657]},"properties":{"id":"osm:n7873054449","kind":"settlement","subtype":"hamlet","name":"Timwari","population":150,"populationEstimated":true}},{"type":"Feature","geometry":{"type":"Point","coordinates":[78.38825,30.2687]},"properties":{"id":"osm:n7873054450","kind":"settlement","subtype":"hamlet","name":"gaindi","population":150,"populationEstimated":true}},{"type":"Feature","geometry":{"type":"Point","coordinates":[78.39013,30.27161]},"properties":{"id":"osm:n7873054451","kind":"settlement","subtype":"hamlet","name":"Dadwa","population":150,"populationEstimated":true}},{"type":"Feature","geometry":{"type":"Point","coordinates":[78.44192,30.26378]},"properties":{"id":"osm:n7873054452","kind":"settlement","subtype":"hamlet","name":"Kirthwalgaon","population":150,"populationEstimated":true}},{"type":"Feature","geometry":{"type":"Point","coordinates":[78.44882,30.26429]},"properties":{"id":"osm:n7873054453","kind":"settlement","subtype":"hamlet","name":"Birmangaon","population":150,"populationEstimated":true}},{"type":"Feature","geometry":{"type":"Point","coordinates":[78.4374,30.27412]},"properties":{"id":"osm:n7873054454","kind":"settlement","subtype":"hamlet","name":"Dubakoti","population":150,"populationEstimated":true}},{"type":"Feature","geometry":{"type":"Point","coordinates":[78.44238,30.27749]},"properties":{"id":"osm:n7873054455","kind":"settlement","subtype":"hamlet","name":"Chaurkhet","population":150,"populationEstimated":true}},{"type":"Feature","geometry":{"type":"Point","coordinates":[78.44039,30.27006]},"properties":{"id":"osm:n7873054456","kind":"settlement","subtype":"hamlet","name":"virogi","population":150,"populationEstimated":true}},{"type":"Feature","geometry":{"type":"Point","coordinates":[78.46057,30.26652]},"properties":{"id":"osm:n7873054457","kind":"settlement","subtype":"hamlet","name":"Barsurgaon","population":150,"populationEstimated":true}},{"type":"Feature","geometry":{"type":"Point","coordinates":[78.45622,30.26626]},"properties":{"id":"osm:n7873054458","kind":"settlement","subtype":"hamlet","name":"Bagid","population":150,"populationEstimated":true}},{"type":"Feature","geometry":{"type":"Point","coordinates":[78.45406,30.2789]},"properties":{"id":"osm:n7873054459","kind":"settlement","subtype":"hamlet","name":"Chargaon","population":150,"populationEstimated":true}},{"type":"Feature","geometry":{"type":"Point","coordinates":[78.475,30.28864]},"properties":{"id":"osm:n7873054463","kind":"settlement","subtype":"hamlet","name":"Phipalti","population":150,"populationEstimated":true}},{"type":"Feature","geometry":{"type":"Point","coordinates":[78.4638,30.27145]},"properties":{"id":"osm:n7873054464","kind":"settlement","subtype":"hamlet","name":"kathur","population":150,"populationEstimated":true}},{"type":"Feature","geometry":{"type":"Point","coordinates":[78.48508,30.26689]},"properties":{"id":"osm:n7873054465","kind":"settlement","subtype":"hamlet","name":"Pavalgaon","population":150,"populationEstimated":true}},{"type":"Feature","geometry":{"type":"Point","coordinates":[78.47637,30.26941]},"properties":{"id":"osm:n7873054466","kind":"settlement","subtype":"hamlet","name":"Chamogi","population":150,"populationEstimated":true}},{"type":"Feature","geometry":{"type":"Point","coordinates":[78.47577,30.26327]},"properties":{"id":"osm:n7873054467","kind":"settlement","subtype":"hamlet","name":"Khand","population":150,"populationEstimated":true}},{"type":"Feature","geometry":{"type":"Point","coordinates":[78.48772,30.25682]},"properties":{"id":"osm:n7873054468","kind":"settlement","subtype":"hamlet","name":"Sauntilgaon","population":150,"populationEstimated":true}},{"type":"Feature","geometry":{"type":"Point","coordinates":[78.4868,30.2543]},"properties":{"id":"osm:n7873054469","kind":"settlement","subtype":"hamlet","name":"mangaon","population":150,"populationEstimated":true}},{"type":"Feature","geometry":{"type":"Point","coordinates":[78.48088,30.25138]},"properties":{"id":"osm:n7873054470","kind":"settlement","subtype":"hamlet","name":"Samnarkhoti","population":150,"populationEstimated":true}},{"type":"Feature","geometry":{"type":"Point","coordinates":[78.4587,30.25759]},"properties":{"id":"osm:n7873054471","kind":"settlement","subtype":"hamlet","name":"Dandeli","population":150,"populationEstimated":true}},{"type":"Feature","geometry":{"type":"Point","coordinates":[78.46062,30.2488]},"properties":{"id":"osm:n7873054472","kind":"settlement","subtype":"hamlet","name":"Palogi","population":150,"populationEstimated":true}},{"type":"Feature","geometry":{"type":"Point","coordinates":[78.45504,30.25062]},"properties":{"id":"osm:n7873054473","kind":"settlement","subtype":"hamlet","name":"Bamangaon","population":150,"populationEstimated":true}},{"type":"Feature","geometry":{"type":"Point","coordinates":[78.45039,30.2537]},"properties":{"id":"osm:n7873054474","kind":"settlement","subtype":"hamlet","name":"Andarphiogaon","population":150,"populationEstimated":true}},{"type":"Feature","geometry":{"type":"Point","coordinates":[78.44444,30.25323]},"properties":{"id":"osm:n7873054475","kind":"settlement","subtype":"hamlet","name":"Bhatoni","population":150,"populationEstimated":true}},{"type":"Feature","geometry":{"type":"Point","coordinates":[78.43957,30.25039]},"properties":{"id":"osm:n7873054476","kind":"settlement","subtype":"hamlet","name":"Dabara","population":150,"populationEstimated":true}},{"type":"Feature","geometry":{"type":"Point","coordinates":[78.43249,30.25946]},"properties":{"id":"osm:n7873054478","kind":"settlement","subtype":"hamlet","name":"Bhali","population":150,"populationEstimated":true}},{"type":"Feature","geometry":{"type":"Point","coordinates":[78.43004,30.26298]},"properties":{"id":"osm:n7873054479","kind":"settlement","subtype":"hamlet","name":"Pali","population":150,"populationEstimated":true}},{"type":"Feature","geometry":{"type":"Point","coordinates":[78.42221,30.26329]},"properties":{"id":"osm:n7873054480","kind":"settlement","subtype":"hamlet","name":"Gaunsan","population":150,"populationEstimated":true}},{"type":"Feature","geometry":{"type":"Point","coordinates":[78.42125,30.2587]},"properties":{"id":"osm:n7873054481","kind":"settlement","subtype":"hamlet","name":"Jaikot","population":150,"populationEstimated":true}},{"type":"Feature","geometry":{"type":"Point","coordinates":[78.24527,30.41684]},"properties":{"id":"osm:n7875660274","kind":"settlement","subtype":"hamlet","name":"chulistan","population":150,"populationEstimated":true}},{"type":"Feature","geometry":{"type":"Point","coordinates":[78.23106,30.41784]},"properties":{"id":"osm:n7875660275","kind":"settlement","subtype":"hamlet","name":"bhamarkhal","population":150,"populationEstimated":true}},{"type":"Feature","geometry":{"type":"Point","coordinates":[78.23179,30.39354]},"properties":{"id":"osm:n7875669314","kind":"settlement","subtype":"hamlet","name":"kardar","population":150,"populationEstimated":true}},{"type":"Feature","geometry":{"type":"Point","coordinates":[78.2332,30.40108]},"properties":{"id":"osm:n7875669316","kind":"settlement","subtype":"hamlet","name":"chhoti gad","population":150,"populationEstimated":true}},{"type":"Feature","geometry":{"type":"Point","coordinates":[78.2443,30.4028]},"properties":{"id":"osm:n7875669318","kind":"settlement","subtype":"hamlet","name":"jhalki","population":150,"populationEstimated":true}},{"type":"Feature","geometry":{"type":"Point","coordinates":[78.22461,30.40393]},"properties":{"id":"osm:n7875669322","kind":"settlement","subtype":"hamlet","name":"Goth","population":150,"populationEstimated":true}},{"type":"Feature","geometry":{"type":"Point","coordinates":[78.2359,30.40604]},"properties":{"id":"osm:n7875669323","kind":"settlement","subtype":"hamlet","name":"khetu","population":150,"populationEstimated":true}},{"type":"Feature","geometry":{"type":"Point","coordinates":[78.24706,30.41312]},"properties":{"id":"osm:n7875669326","kind":"settlement","subtype":"hamlet","name":"chorgarh","population":150,"populationEstimated":true}},{"type":"Feature","geometry":{"type":"Point","coordinates":[78.24533,30.29215]},"properties":{"id":"osm:n7884488772","kind":"settlement","subtype":"hamlet","name":"pasni","population":150,"populationEstimated":true}},{"type":"Feature","geometry":{"type":"Point","coordinates":[78.22976,30.29057]},"properties":{"id":"osm:n7884488775","kind":"settlement","subtype":"hamlet","name":"haldwari","population":150,"populationEstimated":true}},{"type":"Feature","geometry":{"type":"Point","coordinates":[78.22197,30.27063]},"properties":{"id":"osm:n7884488778","kind":"settlement","subtype":"hamlet","name":"banderna kalan","population":150,"populationEstimated":true}},{"type":"Feature","geometry":{"type":"Point","coordinates":[78.23465,30.2639]},"properties":{"id":"osm:n7884488779","kind":"settlement","subtype":"hamlet","name":"nahi kalan","population":150,"populationEstimated":true}},{"type":"Feature","geometry":{"type":"Point","coordinates":[78.24172,30.26364]},"properties":{"id":"osm:n7884488781","kind":"settlement","subtype":"hamlet","name":"nahi khurd","population":150,"populationEstimated":true}},{"type":"Feature","geometry":{"type":"Point","coordinates":[78.24356,30.25543]},"properties":{"id":"osm:n7884488782","kind":"settlement","subtype":"hamlet","name":"kairwangaon","population":150,"populationEstimated":true}},{"type":"Feature","geometry":{"type":"Point","coordinates":[78.22901,30.25239]},"properties":{"id":"osm:n7884488783","kind":"settlement","subtype":"hamlet","name":"sindhwalgaon","population":150,"populationEstimated":true}},{"type":"Feature","geometry":{"type":"Point","coordinates":[78.22156,30.26009]},"properties":{"id":"osm:n7884554887","kind":"settlement","subtype":"hamlet","name":"godi","population":150,"populationEstimated":true}},{"type":"Feature","geometry":{"type":"Point","coordinates":[78.22966,30.3108]},"properties":{"id":"osm:n7884560835","kind":"settlement","subtype":"hamlet","name":"aralgaon","population":150,"populationEstimated":true}},{"type":"Feature","geometry":{"type":"Point","coordinates":[78.23314,30.30408]},"properties":{"id":"osm:n7884560837","kind":"settlement","subtype":"hamlet","name":"sera","population":150,"populationEstimated":true}},{"type":"Feature","geometry":{"type":"Point","coordinates":[78.24512,30.3616]},"properties":{"id":"osm:n7884608099","kind":"settlement","subtype":"hamlet","name":"marura","population":150,"populationEstimated":true}},{"type":"Feature","geometry":{"type":"Point","coordinates":[78.23472,30.35244]},"properties":{"id":"osm:n7884608103","kind":"settlement","subtype":"hamlet","name":"ringalgarh","population":150,"populationEstimated":true}},{"type":"Feature","geometry":{"type":"Point","coordinates":[78.23778,30.34225]},"properties":{"id":"osm:n7884608105","kind":"settlement","subtype":"hamlet","name":"darwa","population":150,"populationEstimated":true}},{"type":"Feature","geometry":{"type":"Point","coordinates":[78.24381,30.34045]},"properties":{"id":"osm:n7884608106","kind":"settlement","subtype":"hamlet","name":"hatwalgaon","population":150,"populationEstimated":true}},{"type":"Feature","geometry":{"type":"Point","coordinates":[78.22699,30.34168]},"properties":{"id":"osm:n7884608107","kind":"settlement","subtype":"hamlet","name":"darak","population":150,"populationEstimated":true}},{"type":"Feature","geometry":{"type":"Point","coordinates":[78.4226,30.20838]},"properties":{"id":"osm:n7886507852","kind":"settlement","subtype":"hamlet","name":"Pyanthali","population":150,"populationEstimated":true}},{"type":"Feature","geometry":{"type":"Point","coordinates":[78.44219,30.23235]},"properties":{"id":"osm:n7886507859","kind":"settlement","subtype":"hamlet","name":"Gogani","population":150,"populationEstimated":true}},{"type":"Feature","geometry":{"type":"Point","coordinates":[78.42213,30.24847]},"properties":{"id":"osm:n7886507861","kind":"settlement","subtype":"hamlet","name":"Phalsari","population":150,"populationEstimated":true}},{"type":"Feature","geometry":{"type":"Point","coordinates":[78.417,30.23916]},"properties":{"id":"osm:n7886507862","kind":"settlement","subtype":"hamlet","name":"Chhidwan","population":150,"populationEstimated":true}},{"type":"Feature","geometry":{"type":"Point","coordinates":[78.44155,30.24481]},"properties":{"id":"osm:n7886507864","kind":"settlement","subtype":"hamlet","name":"Chauri","population":150,"populationEstimated":true}},{"type":"Feature","geometry":{"type":"Point","coordinates":[78.44517,30.24201]},"properties":{"id":"osm:n7886507865","kind":"settlement","subtype":"hamlet","name":"Lawabdara","population":150,"populationEstimated":true}},{"type":"Feature","geometry":{"type":"Point","coordinates":[78.45084,30.24808]},"properties":{"id":"osm:n7886507866","kind":"settlement","subtype":"hamlet","name":"Kandarigaon","population":150,"populationEstimated":true}},{"type":"Feature","geometry":{"type":"Point","coordinates":[78.45622,30.24316]},"properties":{"id":"osm:n7886507867","kind":"settlement","subtype":"hamlet","name":"Thanyul","population":150,"populationEstimated":true}},{"type":"Feature","geometry":{"type":"Point","coordinates":[78.46974,30.24061]},"properties":{"id":"osm:n7886507868","kind":"settlement","subtype":"hamlet","name":"Amsari","population":150,"populationEstimated":true}},{"type":"Feature","geometry":{"type":"Point","coordinates":[78.46581,30.24231]},"properties":{"id":"osm:n7886507869","kind":"settlement","subtype":"hamlet","name":"Maldhar","population":150,"populationEstimated":true}},{"type":"Feature","geometry":{"type":"Point","coordinates":[78.47236,30.24669]},"properties":{"id":"osm:n7886507870","kind":"settlement","subtype":"hamlet","name":"Kot","population":150,"populationEstimated":true}},{"type":"Feature","geometry":{"type":"Point","coordinates":[78.47903,30.24368]},"properties":{"id":"osm:n7886507871","kind":"settlement","subtype":"hamlet","name":"Payalgaon","population":150,"populationEstimated":true}},{"type":"Feature","geometry":{"type":"Point","coordinates":[78.47918,30.23148]},"properties":{"id":"osm:n7886507872","kind":"settlement","subtype":"hamlet","name":"Banatu Ka Gaon","population":150,"populationEstimated":true}},{"type":"Feature","geometry":{"type":"Point","coordinates":[78.48274,30.2296]},"properties":{"id":"osm:n7886507873","kind":"settlement","subtype":"hamlet","name":"Goni Ka Marara","population":150,"populationEstimated":true}},{"type":"Feature","geometry":{"type":"Point","coordinates":[78.48537,30.23749]},"properties":{"id":"osm:n7886507874","kind":"settlement","subtype":"hamlet","name":"Gumalgaon","population":150,"populationEstimated":true}},{"type":"Feature","geometry":{"type":"Point","coordinates":[78.49238,30.23782]},"properties":{"id":"osm:n7886507875","kind":"settlement","subtype":"hamlet","name":"Lawgaon","population":150,"populationEstimated":true}},{"type":"Feature","geometry":{"type":"Point","coordinates":[78.49227,30.23399]},"properties":{"id":"osm:n7886507876","kind":"settlement","subtype":"hamlet","name":"Kirara","population":150,"populationEstimated":true}},{"type":"Feature","geometry":{"type":"Point","coordinates":[78.48768,30.22577]},"properties":{"id":"osm:n7886507877","kind":"settlement","subtype":"hamlet","name":"Kemsur","population":150,"populationEstimated":true}},{"type":"Feature","geometry":{"type":"Point","coordinates":[78.49279,30.228]},"properties":{"id":"osm:n7886507878","kind":"settlement","subtype":"hamlet","name":"Saundari","population":150,"populationEstimated":true}},{"type":"Feature","geometry":{"type":"Point","coordinates":[78.43492,30.16689]},"properties":{"id":"osm:n7886624336","kind":"settlement","subtype":"hamlet","name":"Sain","population":150,"populationEstimated":true}},{"type":"Feature","geometry":{"type":"Point","coordinates":[78.39183,30.23378]},"properties":{"id":"osm:n7886624337","kind":"settlement","subtype":"hamlet","name":"Berni Badi","population":150,"populationEstimated":true}},{"type":"Feature","geometry":{"type":"Point","coordinates":[78.39715,30.23805]},"properties":{"id":"osm:n7886624338","kind":"settlement","subtype":"hamlet","name":"Berni Choti","population":150,"populationEstimated":true}},{"type":"Feature","geometry":{"type":"Point","coordinates":[78.39217,30.13808]},"properties":{"id":"osm:n7886624339","kind":"settlement","subtype":"hamlet","name":"Shivpuri","population":150,"populationEstimated":true}},{"type":"Feature","geometry":{"type":"Point","coordinates":[78.4156,30.16624]},"properties":{"id":"osm:n7886624340","kind":"settlement","subtype":"hamlet","name":"Khaneti","population":150,"populationEstimated":true}},{"type":"Feature","geometry":{"type":"Point","coordinates":[78.41187,30.15426]},"properties":{"id":"osm:n7886624341","kind":"settlement","subtype":"hamlet","name":"Timli","population":150,"populationEstimated":true}},{"type":"Feature","geometry":{"type":"Point","coordinates":[78.40749,30.14806]},"properties":{"id":"osm:n7886624342","kind":"settlement","subtype":"hamlet","name":"Tail","population":150,"populationEstimated":true}},{"type":"Feature","geometry":{"type":"Point","coordinates":[78.41024,30.12232]},"properties":{"id":"osm:n7886624344","kind":"settlement","subtype":"hamlet","name":"Kota","population":150,"populationEstimated":true}},{"type":"Feature","geometry":{"type":"Point","coordinates":[78.40575,30.12306]},"properties":{"id":"osm:n7886624345","kind":"settlement","subtype":"hamlet","name":"Phulari","population":150,"populationEstimated":true}},{"type":"Feature","geometry":{"type":"Point","coordinates":[78.38975,30.11886]},"properties":{"id":"osm:n7886624346","kind":"settlement","subtype":"hamlet","name":"Dhunargaon","population":150,"populationEstimated":true}},{"type":"Feature","geometry":{"type":"Point","coordinates":[78.37466,30.13058]},"properties":{"id":"osm:n7886624347","kind":"settlement","subtype":"hamlet","name":"Khagori","population":150,"populationEstimated":true}},{"type":"Feature","geometry":{"type":"Point","coordinates":[78.37994,30.14498]},"properties":{"id":"osm:n7886624349","kind":"settlement","subtype":"village","name":"Baral","population":1000,"populationEstimated":true}},{"type":"Feature","geometry":{"type":"Point","coordinates":[78.39056,30.15305]},"properties":{"id":"osm:n7886624350","kind":"settlement","subtype":"hamlet","name":"Chauk","population":150,"populationEstimated":true}},{"type":"Feature","geometry":{"type":"Point","coordinates":[78.37166,30.1527]},"properties":{"id":"osm:n7886624351","kind":"settlement","subtype":"hamlet","name":"Kathiya","population":150,"populationEstimated":true}},{"type":"Feature","geometry":{"type":"Point","coordinates":[78.39088,30.16717]},"properties":{"id":"osm:n7886624353","kind":"settlement","subtype":"hamlet","name":"Lamdhar","population":150,"populationEstimated":true}},{"type":"Feature","geometry":{"type":"Point","coordinates":[78.37878,30.17771]},"properties":{"id":"osm:n7886624354","kind":"settlement","subtype":"hamlet","name":"Naudu","population":150,"populationEstimated":true}},{"type":"Feature","geometry":{"type":"Point","coordinates":[78.39,30.18487]},"properties":{"id":"osm:n7886624355","kind":"settlement","subtype":"hamlet","name":"Pungad","population":150,"populationEstimated":true}},{"type":"Feature","geometry":{"type":"Point","coordinates":[78.38388,30.18409]},"properties":{"id":"osm:n7886624356","kind":"settlement","subtype":"hamlet","name":"Naudu","population":150,"populationEstimated":true}},{"type":"Feature","geometry":{"type":"Point","coordinates":[78.39751,30.19196]},"properties":{"id":"osm:n7886624357","kind":"settlement","subtype":"hamlet","name":"Gauri Danda","population":150,"populationEstimated":true}},{"type":"Feature","geometry":{"type":"Point","coordinates":[78.39672,30.19395]},"properties":{"id":"osm:n7886624358","kind":"settlement","subtype":"hamlet","name":"Badhan","population":150,"populationEstimated":true}},{"type":"Feature","geometry":{"type":"Point","coordinates":[78.38571,30.19631]},"properties":{"id":"osm:n7886624359","kind":"settlement","subtype":"hamlet","name":"Talain Malli","population":150,"populationEstimated":true}},{"type":"Feature","geometry":{"type":"Point","coordinates":[78.38187,30.20399]},"properties":{"id":"osm:n7886624360","kind":"settlement","subtype":"hamlet","name":"Talain Talli","population":150,"populationEstimated":true}},{"type":"Feature","geometry":{"type":"Point","coordinates":[78.39992,30.20451]},"properties":{"id":"osm:n7886624362","kind":"settlement","subtype":"hamlet","name":"Pasar","population":150,"populationEstimated":true}},{"type":"Feature","geometry":{"type":"Point","coordinates":[78.39919,30.20937]},"properties":{"id":"osm:n7886624363","kind":"settlement","subtype":"hamlet","name":"Kyark","population":150,"populationEstimated":true}},{"type":"Feature","geometry":{"type":"Point","coordinates":[78.39434,30.21103]},"properties":{"id":"osm:n7886624364","kind":"settlement","subtype":"hamlet","name":"Pokhri","population":150,"populationEstimated":true}},{"type":"Feature","geometry":{"type":"Point","coordinates":[78.39962,30.21821]},"properties":{"id":"osm:n7886624365","kind":"settlement","subtype":"hamlet","name":"Banali Talli","population":150,"populationEstimated":true}},{"type":"Feature","geometry":{"type":"Point","coordinates":[78.39172,30.22123]},"properties":{"id":"osm:n7886624366","kind":"settlement","subtype":"hamlet","name":"Banal","population":150,"populationEstimated":true}},{"type":"Feature","geometry":{"type":"Point","coordinates":[78.39252,30.21886]},"properties":{"id":"osm:n7886624367","kind":"settlement","subtype":"hamlet","name":"Palogi","population":150,"populationEstimated":true}},{"type":"Feature","geometry":{"type":"Point","coordinates":[78.3867,30.21528]},"properties":{"id":"osm:n7886624368","kind":"settlement","subtype":"hamlet","name":"Amol","population":150,"populationEstimated":true}},{"type":"Feature","geometry":{"type":"Point","coordinates":[78.38048,30.22023]},"properties":{"id":"osm:n7886624369","kind":"settlement","subtype":"hamlet","name":"Odara","population":150,"populationEstimated":true}},{"type":"Feature","geometry":{"type":"Point","coordinates":[78.38166,30.22692]},"properties":{"id":"osm:n7886624370","kind":"settlement","subtype":"hamlet","name":"Tamoli","population":150,"populationEstimated":true}},{"type":"Feature","geometry":{"type":"Point","coordinates":[78.38063,30.23163]},"properties":{"id":"osm:n7886624371","kind":"settlement","subtype":"hamlet","name":"Raundeli","population":150,"populationEstimated":true}},{"type":"Feature","geometry":{"type":"Point","coordinates":[78.37162,30.23686]},"properties":{"id":"osm:n7886624372","kind":"settlement","subtype":"hamlet","name":"Hadisera","population":150,"populationEstimated":true}},{"type":"Feature","geometry":{"type":"Point","coordinates":[78.38637,30.24406]},"properties":{"id":"osm:n7886624373","kind":"settlement","subtype":"hamlet","name":"Sunargaon","population":150,"populationEstimated":true}},{"type":"Feature","geometry":{"type":"Point","coordinates":[78.38024,30.24758]},"properties":{"id":"osm:n7886624374","kind":"settlement","subtype":"hamlet","name":"Mansera","population":150,"populationEstimated":true}},{"type":"Feature","geometry":{"type":"Point","coordinates":[78.39245,30.2472]},"properties":{"id":"osm:n7886624375","kind":"settlement","subtype":"village","name":"Adwani","population":1000,"populationEstimated":true}},{"type":"Feature","geometry":{"type":"Point","coordinates":[78.40668,30.24656]},"properties":{"id":"osm:n7886624376","kind":"settlement","subtype":"hamlet","name":"Kala","population":150,"populationEstimated":true}},{"type":"Feature","geometry":{"type":"Point","coordinates":[78.41417,30.24611]},"properties":{"id":"osm:n7886624377","kind":"settlement","subtype":"hamlet","name":"Bon","population":150,"populationEstimated":true}},{"type":"Feature","geometry":{"type":"Point","coordinates":[78.40504,30.22651]},"properties":{"id":"osm:n7886624378","kind":"settlement","subtype":"hamlet","name":"Tamiyar","population":150,"populationEstimated":true}},{"type":"Feature","geometry":{"type":"Point","coordinates":[78.3993,30.22733]},"properties":{"id":"osm:n7886624379","kind":"settlement","subtype":"hamlet","name":"Kathurgaon","population":150,"populationEstimated":true}},{"type":"Feature","geometry":{"type":"Point","coordinates":[78.39056,30.2275]},"properties":{"id":"osm:n7886624380","kind":"settlement","subtype":"hamlet","name":"Kothdi","population":150,"populationEstimated":true}},{"type":"Feature","geometry":{"type":"Point","coordinates":[78.4094,30.22596]},"properties":{"id":"osm:n7886624381","kind":"settlement","subtype":"hamlet","name":"Sera","population":150,"populationEstimated":true}},{"type":"Feature","geometry":{"type":"Point","coordinates":[78.46719,30.20436]},"properties":{"id":"osm:n7886624384","kind":"settlement","subtype":"hamlet","name":"Chhar Gad","population":150,"populationEstimated":true}},{"type":"Feature","geometry":{"type":"Point","coordinates":[78.46457,30.19277]},"properties":{"id":"osm:n7886655685","kind":"settlement","subtype":"hamlet","name":"Pangad","population":150,"populationEstimated":true}},{"type":"Feature","geometry":{"type":"Point","coordinates":[78.46124,30.19572]},"properties":{"id":"osm:n7886655686","kind":"settlement","subtype":"hamlet","name":"Kotar","population":150,"populationEstimated":true}},{"type":"Feature","geometry":{"type":"Point","coordinates":[78.45083,30.18761]},"properties":{"id":"osm:n7886655687","kind":"settlement","subtype":"hamlet","name":"Sainbhagenti","population":150,"populationEstimated":true}},{"type":"Feature","geometry":{"type":"Point","coordinates":[78.4626,30.18681]},"properties":{"id":"osm:n7886655688","kind":"settlement","subtype":"hamlet","name":"Bhangla","population":150,"populationEstimated":true}},{"type":"Feature","geometry":{"type":"Point","coordinates":[78.45676,30.18514]},"properties":{"id":"osm:n7886655689","kind":"settlement","subtype":"hamlet","name":"Gheradhar","population":150,"populationEstimated":true}},{"type":"Feature","geometry":{"type":"Point","coordinates":[78.45706,30.17197]},"properties":{"id":"osm:n7886655690","kind":"settlement","subtype":"hamlet","name":"Kakhur","population":150,"populationEstimated":true}},{"type":"Feature","geometry":{"type":"Point","coordinates":[78.44429,30.17667]},"properties":{"id":"osm:n7886655691","kind":"settlement","subtype":"hamlet","name":"Patia","population":150,"populationEstimated":true}},{"type":"Feature","geometry":{"type":"Point","coordinates":[78.43721,30.18307]},"properties":{"id":"osm:n7886655692","kind":"settlement","subtype":"hamlet","name":"Amari","population":150,"populationEstimated":true}},{"type":"Feature","geometry":{"type":"Point","coordinates":[78.44144,30.18657]},"properties":{"id":"osm:n7886655693","kind":"settlement","subtype":"hamlet","name":"Mathesera","population":150,"populationEstimated":true}},{"type":"Feature","geometry":{"type":"Point","coordinates":[78.43937,30.19103]},"properties":{"id":"osm:n7886655694","kind":"settlement","subtype":"hamlet","name":"Tilban","population":150,"populationEstimated":true}},{"type":"Feature","geometry":{"type":"Point","coordinates":[78.41054,30.17826]},"properties":{"id":"osm:n7886655695","kind":"settlement","subtype":"hamlet","name":"Timli Tolki Nala","population":150,"populationEstimated":true}},{"type":"Feature","geometry":{"type":"Point","coordinates":[78.40372,30.18097]},"properties":{"id":"osm:n7886655696","kind":"settlement","subtype":"hamlet","name":"Jawanutol","population":150,"populationEstimated":true}},{"type":"Feature","geometry":{"type":"Point","coordinates":[78.41865,30.18674]},"properties":{"id":"osm:n7886655697","kind":"settlement","subtype":"hamlet","name":"Manjyari","population":150,"populationEstimated":true}},{"type":"Feature","geometry":{"type":"Point","coordinates":[78.4251,30.19177]},"properties":{"id":"osm:n7886655698","kind":"settlement","subtype":"hamlet","name":"Katal","population":150,"populationEstimated":true}},{"type":"Feature","geometry":{"type":"Point","coordinates":[78.41769,30.19974]},"properties":{"id":"osm:n7886655699","kind":"settlement","subtype":"hamlet","name":"Kundaliya","population":150,"populationEstimated":true}},{"type":"Feature","geometry":{"type":"Point","coordinates":[78.42341,30.19512]},"properties":{"id":"osm:n7886655700","kind":"settlement","subtype":"hamlet","name":"Mathyali","population":150,"populationEstimated":true}},{"type":"Feature","geometry":{"type":"Point","coordinates":[78.42638,30.20304]},"properties":{"id":"osm:n7886655701","kind":"settlement","subtype":"hamlet","name":"Parshpani","population":150,"populationEstimated":true}},{"type":"Feature","geometry":{"type":"Point","coordinates":[78.44539,30.19458]},"properties":{"id":"osm:n7886655702","kind":"settlement","subtype":"hamlet","name":"Kua","population":150,"populationEstimated":true}},{"type":"Feature","geometry":{"type":"Point","coordinates":[78.45292,30.20057]},"properties":{"id":"osm:n7886655703","kind":"settlement","subtype":"hamlet","name":"Kyara","population":150,"populationEstimated":true}},{"type":"Feature","geometry":{"type":"Point","coordinates":[78.45667,30.20521]},"properties":{"id":"osm:n7886655704","kind":"settlement","subtype":"hamlet","name":"Jamola","population":150,"populationEstimated":true}},{"type":"Feature","geometry":{"type":"Point","coordinates":[78.44526,30.2089]},"properties":{"id":"osm:n7886655705","kind":"settlement","subtype":"hamlet","name":"Anetha","population":150,"populationEstimated":true}},{"type":"Feature","geometry":{"type":"Point","coordinates":[78.44054,30.11794]},"properties":{"id":"osm:n7886719413","kind":"settlement","subtype":"hamlet","name":"Bagwan","population":150,"populationEstimated":true}},{"type":"Feature","geometry":{"type":"Point","coordinates":[78.42442,30.12137]},"properties":{"id":"osm:n7886719414","kind":"settlement","subtype":"hamlet","name":"Khaglia","population":150,"populationEstimated":true}},{"type":"Feature","geometry":{"type":"Point","coordinates":[78.44049,30.12728]},"properties":{"id":"osm:n7886719416","kind":"settlement","subtype":"hamlet","name":"Gal","population":150,"populationEstimated":true}},{"type":"Feature","geometry":{"type":"Point","coordinates":[78.45461,30.13563]},"properties":{"id":"osm:n7886719417","kind":"settlement","subtype":"village","name":"Kakhil","population":1000,"populationEstimated":true}},{"type":"Feature","geometry":{"type":"Point","coordinates":[78.43889,30.13791]},"properties":{"id":"osm:n7886719418","kind":"settlement","subtype":"hamlet","name":"Chameli","population":150,"populationEstimated":true}},{"type":"Feature","geometry":{"type":"Point","coordinates":[78.41987,30.14275]},"properties":{"id":"osm:n7886719420","kind":"settlement","subtype":"hamlet","name":"Bhatia","population":150,"populationEstimated":true}},{"type":"Feature","geometry":{"type":"Point","coordinates":[78.48611,30.18475]},"properties":{"id":"osm:n7886755227","kind":"settlement","subtype":"village","name":"Bansktal","population":1000,"populationEstimated":true}},{"type":"Feature","geometry":{"type":"Point","coordinates":[78.47882,30.1706]},"properties":{"id":"osm:n7886755228","kind":"settlement","subtype":"hamlet","name":"Kwi Gad","population":150,"populationEstimated":true}},{"type":"Feature","geometry":{"type":"Point","coordinates":[78.4691,30.1708]},"properties":{"id":"osm:n7886755229","kind":"settlement","subtype":"hamlet","name":"Tipri","population":150,"populationEstimated":true}},{"type":"Feature","geometry":{"type":"Point","coordinates":[78.48763,30.17198]},"properties":{"id":"osm:n7886755232","kind":"settlement","subtype":"hamlet","name":"Sain Gadna","population":150,"populationEstimated":true}},{"type":"Feature","geometry":{"type":"Point","coordinates":[78.49324,30.17366]},"properties":{"id":"osm:n7886755233","kind":"settlement","subtype":"hamlet","name":"Bhairgad","population":150,"populationEstimated":true}},{"type":"Feature","geometry":{"type":"Point","coordinates":[78.49395,30.13442]},"properties":{"id":"osm:n7886755236","kind":"settlement","subtype":"hamlet","name":"Jand","population":150,"populationEstimated":true}},{"type":"Feature","geometry":{"type":"Point","coordinates":[78.48742,30.15429]},"properties":{"id":"osm:n7886755237","kind":"settlement","subtype":"hamlet","name":"Ghyugar","population":150,"populationEstimated":true}},{"type":"Feature","geometry":{"type":"Point","coordinates":[78.47716,30.15503]},"properties":{"id":"osm:n7886755238","kind":"settlement","subtype":"hamlet","name":"Chopra","population":150,"populationEstimated":true}},{"type":"Feature","geometry":{"type":"Point","coordinates":[78.47729,30.14626]},"properties":{"id":"osm:n7886755239","kind":"settlement","subtype":"hamlet","name":"Pajaingaon","population":150,"populationEstimated":true}},{"type":"Feature","geometry":{"type":"Point","coordinates":[78.46487,30.14426]},"properties":{"id":"osm:n7886755240","kind":"settlement","subtype":"hamlet","name":"Bairgaon","population":150,"populationEstimated":true}},{"type":"Feature","geometry":{"type":"Point","coordinates":[78.46684,30.15414]},"properties":{"id":"osm:n7886755241","kind":"settlement","subtype":"village","name":"Silkani","population":1000,"populationEstimated":true}},{"type":"Feature","geometry":{"type":"Point","coordinates":[78.47592,30.13939]},"properties":{"id":"osm:n7886755242","kind":"settlement","subtype":"hamlet","name":"Bagi","population":150,"populationEstimated":true}},{"type":"Feature","geometry":{"type":"Point","coordinates":[78.4803,30.13832]},"properties":{"id":"osm:n7886755243","kind":"settlement","subtype":"hamlet","name":"Naigaon","population":150,"populationEstimated":true}},{"type":"Feature","geometry":{"type":"Point","coordinates":[78.47908,30.129]},"properties":{"id":"osm:n7886755246","kind":"settlement","subtype":"hamlet","name":"Naigaon","population":150,"populationEstimated":true}},{"type":"Feature","geometry":{"type":"Point","coordinates":[78.47367,30.12208]},"properties":{"id":"osm:n7886755247","kind":"settlement","subtype":"village","name":"Chaundli","population":1000,"populationEstimated":true}},{"type":"Feature","geometry":{"type":"Point","coordinates":[78.463,30.12128]},"properties":{"id":"osm:n7886755248","kind":"settlement","subtype":"hamlet","name":"Jamun","population":150,"populationEstimated":true}},{"type":"Feature","geometry":{"type":"Point","coordinates":[78.27134,30.24374]},"properties":{"id":"osm:n7886990216","kind":"settlement","subtype":"hamlet","name":"Itharna","population":150,"populationEstimated":true}},{"type":"Feature","geometry":{"type":"Point","coordinates":[78.31999,30.24179]},"properties":{"id":"osm:n7886990218","kind":"settlement","subtype":"hamlet","name":"Chaldgaon","population":150,"populationEstimated":true}},{"type":"Feature","geometry":{"type":"Point","coordinates":[78.32681,30.23701]},"properties":{"id":"osm:n7886990219","kind":"settlement","subtype":"hamlet","name":"Kasmoli","population":150,"populationEstimated":true}},{"type":"Feature","geometry":{"type":"Point","coordinates":[78.31917,30.23034]},"properties":{"id":"osm:n7886990220","kind":"settlement","subtype":"hamlet","name":"Badera","population":150,"populationEstimated":true}},{"type":"Feature","geometry":{"type":"Point","coordinates":[78.30814,30.23364]},"properties":{"id":"osm:n7886990221","kind":"settlement","subtype":"hamlet","name":"Kakhil","population":150,"populationEstimated":true}},{"type":"Feature","geometry":{"type":"Point","coordinates":[78.30407,30.22414]},"properties":{"id":"osm:n7886990222","kind":"settlement","subtype":"hamlet","name":"Berdhal","population":150,"populationEstimated":true}},{"type":"Feature","geometry":{"type":"Point","coordinates":[78.2931,30.22183]},"properties":{"id":"osm:n7886990224","kind":"settlement","subtype":"hamlet","name":"Dewli","population":150,"populationEstimated":true}},{"type":"Feature","geometry":{"type":"Point","coordinates":[78.29576,30.22081]},"properties":{"id":"osm:n7886990225","kind":"settlement","subtype":"hamlet","name":"Karki","population":150,"populationEstimated":true}},{"type":"Feature","geometry":{"type":"Point","coordinates":[78.26206,30.20941]},"properties":{"id":"osm:n7886990228","kind":"settlement","subtype":"hamlet","name":"Berakharak","population":150,"populationEstimated":true}},{"type":"Feature","geometry":{"type":"Point","coordinates":[78.25096,30.21272]},"properties":{"id":"osm:n7886990229","kind":"settlement","subtype":"hamlet","name":"Nawakot","population":150,"populationEstimated":true}},{"type":"Feature","geometry":{"type":"Point","coordinates":[78.25006,30.20002]},"properties":{"id":"osm:n7886990230","kind":"settlement","subtype":"hamlet","name":"Kol","population":150,"populationEstimated":true}},{"type":"Feature","geometry":{"type":"Point","coordinates":[78.26066,30.19713]},"properties":{"id":"osm:n7886990231","kind":"settlement","subtype":"hamlet","name":"Kodarna","population":150,"populationEstimated":true}},{"type":"Feature","geometry":{"type":"Point","coordinates":[78.26044,30.20048]},"properties":{"id":"osm:n7886990232","kind":"settlement","subtype":"hamlet","name":"Ghera","population":150,"populationEstimated":true}},{"type":"Feature","geometry":{"type":"Point","coordinates":[78.26778,30.20621]},"properties":{"id":"osm:n7886990233","kind":"settlement","subtype":"hamlet","name":"Amendi","population":150,"populationEstimated":true}},{"type":"Feature","geometry":{"type":"Point","coordinates":[78.27909,30.20664]},"properties":{"id":"osm:n7886990234","kind":"settlement","subtype":"hamlet","name":"Kund","population":150,"populationEstimated":true}},{"type":"Feature","geometry":{"type":"Point","coordinates":[78.27551,30.20028]},"properties":{"id":"osm:n7886990235","kind":"settlement","subtype":"hamlet","name":"Kaljoti","population":150,"populationEstimated":true}},{"type":"Feature","geometry":{"type":"Point","coordinates":[78.28493,30.19905]},"properties":{"id":"osm:n7886990236","kind":"settlement","subtype":"hamlet","name":"Haud","population":150,"populationEstimated":true}},{"type":"Feature","geometry":{"type":"Point","coordinates":[78.29051,30.20944]},"properties":{"id":"osm:n7886990238","kind":"settlement","subtype":"hamlet","name":"Tandil","population":150,"populationEstimated":true}},{"type":"Feature","geometry":{"type":"Point","coordinates":[78.28735,30.20549]},"properties":{"id":"osm:n7886990239","kind":"settlement","subtype":"hamlet","name":"Bhitali","population":150,"populationEstimated":true}},{"type":"Feature","geometry":{"type":"Point","coordinates":[78.29797,30.20623]},"properties":{"id":"osm:n7886990240","kind":"settlement","subtype":"hamlet","name":"Mundasev","population":150,"populationEstimated":true}},{"type":"Feature","geometry":{"type":"Point","coordinates":[78.29958,30.20185]},"properties":{"id":"osm:n7886990241","kind":"settlement","subtype":"hamlet","name":"Daukard","population":150,"populationEstimated":true}},{"type":"Feature","geometry":{"type":"Point","coordinates":[78.30641,30.19709]},"properties":{"id":"osm:n7886990242","kind":"settlement","subtype":"hamlet","name":"Bhainsark","population":150,"populationEstimated":true}},{"type":"Feature","geometry":{"type":"Point","coordinates":[78.3181,30.20208]},"properties":{"id":"osm:n7886990243","kind":"settlement","subtype":"hamlet","name":"Kanda","population":150,"populationEstimated":true}},{"type":"Feature","geometry":{"type":"Point","coordinates":[78.31284,30.20499]},"properties":{"id":"osm:n7886990244","kind":"settlement","subtype":"hamlet","name":"Gwar","population":150,"populationEstimated":true}},{"type":"Feature","geometry":{"type":"Point","coordinates":[78.31769,30.21074]},"properties":{"id":"osm:n7886990245","kind":"settlement","subtype":"hamlet","name":"Syur","population":150,"populationEstimated":true}},{"type":"Feature","geometry":{"type":"Point","coordinates":[78.31595,30.21534]},"properties":{"id":"osm:n7886990246","kind":"settlement","subtype":"hamlet","name":"Kharagad","population":150,"populationEstimated":true}},{"type":"Feature","geometry":{"type":"Point","coordinates":[78.30553,30.21517]},"properties":{"id":"osm:n7886990247","kind":"settlement","subtype":"hamlet","name":"Phart","population":150,"populationEstimated":true}},{"type":"Feature","geometry":{"type":"Point","coordinates":[78.31586,30.22425]},"properties":{"id":"osm:n7886990248","kind":"settlement","subtype":"hamlet","name":"Badeda Malla","population":150,"populationEstimated":true}},{"type":"Feature","geometry":{"type":"Point","coordinates":[78.31718,30.22681]},"properties":{"id":"osm:n7886990249","kind":"settlement","subtype":"hamlet","name":"Saldogi","population":150,"populationEstimated":true}},{"type":"Feature","geometry":{"type":"Point","coordinates":[78.32643,30.2217]},"properties":{"id":"osm:n7886990250","kind":"settlement","subtype":"hamlet","name":"Bhengarki","population":150,"populationEstimated":true}},{"type":"Feature","geometry":{"type":"Point","coordinates":[78.33421,30.2193]},"properties":{"id":"osm:n7886990251","kind":"settlement","subtype":"hamlet","name":"agar","population":150,"populationEstimated":true}},{"type":"Feature","geometry":{"type":"Point","coordinates":[78.33692,30.21215]},"properties":{"id":"osm:n7886990252","kind":"settlement","subtype":"hamlet","name":"Gaithal","population":150,"populationEstimated":true}},{"type":"Feature","geometry":{"type":"Point","coordinates":[78.33456,30.22594]},"properties":{"id":"osm:n7886990253","kind":"settlement","subtype":"hamlet","name":"Bhinnu","population":150,"populationEstimated":true}},{"type":"Feature","geometry":{"type":"Point","coordinates":[78.34475,30.21973]},"properties":{"id":"osm:n7886990254","kind":"settlement","subtype":"hamlet","name":"Bhingarki","population":150,"populationEstimated":true}},{"type":"Feature","geometry":{"type":"Point","coordinates":[78.34436,30.21834]},"properties":{"id":"osm:n7886990255","kind":"settlement","subtype":"hamlet","name":"Chilogi","population":150,"populationEstimated":true}},{"type":"Feature","geometry":{"type":"Point","coordinates":[78.35005,30.21832]},"properties":{"id":"osm:n7886990256","kind":"settlement","subtype":"hamlet","name":"Chilogikhal","population":150,"populationEstimated":true}},{"type":"Feature","geometry":{"type":"Point","coordinates":[78.34518,30.22605]},"properties":{"id":"osm:n7886990257","kind":"settlement","subtype":"hamlet","name":"Janglet","population":150,"populationEstimated":true}},{"type":"Feature","geometry":{"type":"Point","coordinates":[78.35602,30.22186]},"properties":{"id":"osm:n7886990258","kind":"settlement","subtype":"hamlet","name":"Dhauryani","population":150,"populationEstimated":true}},{"type":"Feature","geometry":{"type":"Point","coordinates":[78.34838,30.23603]},"properties":{"id":"osm:n7886990259","kind":"settlement","subtype":"hamlet","name":"Katkot","population":150,"populationEstimated":true}},{"type":"Feature","geometry":{"type":"Point","coordinates":[78.35505,30.23506]},"properties":{"id":"osm:n7886990260","kind":"settlement","subtype":"hamlet","name":"Bhaintari","population":150,"populationEstimated":true}},{"type":"Feature","geometry":{"type":"Point","coordinates":[78.35705,30.24044]},"properties":{"id":"osm:n7886990261","kind":"settlement","subtype":"hamlet","name":"Simlet","population":150,"populationEstimated":true}},{"type":"Feature","geometry":{"type":"Point","coordinates":[78.36269,30.24398]},"properties":{"id":"osm:n7886990262","kind":"settlement","subtype":"hamlet","name":"Tachhla","population":150,"populationEstimated":true}},{"type":"Feature","geometry":{"type":"Point","coordinates":[78.3585,30.24669]},"properties":{"id":"osm:n7886990263","kind":"settlement","subtype":"hamlet","name":"Malas","population":150,"populationEstimated":true}},{"type":"Feature","geometry":{"type":"Point","coordinates":[78.36571,30.23423]},"properties":{"id":"osm:n7886990264","kind":"settlement","subtype":"hamlet","name":"Ghasera","population":150,"populationEstimated":true}},{"type":"Feature","geometry":{"type":"Point","coordinates":[78.36775,30.23017]},"properties":{"id":"osm:n7886990265","kind":"settlement","subtype":"hamlet","name":"Bhagori","population":150,"populationEstimated":true}},{"type":"Feature","geometry":{"type":"Point","coordinates":[78.3676,30.22767]},"properties":{"id":"osm:n7886990266","kind":"settlement","subtype":"hamlet","name":"Wasi","population":150,"populationEstimated":true}},{"type":"Feature","geometry":{"type":"Point","coordinates":[78.37185,30.24368]},"properties":{"id":"osm:n7886990267","kind":"settlement","subtype":"hamlet","name":"Damgaon","population":150,"populationEstimated":true}},{"type":"Feature","geometry":{"type":"Point","coordinates":[78.336,30.17785]},"properties":{"id":"osm:n7887076732","kind":"settlement","subtype":"hamlet","name":"Chamolgaon","population":150,"populationEstimated":true}},{"type":"Feature","geometry":{"type":"Point","coordinates":[78.3323,30.17949]},"properties":{"id":"osm:n7887076733","kind":"settlement","subtype":"hamlet","name":"Sarswar","population":150,"populationEstimated":true}},{"type":"Feature","geometry":{"type":"Point","coordinates":[78.32967,30.18071]},"properties":{"id":"osm:n7887076734","kind":"settlement","subtype":"hamlet","name":"Adali","population":150,"populationEstimated":true}},{"type":"Feature","geometry":{"type":"Point","coordinates":[78.32427,30.18111]},"properties":{"id":"osm:n7887076735","kind":"settlement","subtype":"hamlet","name":"Kheradhar","population":150,"populationEstimated":true}},{"type":"Feature","geometry":{"type":"Point","coordinates":[78.31816,30.18247]},"properties":{"id":"osm:n7887076736","kind":"settlement","subtype":"hamlet","name":"Kheragad","population":150,"populationEstimated":true}},{"type":"Feature","geometry":{"type":"Point","coordinates":[78.32464,30.18652]},"properties":{"id":"osm:n7887076737","kind":"settlement","subtype":"hamlet","name":"Banali","population":150,"populationEstimated":true}},{"type":"Feature","geometry":{"type":"Point","coordinates":[78.32166,30.19447]},"properties":{"id":"osm:n7887076738","kind":"settlement","subtype":"hamlet","name":"Dwaldhar","population":150,"populationEstimated":true}},{"type":"Feature","geometry":{"type":"Point","coordinates":[78.32836,30.19696]},"properties":{"id":"osm:n7887076739","kind":"settlement","subtype":"hamlet","name":"Danda","population":150,"populationEstimated":true}},{"type":"Feature","geometry":{"type":"Point","coordinates":[78.32851,30.19076]},"properties":{"id":"osm:n7887076740","kind":"settlement","subtype":"hamlet","name":"Pilri","population":150,"populationEstimated":true}},{"type":"Feature","geometry":{"type":"Point","coordinates":[78.33608,30.19028]},"properties":{"id":"osm:n7887076741","kind":"settlement","subtype":"hamlet","name":"Mugwar","population":150,"populationEstimated":true}},{"type":"Feature","geometry":{"type":"Point","coordinates":[78.2907,30.19162]},"properties":{"id":"osm:n7887076745","kind":"settlement","subtype":"hamlet","name":"Chopra","population":150,"populationEstimated":true}},{"type":"Feature","geometry":{"type":"Point","coordinates":[78.29848,30.19181]},"properties":{"id":"osm:n7887076746","kind":"settlement","subtype":"hamlet","name":"Saroli","population":150,"populationEstimated":true}},{"type":"Feature","geometry":{"type":"Point","coordinates":[78.29102,30.17873]},"properties":{"id":"osm:n7887076748","kind":"settlement","subtype":"village","name":"Dagar","population":1000,"populationEstimated":true}},{"type":"Feature","geometry":{"type":"Point","coordinates":[78.30132,30.17821]},"properties":{"id":"osm:n7887076749","kind":"settlement","subtype":"hamlet","name":"Bagargaon","population":150,"populationEstimated":true}},{"type":"Feature","geometry":{"type":"Point","coordinates":[78.31443,30.17412]},"properties":{"id":"osm:n7887076750","kind":"settlement","subtype":"hamlet","name":"Kunjapur","population":150,"populationEstimated":true}},{"type":"Feature","geometry":{"type":"Point","coordinates":[78.31997,30.16995]},"properties":{"id":"osm:n7887076751","kind":"settlement","subtype":"hamlet","name":"Pater","population":150,"populationEstimated":true}},{"type":"Feature","geometry":{"type":"Point","coordinates":[78.3133,30.1651]},"properties":{"id":"osm:n7887076752","kind":"settlement","subtype":"hamlet","name":"Barkot","population":150,"populationEstimated":true}},{"type":"Feature","geometry":{"type":"Point","coordinates":[78.30304,30.1612]},"properties":{"id":"osm:n7887076753","kind":"settlement","subtype":"hamlet","name":"Kumharkhera","population":150,"populationEstimated":true}},{"type":"Feature","geometry":{"type":"Point","coordinates":[78.29596,30.15479]},"properties":{"id":"osm:n7887076754","kind":"settlement","subtype":"hamlet","name":"Kinwani","population":150,"populationEstimated":true}},{"type":"Feature","geometry":{"type":"Point","coordinates":[78.26613,30.15081]},"properties":{"id":"osm:n7887076755","kind":"settlement","subtype":"hamlet","name":"Oni","population":150,"populationEstimated":true}},{"type":"Feature","geometry":{"type":"Point","coordinates":[78.28693,30.17054]},"properties":{"id":"osm:n7887076756","kind":"settlement","subtype":"hamlet","name":"Daun","population":150,"populationEstimated":true}},{"type":"Feature","geometry":{"type":"Point","coordinates":[78.27767,30.16962]},"properties":{"id":"osm:n7887076757","kind":"settlement","subtype":"hamlet","name":"Talain","population":150,"populationEstimated":true}},{"type":"Feature","geometry":{"type":"Point","coordinates":[78.26967,30.18488]},"properties":{"id":"osm:n7887076758","kind":"settlement","subtype":"hamlet","name":"Guirara","population":150,"populationEstimated":true}},{"type":"Feature","geometry":{"type":"Point","coordinates":[78.26298,30.18917]},"properties":{"id":"osm:n7887076759","kind":"settlement","subtype":"hamlet","name":"Talla Kodana","population":150,"populationEstimated":true}},{"type":"Feature","geometry":{"type":"Point","coordinates":[78.25141,30.2226]},"properties":{"id":"osm:n7887076760","kind":"settlement","subtype":"hamlet","name":"Manki","population":150,"populationEstimated":true}},{"type":"Feature","geometry":{"type":"Point","coordinates":[78.26802,30.22917]},"properties":{"id":"osm:n7887076761","kind":"settlement","subtype":"hamlet","name":"Madsi","population":150,"populationEstimated":true}},{"type":"Feature","geometry":{"type":"Point","coordinates":[78.25184,30.23338]},"properties":{"id":"osm:n7887076763","kind":"settlement","subtype":"hamlet","name":"Bamet","population":150,"populationEstimated":true}},{"type":"Feature","geometry":{"type":"Point","coordinates":[78.29465,30.14348]},"properties":{"id":"osm:n7887157121","kind":"settlement","subtype":"hamlet","name":"Palsara","population":150,"populationEstimated":true}},{"type":"Feature","geometry":{"type":"Point","coordinates":[78.31527,30.14121]},"properties":{"id":"osm:n7887157122","kind":"settlement","subtype":"hamlet","name":"Ghughatyani Malli","population":150,"populationEstimated":true}},{"type":"Feature","geometry":{"type":"Point","coordinates":[78.31516,30.14769]},"properties":{"id":"osm:n7887157123","kind":"settlement","subtype":"hamlet","name":"Dhoulsot","population":150,"populationEstimated":true}},{"type":"Feature","geometry":{"type":"Point","coordinates":[78.30857,30.155]},"properties":{"id":"osm:n7887157124","kind":"settlement","subtype":"hamlet","name":"Chhareni","population":150,"populationEstimated":true}},{"type":"Feature","geometry":{"type":"Point","coordinates":[78.30862,30.13563]},"properties":{"id":"osm:n7887157125","kind":"settlement","subtype":"hamlet","name":"Pathaur","population":150,"populationEstimated":true}},{"type":"Feature","geometry":{"type":"Point","coordinates":[78.34718,30.13902]},"properties":{"id":"osm:n7887157126","kind":"settlement","subtype":"hamlet","name":"Nirgad","population":150,"populationEstimated":true}},{"type":"Feature","geometry":{"type":"Point","coordinates":[78.35162,30.13941]},"properties":{"id":"osm:n7887157127","kind":"settlement","subtype":"hamlet","name":"Kyarki","population":150,"populationEstimated":true}},{"type":"Feature","geometry":{"type":"Point","coordinates":[78.32243,30.16275]},"properties":{"id":"osm:n7887157128","kind":"settlement","subtype":"hamlet","name":"Kodarna","population":150,"populationEstimated":true}},{"type":"Feature","geometry":{"type":"Point","coordinates":[78.33001,30.15923]},"properties":{"id":"osm:n7887157129","kind":"settlement","subtype":"hamlet","name":"Dharkot","population":150,"populationEstimated":true}},{"type":"Feature","geometry":{"type":"Point","coordinates":[78.33568,30.16368]},"properties":{"id":"osm:n7887157130","kind":"settlement","subtype":"hamlet","name":"Koli","population":150,"populationEstimated":true}},{"type":"Feature","geometry":{"type":"Point","coordinates":[78.35793,30.15973]},"properties":{"id":"osm:n7887157131","kind":"settlement","subtype":"hamlet","name":"Juddi","population":150,"populationEstimated":true}},{"type":"Feature","geometry":{"type":"Point","coordinates":[78.35222,30.16082]},"properties":{"id":"osm:n7887157132","kind":"settlement","subtype":"hamlet","name":"Kakhur","population":150,"populationEstimated":true}},{"type":"Feature","geometry":{"type":"Point","coordinates":[78.34754,30.15847]},"properties":{"id":"osm:n7887157133","kind":"settlement","subtype":"hamlet","name":"Kothli","population":150,"populationEstimated":true}},{"type":"Feature","geometry":{"type":"Point","coordinates":[78.3417,30.15691]},"properties":{"id":"osm:n7887157134","kind":"settlement","subtype":"hamlet","name":"Nir","population":150,"populationEstimated":true}},{"type":"Feature","geometry":{"type":"Point","coordinates":[78.34679,30.14748]},"properties":{"id":"osm:n7887157136","kind":"settlement","subtype":"hamlet","name":"Kur","population":150,"populationEstimated":true}},{"type":"Feature","geometry":{"type":"Point","coordinates":[78.35329,30.15021]},"properties":{"id":"osm:n7887157137","kind":"settlement","subtype":"hamlet","name":"Kusram","population":150,"populationEstimated":true}},{"type":"Feature","geometry":{"type":"Point","coordinates":[78.36007,30.15307]},"properties":{"id":"osm:n7887157138","kind":"settlement","subtype":"hamlet","name":"Bhiret","population":150,"populationEstimated":true}},{"type":"Feature","geometry":{"type":"Point","coordinates":[78.36726,30.16145]},"properties":{"id":"osm:n7887157139","kind":"settlement","subtype":"hamlet","name":"Dandala","population":150,"populationEstimated":true}},{"type":"Feature","geometry":{"type":"Point","coordinates":[78.36443,30.1708]},"properties":{"id":"osm:n7887157140","kind":"settlement","subtype":"hamlet","name":"Rakhara","population":150,"populationEstimated":true}},{"type":"Feature","geometry":{"type":"Point","coordinates":[78.35665,30.17492]},"properties":{"id":"osm:n7887157142","kind":"settlement","subtype":"hamlet","name":"Bandriam","population":150,"populationEstimated":true}},{"type":"Feature","geometry":{"type":"Point","coordinates":[78.35117,30.17535]},"properties":{"id":"osm:n7887157143","kind":"settlement","subtype":"hamlet","name":"Kotali","population":150,"populationEstimated":true}},{"type":"Feature","geometry":{"type":"Point","coordinates":[78.34129,30.16989]},"properties":{"id":"osm:n7887157144","kind":"settlement","subtype":"hamlet","name":"Jakhani","population":150,"populationEstimated":true}},{"type":"Feature","geometry":{"type":"Point","coordinates":[78.34568,30.17285]},"properties":{"id":"osm:n7887157145","kind":"settlement","subtype":"hamlet","name":"Kandar","population":150,"populationEstimated":true}},{"type":"Feature","geometry":{"type":"Point","coordinates":[78.32783,30.17336]},"properties":{"id":"osm:n7887157146","kind":"settlement","subtype":"hamlet","name":"Bhengarki Talli","population":150,"populationEstimated":true}},{"type":"Feature","geometry":{"type":"Point","coordinates":[78.33276,30.1745]},"properties":{"id":"osm:n7887157147","kind":"settlement","subtype":"hamlet","name":"Devaldhar","population":150,"populationEstimated":true}},{"type":"Feature","geometry":{"type":"Point","coordinates":[78.33893,30.17578]},"properties":{"id":"osm:n7887157148","kind":"settlement","subtype":"hamlet","name":"Dhapou","population":150,"populationEstimated":true}},{"type":"Feature","geometry":{"type":"Point","coordinates":[78.27823,30.23223]},"properties":{"id":"osm:n7887160927","kind":"settlement","subtype":"hamlet","name":"Simret","population":150,"populationEstimated":true}},{"type":"Feature","geometry":{"type":"Point","coordinates":[78.27845,30.22978]},"properties":{"id":"osm:n7887160928","kind":"settlement","subtype":"hamlet","name":"Khemat","population":150,"populationEstimated":true}},{"type":"Feature","geometry":{"type":"Point","coordinates":[78.2857,30.23664]},"properties":{"id":"osm:n7887160929","kind":"settlement","subtype":"hamlet","name":"Garbari","population":150,"populationEstimated":true}},{"type":"Feature","geometry":{"type":"Point","coordinates":[78.29016,30.23356]},"properties":{"id":"osm:n7887160930","kind":"settlement","subtype":"hamlet","name":"Chhichhami","population":150,"populationEstimated":true}},{"type":"Feature","geometry":{"type":"Point","coordinates":[78.3799,30.09153]},"properties":{"id":"osm:n7887543641","kind":"settlement","subtype":"hamlet","name":"Kharangaon","population":150,"populationEstimated":true}},{"type":"Feature","geometry":{"type":"Point","coordinates":[78.37153,30.10123]},"properties":{"id":"osm:n7887543642","kind":"settlement","subtype":"hamlet","name":"Simalkhat","population":150,"populationEstimated":true}},{"type":"Feature","geometry":{"type":"Point","coordinates":[78.37996,30.09912]},"properties":{"id":"osm:n7887543643","kind":"settlement","subtype":"hamlet","name":"Kharodi","population":150,"populationEstimated":true}},{"type":"Feature","geometry":{"type":"Point","coordinates":[78.38622,30.09639]},"properties":{"id":"osm:n7887543644","kind":"settlement","subtype":"hamlet","name":"Pastora","population":150,"populationEstimated":true}},{"type":"Feature","geometry":{"type":"Point","coordinates":[78.40342,30.10348]},"properties":{"id":"osm:n7887543645","kind":"settlement","subtype":"hamlet","name":"Palyalgaon","population":150,"populationEstimated":true}},{"type":"Feature","geometry":{"type":"Point","coordinates":[78.40958,30.11593]},"properties":{"id":"osm:n7887543646","kind":"settlement","subtype":"hamlet","name":"Pulani","population":150,"populationEstimated":true}},{"type":"Feature","geometry":{"type":"Point","coordinates":[78.43614,30.11722]},"properties":{"id":"osm:n7887543647","kind":"settlement","subtype":"hamlet","name":"Gular Dogi","population":150,"populationEstimated":true}},{"type":"Feature","geometry":{"type":"Point","coordinates":[78.4444,30.09917]},"properties":{"id":"osm:n7887543648","kind":"settlement","subtype":"hamlet","name":"Kunir Gad","population":150,"populationEstimated":true}},{"type":"Feature","geometry":{"type":"Point","coordinates":[78.43957,30.09693]},"properties":{"id":"osm:n7887543649","kind":"settlement","subtype":"hamlet","name":"Kandasu Gad","population":150,"populationEstimated":true}},{"type":"Feature","geometry":{"type":"Point","coordinates":[78.42979,30.10873]},"properties":{"id":"osm:n7887543650","kind":"settlement","subtype":"hamlet","name":"Sirasu","population":150,"populationEstimated":true}},{"type":"Feature","geometry":{"type":"Point","coordinates":[78.44612,30.11367]},"properties":{"id":"osm:n7887543652","kind":"settlement","subtype":"hamlet","name":"Wilogi","population":150,"populationEstimated":true}},{"type":"Feature","geometry":{"type":"Point","coordinates":[78.45159,30.1166]},"properties":{"id":"osm:n7887543653","kind":"settlement","subtype":"hamlet","name":"Gattu Gad","population":150,"populationEstimated":true}},{"type":"Feature","geometry":{"type":"Point","coordinates":[78.46016,30.09798]},"properties":{"id":"osm:n7887543654","kind":"settlement","subtype":"hamlet","name":"Devi Danda","population":150,"populationEstimated":true}},{"type":"Feature","geometry":{"type":"Point","coordinates":[78.45693,30.10771]},"properties":{"id":"osm:n7887543655","kind":"settlement","subtype":"hamlet","name":"Lorsi","population":150,"populationEstimated":true}},{"type":"Feature","geometry":{"type":"Point","coordinates":[78.48412,30.08478]},"properties":{"id":"osm:n7887543656","kind":"settlement","subtype":"hamlet","name":"Badir","population":150,"populationEstimated":true}},{"type":"Feature","geometry":{"type":"Point","coordinates":[78.49663,30.09453]},"properties":{"id":"osm:n7887543657","kind":"settlement","subtype":"hamlet","name":"Daindh","population":150,"populationEstimated":true}},{"type":"Feature","geometry":{"type":"Point","coordinates":[78.4862,30.10018]},"properties":{"id":"osm:n7887543658","kind":"settlement","subtype":"hamlet","name":"Bugala","population":150,"populationEstimated":true}},{"type":"Feature","geometry":{"type":"Point","coordinates":[78.48122,30.09598]},"properties":{"id":"osm:n7887543659","kind":"settlement","subtype":"hamlet","name":"Gangalsi","population":150,"populationEstimated":true}},{"type":"Feature","geometry":{"type":"Point","coordinates":[78.47897,30.10168]},"properties":{"id":"osm:n7887543660","kind":"settlement","subtype":"hamlet","name":"Nasogi","population":150,"populationEstimated":true}},{"type":"Feature","geometry":{"type":"Point","coordinates":[78.4735,30.10704]},"properties":{"id":"osm:n7887543661","kind":"settlement","subtype":"hamlet","name":"Mundala","population":150,"populationEstimated":true}},{"type":"Feature","geometry":{"type":"Point","coordinates":[78.47659,30.11363]},"properties":{"id":"osm:n7887543662","kind":"settlement","subtype":"hamlet","name":"Mandiyargaon","population":150,"populationEstimated":true}},{"type":"Feature","geometry":{"type":"Point","coordinates":[78.49371,30.02433]},"properties":{"id":"osm:n7888622581","kind":"settlement","subtype":"hamlet","name":"Dhanunar","population":150,"populationEstimated":true}},{"type":"Feature","geometry":{"type":"Point","coordinates":[78.46953,30.02158]},"properties":{"id":"osm:n7888665186","kind":"settlement","subtype":"hamlet","name":"Shirkot","population":150,"populationEstimated":true}},{"type":"Feature","geometry":{"type":"Point","coordinates":[78.4813,30.02809]},"properties":{"id":"osm:n7888665187","kind":"settlement","subtype":"hamlet","name":"Bargid","population":150,"populationEstimated":true}},{"type":"Feature","geometry":{"type":"Point","coordinates":[78.49457,30.07775]},"properties":{"id":"osm:n7888665190","kind":"settlement","subtype":"hamlet","name":"Kauriala","population":150,"populationEstimated":true}},{"type":"Feature","geometry":{"type":"Point","coordinates":[78.45324,30.07554]},"properties":{"id":"osm:n7888665192","kind":"settlement","subtype":"hamlet","name":"Manjilgaon","population":150,"populationEstimated":true}},{"type":"Feature","geometry":{"type":"Point","coordinates":[78.47165,30.07087]},"properties":{"id":"osm:n7888665194","kind":"settlement","subtype":"hamlet","name":"Kandarasain","population":150,"populationEstimated":true}},{"type":"Feature","geometry":{"type":"Point","coordinates":[78.48457,30.06297]},"properties":{"id":"osm:n7888665195","kind":"settlement","subtype":"hamlet","name":"Singtal","population":150,"populationEstimated":true}},{"type":"Feature","geometry":{"type":"Point","coordinates":[78.49993,30.05563]},"properties":{"id":"osm:n7888665197","kind":"settlement","subtype":"hamlet","name":"Mahadev Dhar","population":150,"populationEstimated":true}},{"type":"Feature","geometry":{"type":"Point","coordinates":[78.49365,30.05619]},"properties":{"id":"osm:n7888665198","kind":"settlement","subtype":"hamlet","name":"Jair Chhota","population":150,"populationEstimated":true}},{"type":"Feature","geometry":{"type":"Point","coordinates":[78.48326,30.04904]},"properties":{"id":"osm:n7888665199","kind":"settlement","subtype":"hamlet","name":"Jair Bhara","population":150,"populationEstimated":true}},{"type":"Feature","geometry":{"type":"Point","coordinates":[78.4893,30.0526]},"properties":{"id":"osm:n7888665200","kind":"settlement","subtype":"hamlet","name":"Ranagarh","population":150,"populationEstimated":true}},{"type":"Feature","geometry":{"type":"Point","coordinates":[78.49077,30.04163]},"properties":{"id":"osm:n7888665201","kind":"settlement","subtype":"hamlet","name":"Kula","population":150,"populationEstimated":true}},{"type":"Feature","geometry":{"type":"Point","coordinates":[78.4753,30.04161]},"properties":{"id":"osm:n7888665202","kind":"settlement","subtype":"hamlet","name":"Khaira","population":150,"populationEstimated":true}},{"type":"Feature","geometry":{"type":"Point","coordinates":[78.47015,30.05557]},"properties":{"id":"osm:n7888665203","kind":"settlement","subtype":"hamlet","name":"Nand Talla","population":150,"populationEstimated":true}},{"type":"Feature","geometry":{"type":"Point","coordinates":[78.46386,30.05236]},"properties":{"id":"osm:n7888665204","kind":"settlement","subtype":"hamlet","name":"Nand Malla","population":150,"populationEstimated":true}},{"type":"Feature","geometry":{"type":"Point","coordinates":[78.45324,30.05734]},"properties":{"id":"osm:n7888665205","kind":"settlement","subtype":"hamlet","name":"Kind","population":150,"populationEstimated":true}},{"type":"Feature","geometry":{"type":"Point","coordinates":[78.45361,30.05136]},"properties":{"id":"osm:n7888665206","kind":"settlement","subtype":"hamlet","name":"Uchchakot","population":150,"populationEstimated":true}},{"type":"Feature","geometry":{"type":"Point","coordinates":[78.418,30.06226]},"properties":{"id":"osm:n7888665213","kind":"settlement","subtype":"hamlet","name":"Bari Bijani","population":150,"populationEstimated":true}},{"type":"Feature","geometry":{"type":"Point","coordinates":[78.44056,30.0685]},"properties":{"id":"osm:n7888665214","kind":"settlement","subtype":"hamlet","name":"Nakurohi","population":150,"populationEstimated":true}},{"type":"Feature","geometry":{"type":"Point","coordinates":[78.43097,30.08542]},"properties":{"id":"osm:n7888665215","kind":"settlement","subtype":"hamlet","name":"Serainala","population":150,"populationEstimated":true}},{"type":"Feature","geometry":{"type":"Point","coordinates":[78.42148,30.09076]},"properties":{"id":"osm:n7888665216","kind":"settlement","subtype":"hamlet","name":"Bansani","population":150,"populationEstimated":true}},{"type":"Feature","geometry":{"type":"Point","coordinates":[78.4098,30.08938]},"properties":{"id":"osm:n7888665217","kind":"settlement","subtype":"hamlet","name":"Mala","population":150,"populationEstimated":true}},{"type":"Feature","geometry":{"type":"Point","coordinates":[78.45785,30.04781]},"properties":{"id":"osm:n7888719786","kind":"settlement","subtype":"hamlet","name":"Jinguikhal","population":150,"populationEstimated":true}},{"type":"Feature","geometry":{"type":"Point","coordinates":[78.43898,30.03192]},"properties":{"id":"osm:n7888719788","kind":"settlement","subtype":"hamlet","name":"Jukala","population":150,"populationEstimated":true}},{"type":"Feature","geometry":{"type":"Point","coordinates":[78.4479,30.03042]},"properties":{"id":"osm:n7888719789","kind":"settlement","subtype":"hamlet","name":"Salani","population":150,"populationEstimated":true}},{"type":"Feature","geometry":{"type":"Point","coordinates":[78.4482,30.02132]},"properties":{"id":"osm:n7888719791","kind":"settlement","subtype":"hamlet","name":"Saur","population":150,"populationEstimated":true}},{"type":"Feature","geometry":{"type":"Point","coordinates":[78.39284,30.04265]},"properties":{"id":"osm:n7888719793","kind":"settlement","subtype":"hamlet","name":"Godyara","population":150,"populationEstimated":true}},{"type":"Feature","geometry":{"type":"Point","coordinates":[78.39615,30.03026]},"properties":{"id":"osm:n7888719796","kind":"settlement","subtype":"hamlet","name":"Binak","population":150,"populationEstimated":true}},{"type":"Feature","geometry":{"type":"Point","coordinates":[78.38794,30.02707]},"properties":{"id":"osm:n7888719797","kind":"settlement","subtype":"hamlet","name":"Patli","population":150,"populationEstimated":true}},{"type":"Feature","geometry":{"type":"Point","coordinates":[78.38524,30.03204]},"properties":{"id":"osm:n7888719798","kind":"settlement","subtype":"hamlet","name":"Nail","population":150,"populationEstimated":true}},{"type":"Feature","geometry":{"type":"Point","coordinates":[78.37355,30.03249]},"properties":{"id":"osm:n7888719799","kind":"settlement","subtype":"hamlet","name":"Natura","population":150,"populationEstimated":true}},{"type":"Feature","geometry":{"type":"Point","coordinates":[78.3746,30.03669]},"properties":{"id":"osm:n7888719800","kind":"settlement","subtype":"hamlet","name":"Phaldakot","population":150,"populationEstimated":true}},{"type":"Feature","geometry":{"type":"Point","coordinates":[78.3728,30.04042]},"properties":{"id":"osm:n7888719801","kind":"settlement","subtype":"hamlet","name":"Kandwalgaon","population":150,"populationEstimated":true}},{"type":"Feature","geometry":{"type":"Point","coordinates":[78.37756,30.04411]},"properties":{"id":"osm:n7888719802","kind":"settlement","subtype":"hamlet","name":"Kkretidhar","population":150,"populationEstimated":true}},{"type":"Feature","geometry":{"type":"Point","coordinates":[78.40056,30.07506]},"properties":{"id":"osm:n7888719803","kind":"settlement","subtype":"hamlet","name":"Jogyana","population":150,"populationEstimated":true}},{"type":"Feature","geometry":{"type":"Point","coordinates":[78.39065,30.07977]},"properties":{"id":"osm:n7888719804","kind":"settlement","subtype":"hamlet","name":"Tilwaigaon","population":150,"populationEstimated":true}},{"type":"Feature","geometry":{"type":"Point","coordinates":[78.38713,30.06302]},"properties":{"id":"osm:n7888719806","kind":"settlement","subtype":"hamlet","name":"Mohanchatti","population":150,"populationEstimated":true}},{"type":"Feature","geometry":{"type":"Point","coordinates":[78.38172,30.06867]},"properties":{"id":"osm:n7888719807","kind":"settlement","subtype":"hamlet","name":"Mahadevsen","population":150,"populationEstimated":true}},{"type":"Feature","geometry":{"type":"Point","coordinates":[78.36986,30.05613]},"properties":{"id":"osm:n7888719809","kind":"settlement","subtype":"hamlet","name":"Bheldunga","population":150,"populationEstimated":true}},{"type":"Feature","geometry":{"type":"Point","coordinates":[78.38635,30.05756]},"properties":{"id":"osm:n7888719811","kind":"settlement","subtype":"hamlet","name":"Ukhli","population":150,"populationEstimated":true}},{"type":"Feature","geometry":{"type":"Point","coordinates":[78.39423,30.05873]},"properties":{"id":"osm:n7888719812","kind":"settlement","subtype":"hamlet","name":"Santankatal","population":150,"populationEstimated":true}},{"type":"Feature","geometry":{"type":"Point","coordinates":[78.40388,30.06108]},"properties":{"id":"osm:n7888719813","kind":"settlement","subtype":"hamlet","name":"Kapurkata","population":150,"populationEstimated":true}},{"type":"Feature","geometry":{"type":"Point","coordinates":[78.40233,30.05643]},"properties":{"id":"osm:n7888719814","kind":"settlement","subtype":"hamlet","name":"Kumartha","population":150,"populationEstimated":true}},{"type":"Feature","geometry":{"type":"Point","coordinates":[78.39174,30.05041]},"properties":{"id":"osm:n7888719816","kind":"settlement","subtype":"hamlet","name":"Sinduri","population":150,"populationEstimated":true}},{"type":"Feature","geometry":{"type":"Point","coordinates":[78.40305,30.04661]},"properties":{"id":"osm:n7888719817","kind":"settlement","subtype":"hamlet","name":"Birkatal","population":150,"populationEstimated":true}},{"type":"Feature","geometry":{"type":"Point","coordinates":[78.41078,30.05193]},"properties":{"id":"osm:n7888719818","kind":"settlement","subtype":"hamlet","name":"Musrali","population":150,"populationEstimated":true}},{"type":"Feature","geometry":{"type":"Point","coordinates":[78.4165,30.05236]},"properties":{"id":"osm:n7888719819","kind":"settlement","subtype":"hamlet","name":"Gadan","population":150,"populationEstimated":true}},{"type":"Feature","geometry":{"type":"Point","coordinates":[78.42591,30.04351]},"properties":{"id":"osm:n7888719820","kind":"settlement","subtype":"hamlet","name":"Nail","population":150,"populationEstimated":true}},{"type":"Feature","geometry":{"type":"Point","coordinates":[78.42777,30.04031]},"properties":{"id":"osm:n7888719821","kind":"settlement","subtype":"hamlet","name":"Gujrara","population":150,"populationEstimated":true}},{"type":"Feature","geometry":{"type":"Point","coordinates":[78.4262,30.02849]},"properties":{"id":"osm:n7888719822","kind":"settlement","subtype":"hamlet","name":"Gaikhal","population":150,"populationEstimated":true}},{"type":"Feature","geometry":{"type":"Point","coordinates":[78.41646,30.03791]},"properties":{"id":"osm:n7888719823","kind":"settlement","subtype":"hamlet","name":"Bonga","population":150,"populationEstimated":true}},{"type":"Feature","geometry":{"type":"Point","coordinates":[78.40548,30.03904]},"properties":{"id":"osm:n7888719824","kind":"settlement","subtype":"hamlet","name":"Mangaliyagaon","population":150,"populationEstimated":true}},{"type":"Feature","geometry":{"type":"Point","coordinates":[78.40198,30.03419]},"properties":{"id":"osm:n7888719825","kind":"settlement","subtype":"hamlet","name":"Daun","population":150,"populationEstimated":true}},{"type":"Feature","geometry":{"type":"Point","coordinates":[78.40248,30.03005]},"properties":{"id":"osm:n7888719826","kind":"settlement","subtype":"hamlet","name":"Binak","population":150,"populationEstimated":true}},{"type":"Feature","geometry":{"type":"Point","coordinates":[78.39415,30.03253]},"properties":{"id":"osm:n7888719827","kind":"settlement","subtype":"hamlet","name":"Pokhral","population":150,"populationEstimated":true}},{"type":"Feature","geometry":{"type":"Point","coordinates":[78.40952,30.02939]},"properties":{"id":"osm:n7888719828","kind":"settlement","subtype":"hamlet","name":"Daurana","population":150,"populationEstimated":true}},{"type":"Feature","geometry":{"type":"Point","coordinates":[78.40702,30.02673]},"properties":{"id":"osm:n7888719829","kind":"settlement","subtype":"hamlet","name":"Magatha","population":150,"populationEstimated":true}},{"type":"Feature","geometry":{"type":"Point","coordinates":[78.40361,30.02435]},"properties":{"id":"osm:n7888719830","kind":"settlement","subtype":"hamlet","name":"Mahadevpuri","population":150,"populationEstimated":true}},{"type":"Feature","geometry":{"type":"Point","coordinates":[78.42676,30.02082]},"properties":{"id":"osm:n7888719831","kind":"settlement","subtype":"hamlet","name":"Daketa","population":150,"populationEstimated":true}},{"type":"Feature","geometry":{"type":"Point","coordinates":[78.37318,30.06575]},"properties":{"id":"osm:n7889169906","kind":"settlement","subtype":"hamlet","name":"Bairagarh","population":150,"populationEstimated":true}},{"type":"Feature","geometry":{"type":"Point","coordinates":[78.35887,30.07925]},"properties":{"id":"osm:n7889169907","kind":"settlement","subtype":"hamlet","name":"Judda","population":150,"populationEstimated":true}},{"type":"Feature","geometry":{"type":"Point","coordinates":[78.36767,30.08309]},"properties":{"id":"osm:n7889169908","kind":"settlement","subtype":"hamlet","name":"Talain","population":150,"populationEstimated":true}},{"type":"Feature","geometry":{"type":"Point","coordinates":[78.36427,30.07291]},"properties":{"id":"osm:n7889169909","kind":"settlement","subtype":"hamlet","name":"Amri","population":150,"populationEstimated":true}},{"type":"Feature","geometry":{"type":"Point","coordinates":[78.35816,30.07]},"properties":{"id":"osm:n7889169910","kind":"settlement","subtype":"hamlet","name":"Gyuntha","population":150,"populationEstimated":true}},{"type":"Feature","geometry":{"type":"Point","coordinates":[78.35603,30.07462]},"properties":{"id":"osm:n7889169911","kind":"settlement","subtype":"hamlet","name":"Maun","population":150,"populationEstimated":true}},{"type":"Feature","geometry":{"type":"Point","coordinates":[78.35252,30.06757]},"properties":{"id":"osm:n7889169912","kind":"settlement","subtype":"hamlet","name":"Iriya","population":150,"populationEstimated":true}},{"type":"Feature","geometry":{"type":"Point","coordinates":[78.34821,30.06843]},"properties":{"id":"osm:n7889169913","kind":"settlement","subtype":"hamlet","name":"Kuthar","population":150,"populationEstimated":true}},{"type":"Feature","geometry":{"type":"Point","coordinates":[78.33761,30.07244]},"properties":{"id":"osm:n7889169914","kind":"settlement","subtype":"hamlet","name":"Bhaun","population":150,"populationEstimated":true}},{"type":"Feature","geometry":{"type":"Point","coordinates":[78.34048,30.06376]},"properties":{"id":"osm:n7889169915","kind":"settlement","subtype":"hamlet","name":"Kharosha","population":150,"populationEstimated":true}},{"type":"Feature","geometry":{"type":"Point","coordinates":[78.34475,30.06077]},"properties":{"id":"osm:n7889169916","kind":"settlement","subtype":"hamlet","name":"Banstola","population":150,"populationEstimated":true}},{"type":"Feature","geometry":{"type":"Point","coordinates":[78.3431,30.05483]},"properties":{"id":"osm:n7889169917","kind":"settlement","subtype":"hamlet","name":"Devrana","population":150,"populationEstimated":true}},{"type":"Feature","geometry":{"type":"Point","coordinates":[78.36087,30.04519]},"properties":{"id":"osm:n7889169918","kind":"settlement","subtype":"hamlet","name":"Paiyan","population":150,"populationEstimated":true}},{"type":"Feature","geometry":{"type":"Point","coordinates":[78.35308,30.0511]},"properties":{"id":"osm:n7889169919","kind":"settlement","subtype":"hamlet","name":"Juledi","population":150,"populationEstimated":true}},{"type":"Feature","geometry":{"type":"Point","coordinates":[78.33749,30.04794]},"properties":{"id":"osm:n7889169920","kind":"settlement","subtype":"hamlet","name":"Chamanpuri","population":150,"populationEstimated":true}},{"type":"Feature","geometry":{"type":"Point","coordinates":[78.3296,30.04335]},"properties":{"id":"osm:n7889169921","kind":"settlement","subtype":"village","name":"Dhamand","population":1000,"populationEstimated":true}},{"type":"Feature","geometry":{"type":"Point","coordinates":[78.36335,30.11172]},"properties":{"id":"osm:n7889169922","kind":"settlement","subtype":"hamlet","name":"Patna","population":150,"populationEstimated":true}},{"type":"Feature","geometry":{"type":"Point","coordinates":[78.35779,30.10805]},"properties":{"id":"osm:n7889169923","kind":"settlement","subtype":"hamlet","name":"Haldogi","population":150,"populationEstimated":true}},{"type":"Feature","geometry":{"type":"Point","coordinates":[78.35022,30.09364]},"properties":{"id":"osm:n7889169924","kind":"settlement","subtype":"hamlet","name":"Amsur","population":150,"populationEstimated":true}},{"type":"Feature","geometry":{"type":"Point","coordinates":[78.35231,30.09701]},"properties":{"id":"osm:n7889169925","kind":"settlement","subtype":"hamlet","name":"Bhadasi","population":150,"populationEstimated":true}},{"type":"Feature","geometry":{"type":"Point","coordinates":[78.35286,30.09282]},"properties":{"id":"osm:n7889169926","kind":"settlement","subtype":"hamlet","name":"Marai","population":150,"populationEstimated":true}},{"type":"Feature","geometry":{"type":"Point","coordinates":[78.3416,30.08523]},"properties":{"id":"osm:n7889169927","kind":"settlement","subtype":"hamlet","name":"Toli","population":150,"populationEstimated":true}},{"type":"Feature","geometry":{"type":"Point","coordinates":[78.3328,30.08755]},"properties":{"id":"osm:n7889169928","kind":"settlement","subtype":"hamlet","name":"Pundrasu","population":150,"populationEstimated":true}},{"type":"Feature","geometry":{"type":"Point","coordinates":[78.33117,30.1061]},"properties":{"id":"osm:n7889169929","kind":"settlement","subtype":"hamlet","name":"Gudanugaon","population":150,"populationEstimated":true}},{"type":"Feature","geometry":{"type":"Point","coordinates":[78.3675,30.03451]},"properties":{"id":"osm:n7889219695","kind":"settlement","subtype":"hamlet","name":"Umara","population":150,"populationEstimated":true}},{"type":"Feature","geometry":{"type":"Point","coordinates":[78.36182,30.03204]},"properties":{"id":"osm:n7889219696","kind":"settlement","subtype":"hamlet","name":"Amgadi","population":150,"populationEstimated":true}},{"type":"Feature","geometry":{"type":"Point","coordinates":[78.35825,30.03893]},"properties":{"id":"osm:n7889219697","kind":"settlement","subtype":"hamlet","name":"Kumrana","population":150,"populationEstimated":true}},{"type":"Feature","geometry":{"type":"Point","coordinates":[78.35393,30.03908]},"properties":{"id":"osm:n7889219698","kind":"settlement","subtype":"hamlet","name":"Majendi","population":150,"populationEstimated":true}},{"type":"Feature","geometry":{"type":"Point","coordinates":[78.34691,30.03958]},"properties":{"id":"osm:n7889219699","kind":"settlement","subtype":"hamlet","name":"Binjakhet","population":150,"populationEstimated":true}},{"type":"Feature","geometry":{"type":"Point","coordinates":[78.34623,30.03003]},"properties":{"id":"osm:n7889219700","kind":"settlement","subtype":"hamlet","name":"Dhausain","population":150,"populationEstimated":true}},{"type":"Feature","geometry":{"type":"Point","coordinates":[78.3455,30.02584]},"properties":{"id":"osm:n7889219701","kind":"settlement","subtype":"hamlet","name":"Ghorkatal","population":150,"populationEstimated":true}},{"type":"Feature","geometry":{"type":"Point","coordinates":[78.3495,30.02183]},"properties":{"id":"osm:n7889219703","kind":"settlement","subtype":"hamlet","name":"Danni Katal","population":150,"populationEstimated":true}},{"type":"Feature","geometry":{"type":"Point","coordinates":[78.36625,30.02008]},"properties":{"id":"osm:n7889219704","kind":"settlement","subtype":"hamlet","name":"Dubra","population":150,"populationEstimated":true}},{"type":"Feature","geometry":{"type":"Point","coordinates":[78.33291,30.02907]},"properties":{"id":"osm:n7889219714","kind":"settlement","subtype":"hamlet","name":"Keshubari","population":150,"populationEstimated":true}},{"type":"Feature","geometry":{"type":"Point","coordinates":[78.60088,30.14576]},"properties":{"id":"osm:n7944723363","kind":"settlement","subtype":"village","name":"Masniya Bani","population":1000,"populationEstimated":true}},{"type":"Feature","geometry":{"type":"Point","coordinates":[78.63867,30.13143]},"properties":{"id":"osm:n8238940546","kind":"hospital","subtype":"hospital","name":"Government Hospital, Sabdarkhal","population":0,"populationEstimated":false}},{"type":"Feature","geometry":{"type":"Point","coordinates":[78.28372,30.37473]},"properties":{"id":"osm:n8265671494","kind":"hospital","subtype":"hospital","name":"Government Hospital, Satyon","population":0,"populationEstimated":false}},{"type":"Feature","geometry":{"type":"Point","coordinates":[78.49276,30.40263]},"properties":{"id":"osm:n8268833450","kind":"hospital","subtype":"hospital","name":"Government Hospital, Madannegi","population":0,"populationEstimated":false}},{"type":"Feature","geometry":{"type":"Point","coordinates":[78.47087,30.37923]},"properties":{"id":"osm:n8269148141","kind":"hospital","subtype":"hospital","name":"Government Hospital, Bhagirathi Puram","population":0,"populationEstimated":false}},{"type":"Feature","geometry":{"type":"Point","coordinates":[78.33923,30.10872]},"properties":{"id":"osm:n8273026814","kind":"settlement","subtype":"hamlet","name":"Bhaun","population":150,"populationEstimated":true}},{"type":"Feature","geometry":{"type":"Point","coordinates":[78.44258,30.38504]},"properties":{"id":"osm:n9378376477","kind":"emergency","subtype":"police","name":"Dungidhar Police Chowki","population":0,"populationEstimated":false}},{"type":"Feature","geometry":{"type":"Point","coordinates":[78.31999,30.13241]},"properties":{"id":"osm:n9849512299","kind":"school","subtype":"school","name":"AYM Yoga School","population":0,"populationEstimated":false}},{"type":"Feature","geometry":{"type":"Point","coordinates":[78.3265,30.12227]},"properties":{"id":"osm:n9860227117","kind":"school","subtype":"school","name":"World Peace Yoga School","population":0,"populationEstimated":false}},{"type":"Feature","geometry":{"type":"Point","coordinates":[78.29272,30.10884]},"properties":{"id":"osm:n10012603021","kind":"hospital","subtype":"clinic","name":"Krishna Medical Centre","population":0,"populationEstimated":false}},{"type":"Feature","geometry":{"type":"Point","coordinates":[78.32636,30.13051]},"properties":{"id":"osm:n10302061252","kind":"school","subtype":"school","name":"Yoga Essence","population":0,"populationEstimated":false}},{"type":"Feature","geometry":{"type":"Point","coordinates":[78.34162,30.10569]},"properties":{"id":"osm:n10809898962","kind":"settlement","subtype":"hamlet","name":"Khairgal","population":150,"populationEstimated":true}},{"type":"Feature","geometry":{"type":"Point","coordinates":[78.33909,30.13655]},"properties":{"id":"osm:n10813290303","kind":"settlement","subtype":"hamlet","name":"Malli","population":150,"populationEstimated":true}},{"type":"Feature","geometry":{"type":"Point","coordinates":[78.27361,30.09034]},"properties":{"id":"osm:n11860290763","kind":"hospital","subtype":"hospital","name":"Rana eye center","population":0,"populationEstimated":false}},{"type":"Feature","geometry":{"type":"Point","coordinates":[78.28841,30.09879]},"properties":{"id":"osm:n11860352788","kind":"hospital","subtype":"hospital","name":"Neeraj epilepsy clinic","population":0,"populationEstimated":false}},{"type":"Feature","geometry":{"type":"Point","coordinates":[78.32023,30.12816]},"properties":{"id":"osm:n11860363957","kind":"emergency","subtype":"police","name":"police","population":0,"populationEstimated":false}},{"type":"Feature","geometry":{"type":"Point","coordinates":[78.25148,30.07157]},"properties":{"id":"osm:n11860366714","kind":"school","subtype":"school","name":"Foothills academy","population":0,"populationEstimated":false}},{"type":"Feature","geometry":{"type":"Point","coordinates":[78.27719,30.0692]},"properties":{"id":"osm:n12049320442","kind":"hospital","subtype":"hospital","name":"Seema dental college and hospital","population":0,"populationEstimated":false}},{"type":"Feature","geometry":{"type":"Point","coordinates":[78.32051,30.13291]},"properties":{"id":"osm:n12539452427","kind":"school","subtype":"school","name":"rishikesh yoga teacher training center","population":0,"populationEstimated":false}},{"type":"Feature","geometry":{"type":"Point","coordinates":[78.31181,30.12362]},"properties":{"id":"osm:n12684189301","kind":"emergency","subtype":"police","name":"Muni ki reti police thana","population":0,"populationEstimated":false}},{"type":"Feature","geometry":{"type":"Point","coordinates":[78.32048,30.12788]},"properties":{"id":"osm:n13152055855","kind":"hospital","subtype":"hospital","name":"Ayushwaan Multi Speciality Hospital","population":0,"populationEstimated":false}},{"type":"Feature","geometry":{"type":"Point","coordinates":[78.32528,30.12964]},"properties":{"id":"osm:n13153090354","kind":"school","subtype":"school","name":"Yoga essence ashram","population":0,"populationEstimated":false}},{"type":"Feature","geometry":{"type":"Point","coordinates":[78.3218,30.13108]},"properties":{"id":"osm:n13359139501","kind":"school","subtype":"school","name":"Vinyasa Yogashala","population":0,"populationEstimated":false}},{"type":"Feature","geometry":{"type":"Point","coordinates":[78.32651,30.12275]},"properties":{"id":"osm:w102683530","kind":"emergency","subtype":"police","name":"Laxman Jhula police station","population":0,"populationEstimated":false}},{"type":"Feature","geometry":{"type":"Point","coordinates":[78.3315,30.12882]},"properties":{"id":"osm:w276374940","kind":"hospital","subtype":"hospital","name":"Laxman Jhula Governement Hospital","population":0,"populationEstimated":false}},{"type":"Feature","geometry":{"type":"Point","coordinates":[78.32305,30.12389]},"properties":{"id":"osm:w378926822","kind":"emergency","subtype":"police","name":"police","population":0,"populationEstimated":false}},{"type":"Feature","geometry":{"type":"Point","coordinates":[78.33163,30.13129]},"properties":{"id":"osm:w399113641","kind":"emergency","subtype":"police","name":"police","population":0,"populationEstimated":false}},{"type":"Feature","geometry":{"type":"Point","coordinates":[78.43164,30.37593]},"properties":{"id":"osm:w509660788","kind":"school","subtype":"school","name":"school","population":0,"populationEstimated":false}},{"type":"Feature","geometry":{"type":"Point","coordinates":[78.24825,30.07304]},"properties":{"id":"osm:w630600222","kind":"school","subtype":"school","name":"school","population":0,"populationEstimated":false}},{"type":"Feature","geometry":{"type":"Point","coordinates":[78.34074,30.10533]},"properties":{"id":"osm:w683733921","kind":"school","subtype":"school","name":"school","population":0,"populationEstimated":false}},{"type":"Feature","geometry":{"type":"Point","coordinates":[78.29593,30.10873]},"properties":{"id":"osm:w742423053","kind":"hospital","subtype":"hospital","name":"S.P.S Government Hospital Rishikesh","population":0,"populationEstimated":false}},{"type":"Feature","geometry":{"type":"Point","coordinates":[78.29414,30.1121]},"properties":{"id":"osm:w742630681","kind":"hospital","subtype":"hospital","name":"Joshi Surgicial and Maternity Center","population":0,"populationEstimated":false}},{"type":"Feature","geometry":{"type":"Point","coordinates":[78.28796,30.09814]},"properties":{"id":"osm:w742634686","kind":"hospital","subtype":"hospital","name":"Bharadwaj Hospital and Maternity Home","population":0,"populationEstimated":false}},{"type":"Feature","geometry":{"type":"Point","coordinates":[78.29254,30.11432]},"properties":{"id":"osm:w742849500","kind":"hospital","subtype":"hospital","name":"Puri Sanjivani Hospital","population":0,"populationEstimated":false}},{"type":"Feature","geometry":{"type":"Point","coordinates":[78.29351,30.11202]},"properties":{"id":"osm:w742885990","kind":"hospital","subtype":"hospital","name":"Dashmesh Hospital and Sandhu Surgicial Center","population":0,"populationEstimated":false}},{"type":"Feature","geometry":{"type":"Point","coordinates":[78.30058,30.10777]},"properties":{"id":"osm:w743251353","kind":"hospital","subtype":"hospital","name":"Sri Krishna Sewa Ashram Hospital","population":0,"populationEstimated":false}},{"type":"Feature","geometry":{"type":"Point","coordinates":[78.30327,30.10444]},"properties":{"id":"osm:w743357867","kind":"hospital","subtype":"hospital","name":"Nirmal Ashram Hospital","population":0,"populationEstimated":false}},{"type":"Feature","geometry":{"type":"Point","coordinates":[78.28403,30.07799]},"properties":{"id":"osm:w825078065","kind":"hospital","subtype":"hospital","name":"All India Institute of Medical Sciences, Rishikesh","population":0,"populationEstimated":false}},{"type":"Feature","geometry":{"type":"Point","coordinates":[78.59948,30.14153]},"properties":{"id":"osm:w1301984086","kind":"school","subtype":"university","name":"Central Sanskrit University","population":0,"populationEstimated":false}},{"type":"Feature","geometry":{"type":"Point","coordinates":[78.48533,30.35257]},"properties":{"id":"osm:w27283370","kind":"bridge","subtype":"trunk","name":"NH707A bridge","population":0,"populationEstimated":false}},{"type":"Feature","geometry":{"type":"Point","coordinates":[78.3883,30.13714]},"properties":{"id":"osm:w44817160","kind":"bridge","subtype":"trunk","name":"NH7 bridge","population":0,"populationEstimated":false}},{"type":"Feature","geometry":{"type":"Point","coordinates":[78.55393,30.37371]},"properties":{"id":"osm:w93542615","kind":"bridge","subtype":"tertiary","name":"Road bridge","population":0,"populationEstimated":false}},{"type":"Feature","geometry":{"type":"Point","coordinates":[78.30206,30.10915]},"properties":{"id":"osm:w102676805","kind":"bridge","subtype":"trunk","name":"NH7 bridge","population":0,"populationEstimated":false}},{"type":"Feature","geometry":{"type":"Point","coordinates":[78.30773,30.12085]},"properties":{"id":"osm:w103534593","kind":"bridge","subtype":"trunk","name":"NH7 bridge","population":0,"populationEstimated":false}},{"type":"Feature","geometry":{"type":"Point","coordinates":[78.28982,30.07359]},"properties":{"id":"osm:w104658228","kind":"bridge","subtype":"tertiary","name":"Pashulok Barriage","population":0,"populationEstimated":false}},{"type":"Feature","geometry":{"type":"Point","coordinates":[78.29057,30.07426]},"properties":{"id":"osm:w104658229","kind":"bridge","subtype":"tertiary","name":"Rishikesh Bypass","population":0,"populationEstimated":false}},{"type":"Feature","geometry":{"type":"Point","coordinates":[78.26419,30.02901]},"properties":{"id":"osm:w104690480","kind":"bridge","subtype":"tertiary","name":"Road bridge","population":0,"populationEstimated":false}},{"type":"Feature","geometry":{"type":"Point","coordinates":[78.29982,30.12578]},"properties":{"id":"osm:w164316501","kind":"bridge","subtype":"secondary","name":"Road bridge","population":0,"populationEstimated":false}},{"type":"Feature","geometry":{"type":"Point","coordinates":[78.35387,30.12771]},"properties":{"id":"osm:w199041803","kind":"bridge","subtype":"secondary","name":"Road bridge","population":0,"populationEstimated":false}},{"type":"Feature","geometry":{"type":"Point","coordinates":[78.22813,30.21537]},"properties":{"id":"osm:w226983220","kind":"bridge","subtype":"tertiary","name":"Road bridge","population":0,"populationEstimated":false}},{"type":"Feature","geometry":{"type":"Point","coordinates":[78.44191,30.34269]},"properties":{"id":"osm:w226984217","kind":"bridge","subtype":"tertiary","name":"Road bridge","population":0,"populationEstimated":false}},{"type":"Feature","geometry":{"type":"Point","coordinates":[78.44616,30.36115]},"properties":{"id":"osm:w226985187","kind":"bridge","subtype":"tertiary","name":"Road bridge","population":0,"populationEstimated":false}},{"type":"Feature","geometry":{"type":"Point","coordinates":[78.4348,30.11594]},"properties":{"id":"osm:w227089177","kind":"bridge","subtype":"trunk","name":"NH7 bridge","population":0,"populationEstimated":false}},{"type":"Feature","geometry":{"type":"Point","coordinates":[78.23144,30.05979]},"properties":{"id":"osm:w227352459","kind":"bridge","subtype":"trunk","name":"NH7;NH34 bridge","population":0,"populationEstimated":false}},{"type":"Feature","geometry":{"type":"Point","coordinates":[78.48676,30.29826]},"properties":{"id":"osm:w227388009","kind":"bridge","subtype":"primary","name":"Road bridge","population":0,"populationEstimated":false}},{"type":"Feature","geometry":{"type":"Point","coordinates":[78.27855,30.09251]},"properties":{"id":"osm:w227691962","kind":"bridge","subtype":"trunk","name":"NH7 bridge","population":0,"populationEstimated":false}},{"type":"Feature","geometry":{"type":"Point","coordinates":[78.2796,30.0728]},"properties":{"id":"osm:w227693125","kind":"bridge","subtype":"secondary","name":"Rishikesh Bypass","population":0,"populationEstimated":false}},{"type":"Feature","geometry":{"type":"Point","coordinates":[78.36819,30.2816]},"properties":{"id":"osm:w228128536","kind":"bridge","subtype":"trunk","name":"NH34 bridge","population":0,"populationEstimated":false}},{"type":"Feature","geometry":{"type":"Point","coordinates":[78.60414,30.0677]},"properties":{"id":"osm:w310505111","kind":"bridge","subtype":"tertiary","name":"Road bridge","population":0,"populationEstimated":false}},{"type":"Feature","geometry":{"type":"Point","coordinates":[78.60367,30.0642]},"properties":{"id":"osm:w310505113","kind":"bridge","subtype":"tertiary","name":"Road bridge","population":0,"populationEstimated":false}},{"type":"Feature","geometry":{"type":"Point","coordinates":[78.63488,30.02137]},"properties":{"id":"osm:w310505114","kind":"bridge","subtype":"tertiary","name":"Road bridge","population":0,"populationEstimated":false}},{"type":"Feature","geometry":{"type":"Point","coordinates":[78.58853,30.11931]},"properties":{"id":"osm:w310505115","kind":"bridge","subtype":"tertiary","name":"Road bridge","population":0,"populationEstimated":false}},{"type":"Feature","geometry":{"type":"Point","coordinates":[78.59582,30.0587]},"properties":{"id":"osm:w310505116","kind":"bridge","subtype":"tertiary","name":"Road bridge","population":0,"populationEstimated":false}},{"type":"Feature","geometry":{"type":"Point","coordinates":[78.59821,30.15102]},"properties":{"id":"osm:w432717430","kind":"bridge","subtype":"trunk","name":"NH7 bridge","population":0,"populationEstimated":false}},{"type":"Feature","geometry":{"type":"Point","coordinates":[78.59756,30.14051]},"properties":{"id":"osm:w588369442","kind":"bridge","subtype":"tertiary","name":"Road bridge","population":0,"populationEstimated":false}},{"type":"Feature","geometry":{"type":"Point","coordinates":[78.50332,30.07325]},"properties":{"id":"osm:w636372262","kind":"bridge","subtype":"trunk","name":"NH7 bridge","population":0,"populationEstimated":false}},{"type":"Feature","geometry":{"type":"Point","coordinates":[78.62742,30.35182]},"properties":{"id":"osm:w636387434","kind":"bridge","subtype":"trunk","name":"NH707A bridge","population":0,"populationEstimated":false}},{"type":"Feature","geometry":{"type":"Point","coordinates":[78.36224,30.26561]},"properties":{"id":"osm:w638836043","kind":"bridge","subtype":"trunk","name":"NH34 bridge","population":0,"populationEstimated":false}},{"type":"Feature","geometry":{"type":"Point","coordinates":[78.36203,30.33597]},"properties":{"id":"osm:w658885523","kind":"bridge","subtype":"tertiary","name":"Road bridge","population":0,"populationEstimated":false}},{"type":"Feature","geometry":{"type":"Point","coordinates":[78.32812,30.36314]},"properties":{"id":"osm:w658885524","kind":"bridge","subtype":"tertiary","name":"Road bridge","population":0,"populationEstimated":false}},{"type":"Feature","geometry":{"type":"Point","coordinates":[78.35174,30.34391]},"properties":{"id":"osm:w658885529","kind":"bridge","subtype":"tertiary","name":"Road bridge","population":0,"populationEstimated":false}},{"type":"Feature","geometry":{"type":"Point","coordinates":[78.36253,30.3358]},"properties":{"id":"osm:w658885534","kind":"bridge","subtype":"tertiary","name":"Road bridge","population":0,"populationEstimated":false}},{"type":"Feature","geometry":{"type":"Point","coordinates":[78.32548,30.24287]},"properties":{"id":"osm:w658912796","kind":"bridge","subtype":"tertiary","name":"Road bridge","population":0,"populationEstimated":false}},{"type":"Feature","geometry":{"type":"Point","coordinates":[78.29556,30.16717]},"properties":{"id":"osm:w658921814","kind":"bridge","subtype":"trunk","name":"NH34 bridge","population":0,"populationEstimated":false}},{"type":"Feature","geometry":{"type":"Point","coordinates":[78.58414,30.12101]},"properties":{"id":"osm:w685372782","kind":"bridge","subtype":"trunk","name":"NH7 bridge","population":0,"populationEstimated":false}},{"type":"Feature","geometry":{"type":"Point","coordinates":[78.31054,30.11602]},"properties":{"id":"osm:w785302349","kind":"bridge","subtype":"tertiary","name":"Janki Setu","population":0,"populationEstimated":false}},{"type":"Feature","geometry":{"type":"Point","coordinates":[78.47715,30.37776]},"properties":{"id":"osm:w1001773807","kind":"bridge","subtype":"secondary","name":"Chamba-Barkot Road","population":0,"populationEstimated":false}},{"type":"Feature","geometry":{"type":"Point","coordinates":[78.27377,30.19019]},"properties":{"id":"osm:w1057427462","kind":"bridge","subtype":"tertiary","name":"Road bridge","population":0,"populationEstimated":false}},{"type":"Feature","geometry":{"type":"Point","coordinates":[78.64176,30.34237]},"properties":{"id":"osm:w1072110918","kind":"bridge","subtype":"trunk","name":"NH707A bridge","population":0,"populationEstimated":false}},{"type":"Feature","geometry":{"type":"Point","coordinates":[78.64088,30.34372]},"properties":{"id":"osm:w1072110921","kind":"bridge","subtype":"trunk","name":"NH707A bridge","population":0,"populationEstimated":false}},{"type":"Feature","geometry":{"type":"Point","coordinates":[78.27947,30.11793]},"properties":{"id":"osm:w1078876930","kind":"bridge","subtype":"primary","name":"NH7 bridge","population":0,"populationEstimated":false}},{"type":"Feature","geometry":{"type":"Point","coordinates":[78.22091,30.05538]},"properties":{"id":"osm:w1090770310","kind":"bridge","subtype":"trunk","name":"NH34 bridge","population":0,"populationEstimated":false}},{"type":"Feature","geometry":{"type":"Point","coordinates":[78.27848,30.09237]},"properties":{"id":"osm:w1091496178","kind":"bridge","subtype":"trunk","name":"NH7 bridge","population":0,"populationEstimated":false}},{"type":"Feature","geometry":{"type":"Point","coordinates":[78.23846,30.17253]},"properties":{"id":"osm:w1091508103","kind":"bridge","subtype":"tertiary","name":"Road bridge","population":0,"populationEstimated":false}},{"type":"Feature","geometry":{"type":"Point","coordinates":[78.53932,30.4012]},"properties":{"id":"osm:w1092666547","kind":"bridge","subtype":"tertiary","name":"Road bridge","population":0,"populationEstimated":false}},{"type":"Feature","geometry":{"type":"Point","coordinates":[78.50549,30.40847]},"properties":{"id":"osm:w1092666549","kind":"bridge","subtype":"tertiary","name":"Road bridge","population":0,"populationEstimated":false}},{"type":"Feature","geometry":{"type":"Point","coordinates":[78.22213,30.25819]},"properties":{"id":"osm:w1092820314","kind":"bridge","subtype":"tertiary","name":"Road bridge","population":0,"populationEstimated":false}},{"type":"Feature","geometry":{"type":"Point","coordinates":[78.27927,30.24237]},"properties":{"id":"osm:w1092865395","kind":"bridge","subtype":"tertiary","name":"Road bridge","population":0,"populationEstimated":false}},{"type":"Feature","geometry":{"type":"Point","coordinates":[78.2376,30.22272]},"properties":{"id":"osm:w1093750200","kind":"bridge","subtype":"tertiary","name":"Road bridge","population":0,"populationEstimated":false}},{"type":"Feature","geometry":{"type":"Point","coordinates":[78.2595,30.17482]},"properties":{"id":"osm:w1093779900","kind":"bridge","subtype":"tertiary","name":"Road bridge","population":0,"populationEstimated":false}},{"type":"Feature","geometry":{"type":"Point","coordinates":[78.25825,30.17396]},"properties":{"id":"osm:w1093784238","kind":"bridge","subtype":"tertiary","name":"Road bridge","population":0,"populationEstimated":false}},{"type":"Feature","geometry":{"type":"Point","coordinates":[78.28597,30.11666]},"properties":{"id":"osm:w1094021117","kind":"bridge","subtype":"trunk","name":"NH34 bridge","population":0,"populationEstimated":false}},{"type":"Feature","geometry":{"type":"Point","coordinates":[78.28692,30.11775]},"properties":{"id":"osm:w1094021118","kind":"bridge","subtype":"trunk","name":"NH34 bridge","population":0,"populationEstimated":false}},{"type":"Feature","geometry":{"type":"Point","coordinates":[78.23735,30.20974]},"properties":{"id":"osm:w1094106186","kind":"bridge","subtype":"tertiary","name":"Road bridge","population":0,"populationEstimated":false}},{"type":"Feature","geometry":{"type":"Point","coordinates":[78.23288,30.2082]},"properties":{"id":"osm:w1094402778","kind":"bridge","subtype":"tertiary","name":"Road bridge","population":0,"populationEstimated":false}},{"type":"Feature","geometry":{"type":"Point","coordinates":[78.25864,30.07786]},"properties":{"id":"osm:w1095784819","kind":"bridge","subtype":"trunk","name":"NH7 bridge","population":0,"populationEstimated":false}},{"type":"Feature","geometry":{"type":"Point","coordinates":[78.25706,30.08082]},"properties":{"id":"osm:w1095789956","kind":"bridge","subtype":"trunk","name":"Rishikesh Bypass","population":0,"populationEstimated":false}},{"type":"Feature","geometry":{"type":"Point","coordinates":[78.26153,30.35721]},"properties":{"id":"osm:w1150833721","kind":"bridge","subtype":"tertiary","name":"Road bridge","population":0,"populationEstimated":false}},{"type":"Feature","geometry":{"type":"Point","coordinates":[78.43499,30.08797]},"properties":{"id":"osm:w1166242231","kind":"bridge","subtype":"trunk","name":"NH7 bridge","population":0,"populationEstimated":false}},{"type":"Feature","geometry":{"type":"Point","coordinates":[78.38148,30.08051]},"properties":{"id":"osm:w1166242249","kind":"bridge","subtype":"secondary","name":"Road bridge","population":0,"populationEstimated":false}},{"type":"Feature","geometry":{"type":"Point","coordinates":[78.46839,30.3749]},"properties":{"id":"osm:w1167593047","kind":"bridge","subtype":"trunk","name":"NH707A bridge","population":0,"populationEstimated":false}},{"type":"Feature","geometry":{"type":"Point","coordinates":[78.4435,30.37114]},"properties":{"id":"osm:w1167593055","kind":"bridge","subtype":"tertiary","name":"Road bridge","population":0,"populationEstimated":false}},{"type":"Feature","geometry":{"type":"Point","coordinates":[78.45977,30.20285]},"properties":{"id":"osm:w1233880883","kind":"bridge","subtype":"tertiary","name":"Road bridge","population":0,"populationEstimated":false}},{"type":"Feature","geometry":{"type":"Point","coordinates":[78.4874,30.17909]},"properties":{"id":"osm:w1233880885","kind":"bridge","subtype":"tertiary","name":"Road bridge","population":0,"populationEstimated":false}},{"type":"Feature","geometry":{"type":"Point","coordinates":[78.48875,30.17194]},"properties":{"id":"osm:w1233880887","kind":"bridge","subtype":"tertiary","name":"Road bridge","population":0,"populationEstimated":false}},{"type":"Feature","geometry":{"type":"Point","coordinates":[78.49325,30.15213]},"properties":{"id":"osm:w1233880889","kind":"bridge","subtype":"tertiary","name":"Road bridge","population":0,"populationEstimated":false}},{"type":"Feature","geometry":{"type":"Point","coordinates":[78.46331,30.24411]},"properties":{"id":"osm:w1234173793","kind":"bridge","subtype":"secondary","name":"Road bridge","population":0,"populationEstimated":false}},{"type":"Feature","geometry":{"type":"Point","coordinates":[78.40381,30.24421]},"properties":{"id":"osm:w1234173795","kind":"bridge","subtype":"tertiary","name":"Road bridge","population":0,"populationEstimated":false}},{"type":"Feature","geometry":{"type":"Point","coordinates":[78.39437,30.24116]},"properties":{"id":"osm:w1234173797","kind":"bridge","subtype":"tertiary","name":"Road bridge","population":0,"populationEstimated":false}},{"type":"Feature","geometry":{"type":"Point","coordinates":[78.54669,30.19905]},"properties":{"id":"osm:w1234453583","kind":"bridge","subtype":"secondary","name":"Road bridge","population":0,"populationEstimated":false}},{"type":"Feature","geometry":{"type":"Point","coordinates":[78.379,30.08927]},"properties":{"id":"osm:w1242105073","kind":"bridge","subtype":"tertiary","name":"Road bridge","population":0,"populationEstimated":false}},{"type":"Feature","geometry":{"type":"Point","coordinates":[78.38121,30.08887]},"properties":{"id":"osm:w1242105078","kind":"bridge","subtype":"secondary","name":"Road bridge","population":0,"populationEstimated":false}},{"type":"Feature","geometry":{"type":"Point","coordinates":[78.57804,30.11167]},"properties":{"id":"osm:w1242280470","kind":"bridge","subtype":"trunk","name":"NH7 bridge","population":0,"populationEstimated":false}},{"type":"Feature","geometry":{"type":"Point","coordinates":[78.5081,30.12538]},"properties":{"id":"osm:w1242280476","kind":"bridge","subtype":"tertiary","name":"Road bridge","population":0,"populationEstimated":false}},{"type":"Feature","geometry":{"type":"Point","coordinates":[78.50435,30.12337]},"properties":{"id":"osm:w1242280478","kind":"bridge","subtype":"tertiary","name":"Road bridge","population":0,"populationEstimated":false}},{"type":"Feature","geometry":{"type":"Point","coordinates":[78.49418,30.07586]},"properties":{"id":"osm:w1242280483","kind":"bridge","subtype":"trunk","name":"NH7 bridge","population":0,"populationEstimated":false}},{"type":"Feature","geometry":{"type":"Point","coordinates":[78.34048,30.14477]},"properties":{"id":"osm:w1242284816","kind":"bridge","subtype":"tertiary","name":"Road bridge","population":0,"populationEstimated":false}},{"type":"Feature","geometry":{"type":"Point","coordinates":[78.33991,30.13793]},"properties":{"id":"osm:w1242284823","kind":"bridge","subtype":"trunk","name":"NH7 bridge","population":0,"populationEstimated":false}},{"type":"Feature","geometry":{"type":"Point","coordinates":[78.46507,30.19337]},"properties":{"id":"osm:w1247261905","kind":"bridge","subtype":"tertiary","name":"Road bridge","population":0,"populationEstimated":false}},{"type":"Feature","geometry":{"type":"Point","coordinates":[78.396,30.13861]},"properties":{"id":"osm:w1247264813","kind":"bridge","subtype":"trunk","name":"NH7 bridge","population":0,"populationEstimated":false}},{"type":"Feature","geometry":{"type":"Point","coordinates":[78.43522,30.09506]},"properties":{"id":"osm:w1253079188","kind":"bridge","subtype":"trunk","name":"NH7 bridge","population":0,"populationEstimated":false}},{"type":"Feature","geometry":{"type":"Point","coordinates":[78.4506,30.31709]},"properties":{"id":"osm:w1290169857","kind":"bridge","subtype":"secondary","name":"Road bridge","population":0,"populationEstimated":false}},{"type":"Feature","geometry":{"type":"Point","coordinates":[78.44721,30.28927]},"properties":{"id":"osm:w1290169859","kind":"bridge","subtype":"secondary","name":"Road bridge","population":0,"populationEstimated":false}},{"type":"Feature","geometry":{"type":"Point","coordinates":[78.45312,30.07122]},"properties":{"id":"osm:w1301980886","kind":"bridge","subtype":"trunk","name":"NH7 bridge","population":0,"populationEstimated":false}},{"type":"Feature","geometry":{"type":"Point","coordinates":[78.4359,30.11418]},"properties":{"id":"osm:w1301980887","kind":"bridge","subtype":"trunk","name":"NH7 bridge","population":0,"populationEstimated":false}},{"type":"Feature","geometry":{"type":"Point","coordinates":[78.64725,30.20884]},"properties":{"id":"osm:w1301984074","kind":"bridge","subtype":"trunk","name":"NH7 bridge","population":0,"populationEstimated":false}},{"type":"Feature","geometry":{"type":"Point","coordinates":[78.63877,30.198]},"properties":{"id":"osm:w1301984078","kind":"bridge","subtype":"trunk","name":"NH7 bridge","population":0,"populationEstimated":false}},{"type":"Feature","geometry":{"type":"Point","coordinates":[78.62449,30.18318]},"properties":{"id":"osm:w1301984080","kind":"bridge","subtype":"trunk","name":"NH7 bridge","population":0,"populationEstimated":false}},{"type":"Feature","geometry":{"type":"Point","coordinates":[78.61838,30.17953]},"properties":{"id":"osm:w1301984083","kind":"bridge","subtype":"trunk","name":"NH7 bridge","population":0,"populationEstimated":false}},{"type":"Feature","geometry":{"type":"Point","coordinates":[78.60836,30.40129]},"properties":{"id":"osm:w1348088607","kind":"bridge","subtype":"secondary","name":"Road bridge","population":0,"populationEstimated":false}},{"type":"Feature","geometry":{"type":"Point","coordinates":[78.64135,30.29777]},"properties":{"id":"osm:w1384777943","kind":"bridge","subtype":"tertiary","name":"Road bridge","population":0,"populationEstimated":false}},{"type":"Feature","geometry":{"type":"Point","coordinates":[78.29994,30.08493]},"properties":{"id":"osm:w1451289564","kind":"bridge","subtype":"tertiary","name":"Rishikesh Bypass","population":0,"populationEstimated":false}}]}