{"type":"FeatureCollection","features":[{"type":"Feature","geometry":{"type":"LineString","coordinates":[[76.61173,31.10045],[76.6117,31.10047],[76.61009,31.10121],[76.60855,31.10192],[76.60749,31.10235],[76.6073,31.10245],[76.60706,31.10257],[76.60677,31.10277],[76.60618,31.1034],[76.60576,31.1038],[76.60557,31.10394]]},"properties":{"id":"osm:w22835606","name":"NH205","highway":"trunk","bridge":false}},{"type":"Feature","geometry":{"type":"LineString","coordinates":[[76.56627,31.18074],[76.56619,31.18096],[76.56606,31.18121],[76.56591,31.18143],[76.56574,31.18162],[76.56562,31.18174],[76.56556,31.18183],[76.5655,31.18196],[76.56549,31.18202],[76.56548,31.18207],[76.56548,31.18211],[76.56548,31.18215],[76.56549,31.18221],[76.56551,31.18225],[76.56552,31.18228],[76.56553,31.18231],[76.56557,31.18238],[76.56562,31.18244],[76.56568,31.1825],[76.56575,31.18254],[76.56581,31.18258],[76.56593,31.18263],[76.56617,31.1827],[76.56636,31.18274],[76.56687,31.18284],[76.56907,31.18334]]},"properties":{"id":"osm:w26495315","name":"NH205","highway":"trunk","bridge":true}},{"type":"Feature","geometry":{"type":"LineString","coordinates":[[76.46329,30.92664],[76.46268,30.92642],[76.46222,30.92636],[76.46168,30.92641],[76.46105,30.92656],[76.46048,30.9267],[76.46018,30.92676],[76.45566,30.92767],[76.44878,30.92909],[76.44683,30.92949],[76.44598,30.92946],[76.44574,30.92945],[76.44396,30.9294],[76.43619,30.92914],[76.43362,30.93069],[76.43121,30.93078],[76.42724,30.93095],[76.42589,30.93125],[76.42417,30.93164],[76.42387,30.9317],[76.42105,30.93231],[76.4205,30.93275],[76.42022,30.93299],[76.42021,30.93301],[76.42019,30.93321],[76.42031,30.93399],[76.42035,30.93482],[76.42034,30.93507],[76.42024,30.93525],[76.42013,30.93527],[76.4189,30.93526],[76.41879,30.93532],[76.4171,30.9364],[76.41686,30.93641],[76.41472,30.93643],[76.41435,30.9364],[76.41412,30.93631],[76.41362,30.93583],[76.41335,30.93564],[76.41257,30.93536],[76.41201,30.93533],[76.40988,30.93558],[76.40892,30.93533],[76.40889,30.93534],[76.40879,30.93539],[76.40734,30.93644],[76.40672,30.93659],[76.4061,30.93663],[76.40495,30.93654],[76.40437,30.9365],[76.40397,30.93647]]},"properties":{"id":"osm:w32537768","name":"Bela-Ropar Road","highway":"tertiary","bridge":false}},{"type":"Feature","geometry":{"type":"LineString","coordinates":[[76.53337,30.96379],[76.53338,30.96414],[76.53338,30.96423],[76.53349,30.96563],[76.53343,30.96638],[76.53342,30.96651],[76.53339,30.96682],[76.5334,30.96822],[76.53344,30.96961],[76.53339,30.97002],[76.53327,30.97064],[76.53296,30.97203],[76.53263,30.97344],[76.53222,30.97469],[76.53041,30.97898],[76.52991,30.97993],[76.52912,30.98056],[76.52877,30.98074],[76.52846,30.98079],[76.52807,30.98087]]},"properties":{"id":"osm:w32538432","name":"","highway":"secondary","bridge":false}},{"type":"Feature","geometry":{"type":"LineString","coordinates":[[76.52019,30.97802],[76.51995,30.97798],[76.51951,30.97793],[76.51902,30.97787],[76.51887,30.97791],[76.5188,30.97801],[76.51857,30.97912],[76.51849,30.97931],[76.51835,30.97947],[76.51807,30.97978],[76.51719,30.98073],[76.51691,30.98105],[76.51678,30.98128],[76.51672,30.98154]]},"properties":{"id":"osm:w32538451","name":"","highway":"tertiary","bridge":false}},{"type":"Feature","geometry":{"type":"LineString","coordinates":[[76.52034,30.97793],[76.52039,30.97771],[76.52043,30.97751],[76.52049,30.97706],[76.52057,30.97651],[76.52072,30.97579],[76.52083,30.97524],[76.52104,30.97406],[76.52145,30.9717],[76.52154,30.97136],[76.5217,30.9704],[76.52188,30.97001],[76.52193,30.96988],[76.52196,30.96981],[76.52199,30.96974],[76.52213,30.96941],[76.5223,30.96916],[76.52262,30.96873],[76.52265,30.9687],[76.52299,30.96846],[76.52318,30.96831],[76.52323,30.96825],[76.52325,30.96823],[76.52326,30.96822],[76.52326,30.9682],[76.52347,30.96769],[76.52348,30.96764],[76.52348,30.96755],[76.52322,30.96665],[76.52314,30.96645]]},"properties":{"id":"osm:w32538704","name":"","highway":"tertiary","bridge":false}},{"type":"Feature","geometry":{"type":"LineString","coordinates":[[76.51461,30.99164],[76.51468,30.9917],[76.51474,30.99174]]},"properties":{"id":"osm:w32539220","name":"MDR55","highway":"secondary","bridge":false}},{"type":"Feature","geometry":{"type":"LineString","coordinates":[[76.36198,31.40068],[76.36195,31.40089],[76.36191,31.40109],[76.36181,31.40163],[76.3618,31.40169],[76.36167,31.40241],[76.36162,31.40261],[76.36152,31.40294],[76.36115,31.40362],[76.3611,31.4039],[76.3611,31.40396],[76.3611,31.40401],[76.36146,31.40419],[76.36198,31.40438],[76.36248,31.40448],[76.36262,31.40444],[76.36318,31.40439],[76.36356,31.40458],[76.36372,31.40465],[76.36417,31.40456],[76.36484,31.40431],[76.36527,31.40419],[76.36551,31.40413],[76.36581,31.40406],[76.36601,31.404],[76.36639,31.40402],[76.3668,31.40408],[76.36709,31.40419],[76.36738,31.40438],[76.36749,31.40461],[76.36782,31.40491],[76.36801,31.4052],[76.3683,31.40565],[76.36889,31.40605],[76.36922,31.40621],[76.36963,31.40669],[76.36983,31.40686],[76.3701,31.40708],[76.37027,31.40721],[76.37042,31.4072],[76.37043,31.40716],[76.37047,31.40697],[76.37049,31.40685],[76.37067,31.40687],[76.37199,31.40755],[76.37247,31.40786],[76.37264,31.40804],[76.3733,31.40827],[76.37366,31.40861],[76.3737,31.40951],[76.3735,31.40982],[76.3735,31.41003],[76.37359,31.41025],[76.37386,31.41048],[76.37407,31.41069],[76.37414,31.41095],[76.37404,31.41121],[76.37392,31.41168],[76.37396,31.41182],[76.37462,31.4122],[76.37541,31.41251]]},"properties":{"id":"osm:w32557821","name":"","highway":"tertiary","bridge":false}},{"type":"Feature","geometry":{"type":"LineString","coordinates":[[76.39183,31.42642],[76.39191,31.42631],[76.39198,31.42619],[76.39203,31.42594],[76.39209,31.4257],[76.39204,31.42543],[76.39172,31.42503],[76.39163,31.42499],[76.39158,31.42496],[76.3915,31.42492],[76.39144,31.42486],[76.39139,31.4248],[76.39136,31.42469],[76.39127,31.42446],[76.39104,31.42418],[76.3907,31.42405],[76.39049,31.42386],[76.39053,31.42372],[76.39076,31.42363],[76.39123,31.42354],[76.3913,31.42345],[76.39131,31.4233],[76.39144,31.42289],[76.39138,31.42254],[76.39137,31.42244],[76.39159,31.42202],[76.39169,31.4217],[76.39167,31.4213],[76.39145,31.42037],[76.39119,31.41977],[76.39118,31.41948],[76.3911,31.41909],[76.39106,31.41888],[76.39088,31.41863],[76.3908,31.41838],[76.39063,31.41781],[76.39049,31.41727],[76.39043,31.41712],[76.39036,31.41688],[76.39016,31.41673],[76.38995,31.41668],[76.38997,31.41616],[76.38991,31.416]]},"properties":{"id":"osm:w32558423","name":"","highway":"tertiary","bridge":false}},{"type":"Feature","geometry":{"type":"LineString","coordinates":[[76.37067,31.43417],[76.37036,31.43411],[76.37008,31.43418],[76.36975,31.43442],[76.36929,31.43456],[76.3692,31.43456],[76.36805,31.4343],[76.36733,31.43378],[76.36714,31.43358],[76.36613,31.43313],[76.3659,31.43277],[76.36556,31.43245],[76.36543,31.43236],[76.36524,31.43228],[76.36511,31.43218],[76.36501,31.43214],[76.36483,31.43217],[76.36464,31.43216],[76.36439,31.43214],[76.36412,31.43228],[76.36399,31.43228],[76.36385,31.43223],[76.36363,31.43216],[76.36348,31.43217],[76.36332,31.43214],[76.36324,31.43203],[76.36326,31.43198],[76.36335,31.43195],[76.36361,31.43192],[76.36422,31.43168],[76.36426,31.43159],[76.36423,31.43149],[76.36413,31.43139],[76.36396,31.43137],[76.36385,31.43137],[76.36376,31.43135],[76.36364,31.43128],[76.36345,31.43128],[76.36332,31.43132],[76.36318,31.43133],[76.36298,31.43123],[76.36287,31.4312],[76.36228,31.43143],[76.36219,31.4314],[76.36218,31.43132],[76.36224,31.43115],[76.36221,31.43101],[76.36214,31.43095],[76.36196,31.43088],[76.36173,31.43076],[76.36149,31.43055],[76.36148,31.43047],[76.36154,31.4304],[76.3617,31.43039],[76.36193,31.43045],[76.36211,31.43043],[76.36237,31.43021],[76.3624,31.43012],[76.36228,31.42997],[76.36224,31.4299],[76.36222,31.42973],[76.36216,31.42963],[76.36166,31.4293],[76.36164,31.42924],[76.36167,31.42916],[76.36177,31.42914],[76.36196,31.42916],[76.36227,31.42915],[76.36254,31.42895],[76.36267,31.42891],[76.36271,31.42893],[76.36275,31.42899],[76.3628,31.42914],[76.36285,31.42918],[76.36291,31.42916],[76.36294,31.42911],[76.36295,31.42904],[76.36296,31.42891],[76.36303,31.42882],[76.36319,31.42873],[76.36334,31.42855],[76.36338,31.42833],[76.3634,31.42793],[76.36352,31.42783],[76.36366,31.42752],[76.36397,31.42715],[76.36416,31.42703],[76.36446,31.42694],[76.36459,31.42687],[76.36475,31.42669],[76.3649,31.42653],[76.36532,31.42632],[76.36539,31.42625],[76.36551,31.42604],[76.36545,31.42585],[76.36525,31.42566],[76.36509,31.42541],[76.365,31.42496],[76.36489,31.42323],[76.36483,31.42276],[76.36487,31.42251],[76.36525,31.4216],[76.36536,31.42133],[76.36539,31.42113],[76.36534,31.4209],[76.36522,31.42071],[76.36495,31.42054],[76.36436,31.42016],[76.36396,31.41966],[76.36378,31.41929],[76.36372,31.41911],[76.3637,31.41894],[76.36371,31.41884],[76.36373,31.41862],[76.36375,31.41835],[76.36379,31.41776],[76.36362,31.41688],[76.3636,31.41661],[76.36352,31.41642],[76.36315,31.41566],[76.36274,31.41471],[76.36273,31.41456],[76.36269,31.41445],[76.36256,31.41439],[76.36216,31.41423],[76.3619,31.4139],[76.36136,31.41346],[76.36084,31.41257],[76.36062,31.41195],[76.36062,31.41175],[76.36073,31.41123],[76.36072,31.41104],[76.3606,31.4107],[76.36058,31.41016],[76.36057,31.4101],[76.36043,31.40914],[76.36042,31.40885],[76.3604,31.4085],[76.3604,31.40843],[76.36052,31.40814],[76.36063,31.40786],[76.36064,31.40776],[76.36071,31.40757],[76.36074,31.40728],[76.36076,31.40695],[76.36075,31.40606],[76.36084,31.40566],[76.3609,31.40504],[76.36089,31.40493],[76.36085,31.40437],[76.3611,31.40396]]},"properties":{"id":"osm:w32558609","name":"to Bangarh","highway":"secondary","bridge":false}},{"type":"Feature","geometry":{"type":"LineString","coordinates":[[76.52505,30.93003],[76.52495,30.92699],[76.5249,30.92604],[76.52483,30.92067],[76.52503,30.91981],[76.52511,30.91949],[76.52519,30.91926],[76.52528,30.91892],[76.52538,30.91862],[76.52549,30.91833],[76.52555,30.91809],[76.52557,30.91738],[76.52558,30.91673],[76.52541,30.91608],[76.52487,30.91447],[76.52468,30.91388],[76.52423,30.91342],[76.52401,30.91319],[76.5239,30.91301],[76.5239,30.91295],[76.5239,30.91291],[76.52396,30.91279],[76.524,30.91275],[76.52414,30.91262]]},"properties":{"id":"osm:w34616192","name":"Morinda Rupnagar SH","highway":"tertiary","bridge":false}},{"type":"Feature","geometry":{"type":"LineString","coordinates":[[76.53405,30.97076],[76.53413,30.97132],[76.53423,30.97195],[76.5343,30.97227],[76.53437,30.97259],[76.53456,30.97367],[76.53479,30.97486],[76.53488,30.97551],[76.53495,30.97602],[76.53496,30.97608],[76.535,30.97645],[76.53504,30.97679],[76.53508,30.9771],[76.53515,30.97758],[76.53531,30.97794]]},"properties":{"id":"osm:w34616196","name":"","highway":"tertiary","bridge":false}},{"type":"Feature","geometry":{"type":"LineString","coordinates":[[76.60092,31.06804],[76.60108,31.06892],[76.60111,31.06909],[76.60121,31.06965],[76.60124,31.07026],[76.60117,31.07074],[76.60103,31.0712],[76.6007,31.07188],[76.59932,31.07407],[76.59903,31.07458],[76.59878,31.07529],[76.59868,31.07598],[76.59865,31.07663],[76.5987,31.07703],[76.5988,31.0776],[76.59904,31.07822],[76.5993,31.0787],[76.60029,31.08003],[76.60096,31.08086],[76.60249,31.0828],[76.60298,31.08344],[76.60489,31.08586],[76.60599,31.08726],[76.60636,31.08772],[76.60919,31.09131],[76.60923,31.09134],[76.60978,31.09186],[76.61029,31.09219],[76.61159,31.09284],[76.61289,31.09343],[76.61335,31.09371],[76.61355,31.09386],[76.61392,31.09425],[76.61416,31.09459],[76.61419,31.09464],[76.61452,31.09514],[76.6147,31.09551],[76.61478,31.09582],[76.6148,31.09605],[76.61477,31.09641],[76.61464,31.09686],[76.6145,31.09713],[76.61411,31.09768],[76.61361,31.09831],[76.61334,31.09865],[76.61311,31.09896],[76.61256,31.0997],[76.6122,31.1001],[76.61195,31.10031],[76.61173,31.10045]]},"properties":{"id":"osm:w37208258","name":"NH205","highway":"trunk","bridge":false}},{"type":"Feature","geometry":{"type":"LineString","coordinates":[[76.5914,31.0199],[76.59152,31.01987],[76.59166,31.01985],[76.592,31.01987],[76.59556,31.02217]]},"properties":{"id":"osm:w37208259","name":"MDR59","highway":"primary","bridge":false}},{"type":"Feature","geometry":{"type":"LineString","coordinates":[[76.56977,31.17385],[76.56929,31.17476]]},"properties":{"id":"osm:w55333494","name":"NH205","highway":"trunk","bridge":true}},{"type":"Feature","geometry":{"type":"LineString","coordinates":[[76.5664,31.18263],[76.56633,31.1826],[76.56627,31.18255],[76.56622,31.18251],[76.56619,31.18244],[76.56617,31.18236],[76.56618,31.18229],[76.56621,31.18212],[76.56628,31.18196],[76.56635,31.18178],[76.56647,31.18142],[76.56652,31.18126],[76.56662,31.18099],[76.56671,31.18073],[76.56688,31.18018],[76.56701,31.1798],[76.56702,31.17977],[76.56706,31.17964],[76.56719,31.17924],[76.56733,31.17873],[76.56766,31.17809]]},"properties":{"id":"osm:w55333495","name":"NH205","highway":"trunk","bridge":false}},{"type":"Feature","geometry":{"type":"LineString","coordinates":[[76.57769,31.1438],[76.57754,31.14417],[76.57744,31.14455],[76.57739,31.14491],[76.5774,31.14521],[76.57746,31.14571],[76.57761,31.14601],[76.57781,31.14641],[76.57817,31.14685],[76.57946,31.14826],[76.58014,31.14901],[76.58046,31.14943],[76.58065,31.14973],[76.58082,31.15016],[76.58092,31.15059],[76.58095,31.15095],[76.58095,31.15129],[76.58092,31.15154],[76.58084,31.15182],[76.58083,31.15185],[76.58068,31.15231],[76.57976,31.15435],[76.57955,31.15482],[76.57925,31.15549],[76.57919,31.15562],[76.57882,31.15635],[76.57796,31.15799],[76.5773,31.15954],[76.57569,31.1626],[76.57562,31.16272],[76.5732,31.16734],[76.57185,31.16986],[76.57141,31.17068],[76.57014,31.17314],[76.56977,31.17385]]},"properties":{"id":"osm:w61794048","name":"NH205","highway":"trunk","bridge":false}},{"type":"Feature","geometry":{"type":"LineString","coordinates":[[76.68403,31.05795],[76.68396,31.058],[76.68394,31.05801],[76.68267,31.05876],[76.68165,31.05936],[76.68116,31.05968],[76.68094,31.05985],[76.67982,31.06159],[76.67964,31.06194],[76.67943,31.06213],[76.6792,31.06224],[76.67623,31.06265],[76.67595,31.06272],[76.6757,31.06288],[76.67521,31.06351],[76.67518,31.06355],[76.67502,31.0637],[76.67407,31.06394],[76.67196,31.06434],[76.66979,31.06434],[76.66921,31.06434],[76.66833,31.0644],[76.66804,31.06445],[76.66789,31.06457],[76.66767,31.06489],[76.6665,31.067],[76.66607,31.06763],[76.66565,31.06839],[76.66272,31.07191],[76.65837,31.0736],[76.6582,31.07368],[76.65806,31.07381],[76.65575,31.07659],[76.6554,31.07695],[76.65411,31.07777],[76.65333,31.07835],[76.65301,31.07846],[76.65224,31.07865],[76.64918,31.0796],[76.64818,31.07989],[76.64514,31.0806],[76.64486,31.0808],[76.64468,31.0812],[76.64395,31.08303],[76.64368,31.08317],[76.6424,31.08363],[76.64114,31.08407],[76.63924,31.08477],[76.63895,31.08496],[76.63839,31.08548],[76.6381,31.08557],[76.63717,31.08545],[76.63683,31.08533],[76.63633,31.08502],[76.63597,31.08495],[76.63518,31.08526],[76.63452,31.08553],[76.63448,31.08555],[76.63263,31.08623],[76.63169,31.08684],[76.63145,31.087],[76.63103,31.08719],[76.63006,31.08748],[76.62874,31.08789],[76.62521,31.08895],[76.62514,31.08897]]},"properties":{"id":"osm:w61808459","name":"","highway":"primary","bridge":false}},{"type":"Feature","geometry":{"type":"LineString","coordinates":[[76.57415,31.18462],[76.57409,31.18461],[76.57367,31.18459],[76.57359,31.18458],[76.57351,31.18456],[76.57296,31.18448],[76.57263,31.18437],[76.57193,31.18415],[76.57174,31.18408],[76.57101,31.18383],[76.5696,31.18339]]},"properties":{"id":"osm:w67336992","name":"NH205","highway":"trunk","bridge":false}},{"type":"Feature","geometry":{"type":"LineString","coordinates":[[76.56568,31.18373],[76.56549,31.18457],[76.56517,31.18568],[76.56493,31.18638],[76.56469,31.18732],[76.56412,31.18939],[76.56352,31.19144],[76.56335,31.19201],[76.56329,31.19218],[76.56322,31.19235],[76.56317,31.19247],[76.56311,31.19258],[76.56302,31.19274],[76.56292,31.19287],[76.56283,31.193],[76.56271,31.19314],[76.56157,31.19466],[76.5609,31.19556],[76.55977,31.1971],[76.55951,31.19745],[76.55919,31.19787],[76.55846,31.19885],[76.55844,31.19887],[76.55835,31.19899],[76.55821,31.19913],[76.55804,31.19928],[76.55775,31.1995],[76.55749,31.19971]]},"properties":{"id":"osm:w67337047","name":"NH503","highway":"trunk","bridge":false}},{"type":"Feature","geometry":{"type":"LineString","coordinates":[[76.30235,31.06246],[76.30209,31.06248],[76.30164,31.06255],[76.30088,31.06268],[76.30026,31.06178],[76.29958,31.0607],[76.29948,31.0605],[76.29901,31.05947],[76.2982,31.05772],[76.29809,31.0576],[76.29734,31.05673],[76.29627,31.05571],[76.29545,31.05486],[76.29503,31.05442]]},"properties":{"id":"osm:w70262701","name":"SH24","highway":"primary","bridge":false}},{"type":"Feature","geometry":{"type":"LineString","coordinates":[[76.30088,31.06268],[76.2978,31.06369],[76.29727,31.06385],[76.29589,31.06427],[76.29471,31.06462],[76.29417,31.06479],[76.29147,31.06552],[76.29066,31.06575],[76.29059,31.06577],[76.28806,31.06636],[76.28458,31.06716],[76.28386,31.06738],[76.28317,31.06756],[76.28243,31.06775],[76.2817,31.06801],[76.2791,31.06864],[76.27827,31.06885],[76.2773,31.06911],[76.27642,31.0693],[76.27581,31.06945],[76.27539,31.06956],[76.2748,31.0697],[76.27387,31.06994],[76.27308,31.07014],[76.27236,31.07033],[76.27141,31.07056]]},"properties":{"id":"osm:w70262702","name":"MDR56","highway":"primary","bridge":false}},{"type":"Feature","geometry":{"type":"LineString","coordinates":[[76.37513,31.27119],[76.37543,31.27136],[76.37721,31.27224],[76.37777,31.27235],[76.37798,31.27241],[76.37807,31.27246],[76.3783,31.27267],[76.37879,31.27284],[76.37925,31.27314],[76.37942,31.27319],[76.38105,31.27329],[76.38319,31.27407],[76.38344,31.2741],[76.38627,31.27408],[76.38794,31.27402],[76.38811,31.27404],[76.38838,31.27415],[76.38848,31.27414],[76.38864,31.27407],[76.38875,31.27391],[76.38907,31.2734],[76.38919,31.27337],[76.38939,31.27342],[76.39,31.27363],[76.39035,31.27384]]},"properties":{"id":"osm:w120587479","name":"","highway":"tertiary","bridge":false}},{"type":"Feature","geometry":{"type":"LineString","coordinates":[[76.39612,31.27567],[76.39578,31.27638],[76.39556,31.27706],[76.3954,31.27803],[76.39441,31.27837],[76.39371,31.28001],[76.39153,31.28005],[76.39151,31.28116],[76.39074,31.28233],[76.39107,31.28477],[76.38947,31.29055],[76.38789,31.29309],[76.38622,31.29388],[76.38516,31.29372],[76.38513,31.29487],[76.38453,31.29582],[76.38251,31.2959],[76.38165,31.29667],[76.38175,31.30026],[76.38117,31.30083],[76.38019,31.30083],[76.38003,31.30175],[76.37964,31.30181],[76.37964,31.30739],[76.37892,31.30739],[76.37906,31.3254]]},"properties":{"id":"osm:w120587491","name":"","highway":"tertiary","bridge":false}},{"type":"Feature","geometry":{"type":"LineString","coordinates":[[76.49173,31.27187],[76.49178,31.27188],[76.49176,31.27202],[76.49155,31.27297],[76.49134,31.27405],[76.49117,31.27497],[76.49126,31.27505],[76.49138,31.27518],[76.49156,31.2753],[76.49178,31.27536],[76.49203,31.27538],[76.4922,31.27542],[76.49249,31.27553],[76.49266,31.27554],[76.49298,31.27553],[76.49306,31.27553],[76.4931,31.27554]]},"properties":{"id":"osm:w122043155","name":"","highway":"tertiary","bridge":false}},{"type":"Feature","geometry":{"type":"LineString","coordinates":[[76.4931,31.27554],[76.49357,31.27561]]},"properties":{"id":"osm:w122043158","name":"","highway":"tertiary","bridge":true}},{"type":"Feature","geometry":{"type":"LineString","coordinates":[[76.49121,31.2718],[76.49173,31.27187]]},"properties":{"id":"osm:w122043164","name":"","highway":"tertiary","bridge":true}},{"type":"Feature","geometry":{"type":"LineString","coordinates":[[76.50337,31.29499],[76.50331,31.29517],[76.50283,31.29584],[76.50283,31.2959],[76.50287,31.296],[76.50317,31.29614],[76.50338,31.29618],[76.5041,31.2966],[76.50535,31.29731],[76.50543,31.29743],[76.50543,31.29755],[76.50525,31.2979],[76.50526,31.29805],[76.50547,31.29813],[76.50604,31.29817],[76.50751,31.29893],[76.50757,31.2991],[76.50727,31.29945],[76.5071,31.29966],[76.50712,31.29977],[76.50741,31.30038],[76.50761,31.30051],[76.50787,31.30061],[76.50818,31.30095],[76.50818,31.3011],[76.50811,31.30119],[76.50734,31.3019],[76.5071,31.30205],[76.50698,31.30216],[76.5069,31.30237],[76.50674,31.30301],[76.50636,31.30439],[76.50634,31.30452],[76.50652,31.30534],[76.50645,31.30708],[76.50612,31.30787],[76.50615,31.30806],[76.50629,31.3085],[76.50629,31.30884],[76.50642,31.30901],[76.50687,31.30955],[76.50695,31.30969],[76.50712,31.31058],[76.50712,31.31073],[76.50687,31.31182],[76.50683,31.31342],[76.50673,31.314],[76.50637,31.31454],[76.50639,31.31474],[76.50647,31.31492],[76.50644,31.31511],[76.50598,31.31586],[76.5058,31.31613],[76.50422,31.31828],[76.50401,31.31852],[76.50392,31.31873],[76.5039,31.31914],[76.50381,31.31937],[76.50345,31.3196],[76.50336,31.31975],[76.50324,31.32049],[76.50335,31.32066],[76.5037,31.32101],[76.50381,31.32116],[76.5038,31.32122],[76.50377,31.32128],[76.50355,31.32137],[76.50335,31.32134],[76.50321,31.32143],[76.50293,31.32172],[76.50276,31.32185],[76.50242,31.32191],[76.50212,31.32198],[76.50198,31.32213],[76.50191,31.32216],[76.5017,31.32209],[76.50134,31.32196],[76.50107,31.32206],[76.50081,31.32203],[76.50075,31.32203],[76.50059,31.32197],[76.50044,31.32201],[76.50024,31.32212],[76.49948,31.32291],[76.49932,31.32318],[76.49918,31.32333],[76.49865,31.32353],[76.49858,31.32364],[76.49853,31.32371]]},"properties":{"id":"osm:w122043168","name":"","highway":"tertiary","bridge":false}},{"type":"Feature","geometry":{"type":"LineString","coordinates":[[76.4735,31.2554],[76.47506,31.25651],[76.47537,31.25673],[76.47575,31.257],[76.477,31.25789],[76.47842,31.25888],[76.48014,31.26009],[76.48158,31.26112],[76.48249,31.26177],[76.48256,31.26182],[76.48306,31.26215],[76.48504,31.26361],[76.48565,31.26412],[76.48586,31.26434],[76.48614,31.26467],[76.48709,31.26575],[76.48738,31.26611],[76.48778,31.26658],[76.48781,31.26661],[76.48786,31.26669],[76.4879,31.26682],[76.4879,31.26706],[76.48787,31.26781],[76.48786,31.26791],[76.48781,31.26808],[76.48771,31.26825],[76.4875,31.2685],[76.48739,31.26864],[76.48736,31.26873],[76.48737,31.26878],[76.48738,31.26883],[76.48743,31.26895],[76.48758,31.26908],[76.48764,31.26913],[76.48857,31.26981],[76.48864,31.26986],[76.48886,31.26998],[76.48912,31.27001],[76.48973,31.27015],[76.48998,31.27027],[76.49014,31.2704],[76.49089,31.27128],[76.49099,31.27143],[76.49109,31.27169],[76.49112,31.27179],[76.49121,31.2718]]},"properties":{"id":"osm:w122043183","name":"","highway":"tertiary","bridge":false}},{"type":"Feature","geometry":{"type":"LineString","coordinates":[[76.36328,31.38023],[76.36337,31.38026],[76.36366,31.38036],[76.36398,31.38039],[76.36412,31.38038]]},"properties":{"id":"osm:w122062087","name":"","highway":"tertiary","bridge":false}},{"type":"Feature","geometry":{"type":"LineString","coordinates":[[76.37188,31.37728],[76.37206,31.37712],[76.37218,31.37705],[76.37249,31.37696],[76.37262,31.37693],[76.37294,31.37686],[76.37341,31.37672],[76.37373,31.37658],[76.37403,31.37639],[76.37434,31.37608],[76.37467,31.37575]]},"properties":{"id":"osm:w122062088","name":"","highway":"tertiary","bridge":false}},{"type":"Feature","geometry":{"type":"LineString","coordinates":[[76.37486,31.37513],[76.37465,31.3752],[76.37453,31.37539],[76.37447,31.37549],[76.37439,31.37562],[76.37428,31.3758],[76.37416,31.37602],[76.37396,31.37632],[76.37368,31.37653],[76.37338,31.37668],[76.37292,31.37681],[76.37263,31.37688],[76.37247,31.3769],[76.37217,31.37699],[76.37196,31.37702],[76.37177,31.37703]]},"properties":{"id":"osm:w122062089","name":"","highway":"tertiary","bridge":false}},{"type":"Feature","geometry":{"type":"LineString","coordinates":[[76.4735,31.2554],[76.46836,31.25812],[76.46779,31.25839],[76.46739,31.25853],[76.46704,31.25859],[76.46649,31.25859],[76.46371,31.25843],[76.46278,31.25837],[76.46245,31.25835],[76.46199,31.25837],[76.46163,31.25842],[76.46123,31.25855],[76.45951,31.25934]]},"properties":{"id":"osm:w122062090","name":"NH503","highway":"trunk","bridge":false}},{"type":"Feature","geometry":{"type":"LineString","coordinates":[[76.47803,31.25252],[76.47838,31.25208],[76.47874,31.25153],[76.48043,31.24887],[76.48165,31.24708],[76.48211,31.24641],[76.48339,31.24456],[76.484,31.2437],[76.48417,31.24348],[76.48441,31.24328],[76.48584,31.24213],[76.48656,31.24155],[76.48852,31.23985],[76.48933,31.23919],[76.48952,31.23905],[76.48979,31.23883],[76.49024,31.23847],[76.49132,31.23756]]},"properties":{"id":"osm:w122062091","name":"NH503","highway":"trunk","bridge":false}},{"type":"Feature","geometry":{"type":"LineString","coordinates":[[76.49123,31.2375],[76.49075,31.2379],[76.48939,31.23903],[76.48926,31.23913],[76.4862,31.24171],[76.48409,31.24345],[76.48388,31.2437],[76.48329,31.24451],[76.48202,31.24636],[76.48034,31.24881],[76.47866,31.25144],[76.47832,31.25201],[76.47803,31.25252]]},"properties":{"id":"osm:w122062092","name":"NH503","highway":"trunk","bridge":false}},{"type":"Feature","geometry":{"type":"LineString","coordinates":[[76.35709,31.37617],[76.35743,31.37619],[76.35786,31.37626],[76.35854,31.37644],[76.35985,31.37683],[76.36035,31.37699],[76.36077,31.37718],[76.36105,31.37735],[76.36128,31.37752],[76.3615,31.37774],[76.36162,31.3779],[76.3618,31.37819],[76.36203,31.37856],[76.36237,31.3794],[76.36247,31.37954]]},"properties":{"id":"osm:w122062093","name":"NH503","highway":"trunk","bridge":false}},{"type":"Feature","geometry":{"type":"LineString","coordinates":[[76.37541,31.367],[76.37542,31.36728],[76.37552,31.36814],[76.37565,31.36984],[76.37573,31.37073],[76.37579,31.37157],[76.37578,31.37209],[76.37568,31.37253],[76.37563,31.37276],[76.37538,31.37395],[76.37524,31.37441],[76.3752,31.37456],[76.37509,31.3749],[76.37506,31.37495],[76.37497,31.37504],[76.37486,31.37513]]},"properties":{"id":"osm:w122062094","name":"NH503","highway":"trunk","bridge":false}},{"type":"Feature","geometry":{"type":"LineString","coordinates":[[76.49209,31.23681],[76.49123,31.2375]]},"properties":{"id":"osm:w122062095","name":"NH503","highway":"trunk","bridge":true}},{"type":"Feature","geometry":{"type":"LineString","coordinates":[[76.45951,31.25934],[76.45855,31.2598]]},"properties":{"id":"osm:w122062096","name":"NH503","highway":"trunk","bridge":true}},{"type":"Feature","geometry":{"type":"LineString","coordinates":[[76.43614,31.27837],[76.43557,31.27893]]},"properties":{"id":"osm:w122062097","name":"NH503","highway":"trunk","bridge":true}},{"type":"Feature","geometry":{"type":"LineString","coordinates":[[76.53246,31.22043],[76.53321,31.22006]]},"properties":{"id":"osm:w122062098","name":"NH503","highway":"trunk","bridge":true}},{"type":"Feature","geometry":{"type":"LineString","coordinates":[[76.35273,31.37673],[76.35293,31.37661]]},"properties":{"id":"osm:w122062099","name":"NH503","highway":"trunk","bridge":true}},{"type":"Feature","geometry":{"type":"LineString","coordinates":[[76.36412,31.38038],[76.36439,31.38036]]},"properties":{"id":"osm:w122062100","name":"","highway":"tertiary","bridge":false}},{"type":"Feature","geometry":{"type":"LineString","coordinates":[[76.49132,31.23756],[76.49222,31.23683]]},"properties":{"id":"osm:w122062101","name":"NH503","highway":"trunk","bridge":true}},{"type":"Feature","geometry":{"type":"LineString","coordinates":[[76.53316,31.21995],[76.5324,31.22034]]},"properties":{"id":"osm:w122062102","name":"NH503","highway":"trunk","bridge":true}},{"type":"Feature","geometry":{"type":"LineString","coordinates":[[76.36439,31.38036],[76.36746,31.38016]]},"properties":{"id":"osm:w122062103","name":"","highway":"tertiary","bridge":true}},{"type":"Feature","geometry":{"type":"LineString","coordinates":[[76.37169,31.37703],[76.37163,31.37705],[76.37157,31.3771],[76.37155,31.37715],[76.37155,31.37722],[76.37156,31.37724],[76.37158,31.37727],[76.37161,31.3773],[76.37169,31.37734],[76.37176,31.37734],[76.37181,31.37733],[76.37185,31.3773],[76.37188,31.37728],[76.3719,31.37724],[76.37192,31.37718],[76.37191,31.37715],[76.3719,31.37712],[76.37188,31.3771],[76.37187,31.37708],[76.37182,31.37704],[76.37177,31.37703],[76.37169,31.37703]]},"properties":{"id":"osm:w122062104","name":"","highway":"tertiary","bridge":false}},{"type":"Feature","geometry":{"type":"LineString","coordinates":[[76.36746,31.38016],[76.36752,31.38015],[76.36788,31.38009],[76.36808,31.38004],[76.36838,31.37991],[76.36866,31.37975],[76.36886,31.37961],[76.36906,31.37946],[76.3692,31.3793],[76.36933,31.37914],[76.36942,31.37897],[76.36956,31.37852],[76.36976,31.37783],[76.36985,31.37767],[76.36995,31.37757],[76.37012,31.37744],[76.37036,31.37732],[76.37057,31.37725],[76.37085,31.37721],[76.37109,31.37717],[76.37125,31.37714]]},"properties":{"id":"osm:w122062105","name":"","highway":"tertiary","bridge":false}},{"type":"Feature","geometry":{"type":"LineString","coordinates":[[76.35644,31.37596],[76.35641,31.37596],[76.35635,31.37595],[76.35628,31.37597],[76.35626,31.37597],[76.35621,31.37601],[76.35618,31.37603],[76.35615,31.37608],[76.35613,31.37613],[76.35613,31.37616],[76.35614,31.37622],[76.35617,31.37628],[76.35623,31.37632],[76.35632,31.37635],[76.35639,31.37636],[76.35646,31.37634],[76.3565,31.37632],[76.35656,31.37626],[76.35659,31.37621],[76.3566,31.37617],[76.3566,31.37615],[76.35659,31.37609],[76.35658,31.37607],[76.35656,31.37604],[76.35653,31.37602],[76.35652,31.376],[76.35649,31.37599],[76.35644,31.37596]]},"properties":{"id":"osm:w122062106","name":"NH503","highway":"trunk","bridge":false}},{"type":"Feature","geometry":{"type":"LineString","coordinates":[[76.36328,31.37985],[76.36323,31.37984],[76.36318,31.37984],[76.36313,31.37985],[76.36309,31.37986],[76.36304,31.37989],[76.363,31.37992],[76.36298,31.37996],[76.36296,31.38],[76.36296,31.38005],[76.36297,31.38011],[76.363,31.38016],[76.36305,31.3802],[76.36311,31.38023],[76.36317,31.38024],[76.36324,31.38024],[76.36328,31.38023],[76.36333,31.3802],[76.36337,31.38017],[76.3634,31.38013],[76.36342,31.38008],[76.36343,31.38004],[76.36342,31.38],[76.36341,31.37996],[76.36339,31.37993],[76.36336,31.3799],[76.36332,31.37987],[76.36328,31.37985]]},"properties":{"id":"osm:w122062107","name":"NFL Chowk","highway":"trunk","bridge":false}},{"type":"Feature","geometry":{"type":"LineString","coordinates":[[76.35087,31.37767],[76.35084,31.37767],[76.35078,31.37766],[76.35071,31.37767],[76.35068,31.37768],[76.35062,31.37771],[76.35058,31.37774],[76.35055,31.37779],[76.35054,31.37782],[76.35052,31.37786],[76.35052,31.37789],[76.35053,31.37795],[76.35057,31.37802],[76.3506,31.37805],[76.35063,31.37808],[76.35067,31.37809],[76.35074,31.37812],[76.35084,31.37812],[76.3509,31.3781],[76.35095,31.37807],[76.35104,31.37798],[76.35105,31.37794],[76.35106,31.3779],[76.35105,31.37785],[76.35104,31.37781],[76.35103,31.37779],[76.35101,31.37776],[76.35097,31.37772],[76.35093,31.3777],[76.35087,31.37767]]},"properties":{"id":"osm:w122062108","name":"NH503","highway":"trunk","bridge":false}},{"type":"Feature","geometry":{"type":"LineString","coordinates":[[76.35142,31.37751],[76.35261,31.3768],[76.35273,31.37673]]},"properties":{"id":"osm:w122062109","name":"NH503","highway":"trunk","bridge":false}},{"type":"Feature","geometry":{"type":"LineString","coordinates":[[76.45855,31.2598],[76.45761,31.26026],[76.45737,31.26044],[76.45713,31.26069],[76.45696,31.26096],[76.45689,31.26115],[76.45682,31.26146],[76.4568,31.262],[76.45662,31.26279],[76.45644,31.26328],[76.45613,31.26389],[76.45551,31.26478],[76.45503,31.26522],[76.45457,31.2656],[76.45417,31.26588],[76.45339,31.26631],[76.45141,31.26727],[76.45052,31.2677],[76.44922,31.26838],[76.44885,31.26863],[76.44855,31.26886],[76.44834,31.26903],[76.44808,31.26918],[76.44531,31.27027],[76.44441,31.2706],[76.44406,31.2708],[76.44327,31.27134],[76.44304,31.27153],[76.44144,31.27307],[76.44102,31.27349],[76.43995,31.27455],[76.43738,31.27706],[76.43614,31.27837]]},"properties":{"id":"osm:w122062110","name":"NH503","highway":"trunk","bridge":false}},{"type":"Feature","geometry":{"type":"LineString","coordinates":[[76.53321,31.22006],[76.53403,31.21964],[76.53419,31.21957],[76.53453,31.21937],[76.5349,31.21906],[76.53663,31.21735],[76.53685,31.21714],[76.53834,31.21567],[76.53862,31.21545],[76.53886,31.21529],[76.53922,31.21512],[76.53965,31.21497],[76.54001,31.21486],[76.54079,31.21463],[76.54123,31.21446],[76.54159,31.21428],[76.54202,31.21399],[76.54245,31.21365],[76.54301,31.21321],[76.54392,31.21263],[76.54422,31.2124],[76.54454,31.21206],[76.54485,31.21165],[76.54494,31.21152],[76.54585,31.21007],[76.54614,31.20975],[76.54645,31.20948],[76.54669,31.20931],[76.54722,31.20894],[76.54795,31.20835],[76.5487,31.20768],[76.54937,31.20701],[76.54942,31.20696],[76.54968,31.20672],[76.5501,31.20637],[76.55084,31.20566],[76.55152,31.20502],[76.55192,31.20472],[76.55206,31.2046],[76.55224,31.20445]]},"properties":{"id":"osm:w122062111","name":"NH503","highway":"trunk","bridge":false}},{"type":"Feature","geometry":{"type":"LineString","coordinates":[[76.55215,31.20439],[76.55197,31.20453],[76.5519,31.20458],[76.55144,31.20497],[76.55077,31.20561],[76.55005,31.20631],[76.5496,31.20666],[76.54934,31.2069],[76.54856,31.20761],[76.54796,31.20822],[76.54751,31.20861],[76.54674,31.20915],[76.54663,31.20923],[76.54633,31.20945],[76.54602,31.20974],[76.54577,31.21003],[76.54484,31.21148],[76.54474,31.21163],[76.54447,31.21201],[76.54414,31.21235],[76.54386,31.21258],[76.5429,31.21318],[76.54195,31.21393],[76.54153,31.21421],[76.54113,31.21442],[76.54077,31.21456],[76.53932,31.21499],[76.53891,31.21517],[76.53876,31.21523],[76.53856,31.21538],[76.53825,31.21562],[76.53654,31.21731],[76.53515,31.21868],[76.53481,31.21901],[76.53446,31.21931],[76.53415,31.21948],[76.53316,31.21995]]},"properties":{"id":"osm:w122062112","name":"NH503","highway":"trunk","bridge":false}},{"type":"Feature","geometry":{"type":"LineString","coordinates":[[76.49222,31.23683],[76.49252,31.23655],[76.49308,31.23609],[76.49371,31.23553],[76.49438,31.23494],[76.49472,31.23465],[76.49545,31.23405],[76.49579,31.23377],[76.49591,31.23367],[76.49665,31.23305],[76.497,31.23281],[76.49727,31.23267],[76.49749,31.23259],[76.49796,31.23247],[76.49835,31.23239],[76.49875,31.23223],[76.49906,31.23208],[76.49925,31.23194],[76.49942,31.23182],[76.50016,31.2313],[76.50072,31.23091],[76.50088,31.23078],[76.50151,31.23027],[76.50314,31.22896],[76.50343,31.22877],[76.50372,31.22864],[76.50406,31.22856],[76.50433,31.22852],[76.50465,31.2285],[76.5049,31.22851],[76.505,31.22851],[76.50524,31.22854],[76.50753,31.22884],[76.50798,31.2289],[76.51118,31.2293],[76.51176,31.22938],[76.51246,31.22947],[76.51275,31.2295],[76.51288,31.2295],[76.51303,31.2295],[76.51336,31.22948],[76.51359,31.22945],[76.51381,31.22941],[76.51447,31.22927],[76.51453,31.22925],[76.51548,31.22904],[76.51591,31.22894],[76.51867,31.22827],[76.51946,31.22808],[76.51968,31.22799],[76.52003,31.22781],[76.52027,31.22765],[76.52223,31.22597],[76.5231,31.22522],[76.52333,31.22506],[76.52362,31.22489],[76.52376,31.22481],[76.52405,31.22465],[76.52636,31.2235],[76.52873,31.22228],[76.53056,31.22134],[76.53072,31.22127],[76.53226,31.22053],[76.53246,31.22043]]},"properties":{"id":"osm:w122062113","name":"NH503","highway":"trunk","bridge":false}},{"type":"Feature","geometry":{"type":"LineString","coordinates":[[76.35105,31.37794],[76.35113,31.3778],[76.3512,31.3777],[76.35142,31.37751]]},"properties":{"id":"osm:w122062114","name":"NH503","highway":"trunk","bridge":false}},{"type":"Feature","geometry":{"type":"LineString","coordinates":[[76.35142,31.37751],[76.35129,31.37756],[76.35117,31.37761],[76.35104,31.37765],[76.35087,31.37767]]},"properties":{"id":"osm:w122062115","name":"NH503","highway":"trunk","bridge":false}},{"type":"Feature","geometry":{"type":"LineString","coordinates":[[76.5324,31.22034],[76.53227,31.22039],[76.53065,31.22119],[76.53051,31.22127],[76.53003,31.22152],[76.52868,31.22222],[76.5263,31.22343],[76.5237,31.22473],[76.52341,31.2249],[76.52323,31.22501],[76.52302,31.22516],[76.52035,31.22747],[76.52001,31.22772],[76.51972,31.22788],[76.51947,31.22799],[76.51912,31.2281],[76.51573,31.22889],[76.51451,31.22915],[76.51391,31.22928],[76.51359,31.22935],[76.5135,31.22936],[76.51313,31.22941],[76.51289,31.22942],[76.51267,31.22942],[76.50802,31.22882],[76.50755,31.22876],[76.50499,31.22843],[76.50491,31.22842],[76.50451,31.2284],[76.50417,31.22843],[76.50386,31.22851],[76.50364,31.22858],[76.50338,31.22869],[76.50305,31.22889],[76.50144,31.23021],[76.50081,31.23072],[76.50062,31.23087],[76.5001,31.23124],[76.49934,31.23178],[76.49924,31.23185],[76.499,31.23202],[76.49862,31.23219],[76.49826,31.23231],[76.49767,31.23245],[76.49747,31.2325],[76.49726,31.23258],[76.49692,31.23276],[76.49659,31.23299],[76.49609,31.2334],[76.49575,31.23367],[76.49538,31.23399],[76.49469,31.23456],[76.49466,31.23459],[76.49415,31.23503],[76.49358,31.23553],[76.49302,31.23602],[76.49238,31.23655],[76.49209,31.23681]]},"properties":{"id":"osm:w122062116","name":"NH503","highway":"trunk","bridge":false}},{"type":"Feature","geometry":{"type":"LineString","coordinates":[[76.35052,31.37786],[76.35031,31.37806],[76.35012,31.37819]]},"properties":{"id":"osm:w122062117","name":"NH503","highway":"secondary","bridge":false}},{"type":"Feature","geometry":{"type":"LineString","coordinates":[[76.37541,31.367],[76.37545,31.36647],[76.37551,31.36624],[76.37565,31.36588],[76.37599,31.36532],[76.37616,31.36504],[76.37647,31.3647],[76.37665,31.36452],[76.37803,31.36297],[76.37962,31.36121],[76.38057,31.36014],[76.38101,31.35964]]},"properties":{"id":"osm:w122062118","name":"NH503","highway":"trunk","bridge":false}},{"type":"Feature","geometry":{"type":"LineString","coordinates":[[76.47803,31.25252],[76.47762,31.25298],[76.47724,31.25333],[76.47683,31.25363],[76.47472,31.25478],[76.47357,31.25536],[76.4735,31.2554]]},"properties":{"id":"osm:w122062120","name":"NH503","highway":"trunk","bridge":false}},{"type":"Feature","geometry":{"type":"LineString","coordinates":[[76.37125,31.37714],[76.37143,31.37719],[76.37152,31.37722],[76.37156,31.37724]]},"properties":{"id":"osm:w122062121","name":"","highway":"tertiary","bridge":false}},{"type":"Feature","geometry":{"type":"LineString","coordinates":[[76.43557,31.27893],[76.43517,31.27937],[76.43474,31.27983],[76.43458,31.28003],[76.43448,31.28023],[76.43436,31.28042],[76.43417,31.28104],[76.434,31.28172],[76.43363,31.28298],[76.4335,31.28342],[76.43348,31.28348],[76.43341,31.28375],[76.43329,31.28402],[76.43315,31.28425],[76.43246,31.28511],[76.43153,31.28639],[76.43129,31.28673],[76.43034,31.28794],[76.42995,31.2885],[76.42958,31.28902],[76.42788,31.29118],[76.42675,31.29263],[76.4265,31.29299],[76.42637,31.29318],[76.42517,31.29551],[76.42512,31.29559],[76.42361,31.2985],[76.42314,31.29932],[76.42249,31.30043],[76.4212,31.30312],[76.41988,31.30586],[76.41981,31.306],[76.41845,31.30853],[76.41704,31.31138],[76.41649,31.31241],[76.41556,31.31409],[76.41499,31.3151]]},"properties":{"id":"osm:w122062122","name":"NH503","highway":"trunk","bridge":false}},{"type":"Feature","geometry":{"type":"LineString","coordinates":[[76.3565,31.37632],[76.35668,31.37625],[76.35685,31.37621],[76.35709,31.37617]]},"properties":{"id":"osm:w122062123","name":"NH503","highway":"trunk","bridge":false}},{"type":"Feature","geometry":{"type":"LineString","coordinates":[[76.38101,31.35964],[76.38073,31.35988],[76.38045,31.36011],[76.37996,31.36067],[76.37953,31.36116],[76.37797,31.36287],[76.37657,31.36446],[76.37639,31.36466],[76.37593,31.36516],[76.37557,31.36569],[76.37545,31.36596],[76.37538,31.3662],[76.37536,31.36646],[76.37538,31.36661],[76.37538,31.36663],[76.37541,31.367]]},"properties":{"id":"osm:w122062124","name":"NH503","highway":"trunk","bridge":false}},{"type":"Feature","geometry":{"type":"LineString","coordinates":[[76.36309,31.37986],[76.3629,31.37982],[76.36278,31.37976],[76.36266,31.37969],[76.36247,31.37954]]},"properties":{"id":"osm:w122062125","name":"NH503","highway":"trunk","bridge":false}},{"type":"Feature","geometry":{"type":"LineString","coordinates":[[76.35618,31.37603],[76.35601,31.37608],[76.35583,31.3761],[76.35566,31.37612]]},"properties":{"id":"osm:w122062126","name":"NH503","highway":"trunk","bridge":false}},{"type":"Feature","geometry":{"type":"LineString","coordinates":[[76.34404,31.37875],[76.34444,31.37873],[76.34697,31.37863],[76.34805,31.3786],[76.34856,31.37858],[76.34894,31.37853],[76.34928,31.37846],[76.34959,31.37838],[76.35012,31.37819]]},"properties":{"id":"osm:w122062127","name":"","highway":"secondary","bridge":false}},{"type":"Feature","geometry":{"type":"LineString","coordinates":[[76.35293,31.37661],[76.35308,31.37652],[76.3534,31.37636],[76.35367,31.37623],[76.35389,31.37616],[76.35408,31.37612],[76.35436,31.3761],[76.35508,31.37609],[76.35566,31.37612]]},"properties":{"id":"osm:w122062128","name":"NH503","highway":"trunk","bridge":false}},{"type":"Feature","geometry":{"type":"LineString","coordinates":[[76.37262,31.37693],[76.37263,31.37688],[76.37266,31.37656]]},"properties":{"id":"osm:w122062140","name":"","highway":"tertiary","bridge":false}},{"type":"Feature","geometry":{"type":"LineString","coordinates":[[76.37266,31.37656],[76.37255,31.37676],[76.37248,31.37684],[76.37247,31.3769],[76.37249,31.37696]]},"properties":{"id":"osm:w122062142","name":"","highway":"tertiary","bridge":false}},{"type":"Feature","geometry":{"type":"LineString","coordinates":[[76.37541,31.367],[76.37516,31.36781],[76.37509,31.36816]]},"properties":{"id":"osm:w122062143","name":"","highway":"tertiary","bridge":false}},{"type":"Feature","geometry":{"type":"LineString","coordinates":[[76.45471,31.23625],[76.45535,31.23624],[76.45595,31.23626],[76.45646,31.23634],[76.45686,31.23645],[76.45737,31.23666],[76.45861,31.23716],[76.4592,31.2374],[76.45935,31.23746],[76.45951,31.23753],[76.46192,31.23852],[76.46244,31.23872],[76.46341,31.23909],[76.4638,31.2392],[76.46424,31.23926],[76.46464,31.23926],[76.46472,31.23926],[76.46515,31.2392],[76.46746,31.23857],[76.46822,31.23836],[76.47031,31.23782],[76.47166,31.23748],[76.47265,31.23724],[76.47323,31.23714],[76.47376,31.23715],[76.47453,31.23726],[76.47696,31.23759],[76.47711,31.2376],[76.47772,31.23766],[76.47825,31.23771],[76.47873,31.23775],[76.47978,31.23786],[76.48087,31.23803],[76.48176,31.23817],[76.48193,31.2382],[76.48313,31.23838],[76.48328,31.2384],[76.48395,31.23849],[76.48461,31.23858],[76.48503,31.23864],[76.48512,31.23865],[76.48539,31.2387],[76.48613,31.23883],[76.48622,31.23884],[76.48732,31.23902],[76.48791,31.23904],[76.48811,31.23903]]},"properties":{"id":"osm:w122062144","name":"","highway":"secondary","bridge":false}},{"type":"Feature","geometry":{"type":"LineString","coordinates":[[76.48952,31.23905],[76.48939,31.23903],[76.4891,31.239],[76.48895,31.23899],[76.48866,31.23897],[76.48857,31.23896],[76.48811,31.23903]]},"properties":{"id":"osm:w122062146","name":"","highway":"secondary","bridge":false}},{"type":"Feature","geometry":{"type":"LineString","coordinates":[[76.37509,31.36816],[76.37442,31.3705],[76.37435,31.37076],[76.37429,31.37095],[76.37415,31.37145],[76.37409,31.37166],[76.37395,31.37212],[76.37391,31.37228],[76.37385,31.37248],[76.37378,31.37271],[76.3737,31.37297],[76.3736,31.37333],[76.37353,31.37356],[76.37342,31.37393],[76.37334,31.37422],[76.37318,31.37474],[76.373,31.37538],[76.37288,31.37578],[76.37286,31.37588],[76.37266,31.37656]]},"properties":{"id":"osm:w122062147","name":"","highway":"tertiary","bridge":false}},{"type":"Feature","geometry":{"type":"LineString","coordinates":[[76.48811,31.23903],[76.48856,31.23904],[76.48886,31.23906],[76.48904,31.23908],[76.48921,31.23911],[76.48926,31.23913],[76.48933,31.23919]]},"properties":{"id":"osm:w122062148","name":"","highway":"secondary","bridge":false}},{"type":"Feature","geometry":{"type":"LineString","coordinates":[[76.34525,31.39947],[76.34527,31.39976],[76.34528,31.40004],[76.34527,31.40027],[76.34525,31.4005],[76.34515,31.40078],[76.34493,31.40128],[76.34436,31.40271]]},"properties":{"id":"osm:w122065480","name":"NH503","highway":"trunk","bridge":false}},{"type":"Feature","geometry":{"type":"LineString","coordinates":[[76.27709,31.46564],[76.27762,31.46541],[76.27815,31.46511],[76.27829,31.465],[76.2786,31.46468],[76.27983,31.46313],[76.28072,31.46195],[76.28093,31.46167],[76.28115,31.46151],[76.2814,31.46137],[76.28167,31.46127],[76.28199,31.4612],[76.28231,31.46121],[76.28337,31.46125],[76.28426,31.46129],[76.28446,31.4613],[76.28521,31.46131],[76.28589,31.46128],[76.28609,31.46127],[76.28701,31.46123],[76.28765,31.46123],[76.28913,31.46122],[76.28969,31.46124],[76.29008,31.46128],[76.29051,31.46138],[76.29112,31.46159],[76.29185,31.46184],[76.29258,31.46209],[76.29285,31.46222],[76.29321,31.46243],[76.29355,31.46271],[76.29378,31.46286],[76.29389,31.46293],[76.29418,31.46303],[76.2944,31.46309],[76.29468,31.46313],[76.29537,31.46326],[76.29547,31.46327],[76.29613,31.46339],[76.29678,31.4635],[76.29813,31.46374],[76.29863,31.46383],[76.29894,31.46389],[76.29929,31.46391],[76.29962,31.46388],[76.29989,31.46381],[76.30028,31.46365],[76.30071,31.46339],[76.30141,31.46296],[76.30191,31.46266],[76.30287,31.46209],[76.30294,31.46205],[76.30467,31.46104],[76.30529,31.46068],[76.30552,31.46054],[76.30585,31.46035],[76.30654,31.45996]]},"properties":{"id":"osm:w122065481","name":"NH503","highway":"trunk","bridge":false}},{"type":"Feature","geometry":{"type":"LineString","coordinates":[[76.34525,31.39947],[76.34505,31.39826],[76.34495,31.39786],[76.34491,31.39768],[76.34482,31.39718],[76.34482,31.39692],[76.34492,31.39612],[76.34492,31.39606],[76.34495,31.39575],[76.34492,31.39548],[76.34489,31.39521],[76.34476,31.39487],[76.34455,31.39439],[76.34444,31.39404],[76.34439,31.39373],[76.34434,31.39334],[76.34429,31.39164],[76.34427,31.39086],[76.34417,31.38858],[76.34416,31.38822],[76.34399,31.38346],[76.34399,31.38322]]},"properties":{"id":"osm:w122065483","name":"NH503","highway":"trunk","bridge":false}},{"type":"Feature","geometry":{"type":"LineString","coordinates":[[76.34378,31.38025],[76.3439,31.38292]]},"properties":{"id":"osm:w122065484","name":"NH503","highway":"trunk","bridge":false}},{"type":"Feature","geometry":{"type":"LineString","coordinates":[[76.34405,31.38292],[76.34395,31.38025]]},"properties":{"id":"osm:w122065485","name":"NH503","highway":"trunk","bridge":false}},{"type":"Feature","geometry":{"type":"LineString","coordinates":[[76.35081,31.37844],[76.35082,31.3787],[76.35085,31.37955],[76.35097,31.38272],[76.35099,31.38342],[76.35108,31.38564],[76.35109,31.38594],[76.35111,31.38644],[76.35114,31.38728],[76.35117,31.38838],[76.35121,31.3895],[76.35124,31.39057],[76.35127,31.3907],[76.35137,31.39083]]},"properties":{"id":"osm:w122065488","name":"","highway":"tertiary","bridge":false}},{"type":"Feature","geometry":{"type":"LineString","coordinates":[[76.34492,31.39606],[76.34506,31.39597],[76.34512,31.39585],[76.34515,31.3958],[76.34533,31.3955],[76.34572,31.39519],[76.34661,31.39451],[76.34773,31.39361],[76.34895,31.39259],[76.34987,31.39194],[76.34994,31.39188],[76.35044,31.39152],[76.35137,31.39083],[76.35302,31.38963],[76.35434,31.38865],[76.35461,31.38846],[76.35485,31.38833]]},"properties":{"id":"osm:w122065491","name":"","highway":"tertiary","bridge":false}},{"type":"Feature","geometry":{"type":"LineString","coordinates":[[76.35483,31.38814],[76.35481,31.38819],[76.35481,31.38825],[76.35482,31.38829],[76.35485,31.38833],[76.35489,31.38837],[76.35495,31.3884],[76.35502,31.38841],[76.35509,31.38841],[76.35516,31.38838],[76.35521,31.38834],[76.35525,31.38828],[76.35526,31.38822],[76.35525,31.38816],[76.35522,31.38811],[76.35518,31.38806],[76.35511,31.38803],[76.35504,31.38802],[76.35498,31.38803],[76.35491,31.38805],[76.35486,31.38809],[76.35483,31.38814]]},"properties":{"id":"osm:w122065492","name":"","highway":"tertiary","bridge":false}},{"type":"Feature","geometry":{"type":"LineString","coordinates":[[76.36303,31.38035],[76.36299,31.38043],[76.36296,31.38048],[76.3629,31.38061],[76.36216,31.38187],[76.36204,31.38211],[76.36199,31.38232],[76.36198,31.38245],[76.36198,31.38255],[76.36198,31.38262],[76.362,31.38311],[76.362,31.38325],[76.36202,31.38381],[76.36203,31.38396],[76.36205,31.3845],[76.36205,31.38467],[76.36208,31.38535],[76.36216,31.38758],[76.36218,31.38809],[76.36219,31.38842],[76.36223,31.38862],[76.36232,31.38885],[76.36253,31.38908],[76.36272,31.38925],[76.36363,31.39005],[76.36376,31.3902],[76.36394,31.39041],[76.36398,31.39094],[76.36401,31.39132],[76.36394,31.39158],[76.36378,31.39181],[76.36356,31.39198],[76.36346,31.39202],[76.36325,31.39209],[76.36243,31.39222],[76.36219,31.39234],[76.36171,31.39283],[76.36151,31.39314],[76.36141,31.3934],[76.36135,31.39369],[76.36137,31.39398],[76.36145,31.39424],[76.36176,31.39495],[76.36192,31.39532],[76.36195,31.39542],[76.36218,31.3962],[76.3622,31.39648],[76.36215,31.39664],[76.36205,31.39683],[76.36127,31.39784],[76.36111,31.3981],[76.36102,31.39835],[76.36091,31.39904],[76.36097,31.39925],[76.36112,31.39946],[76.36164,31.40003],[76.36187,31.40033],[76.36198,31.40068]]},"properties":{"id":"osm:w122065511","name":"","highway":"tertiary","bridge":false}},{"type":"Feature","geometry":{"type":"LineString","coordinates":[[76.35525,31.38828],[76.35547,31.3883],[76.35681,31.38825],[76.35793,31.38822],[76.35811,31.38821],[76.35928,31.38817],[76.35956,31.38816],[76.36189,31.3881],[76.36218,31.38809]]},"properties":{"id":"osm:w122065516","name":"","highway":"tertiary","bridge":false}},{"type":"Feature","geometry":{"type":"LineString","coordinates":[[76.35067,31.37809],[76.35073,31.3782],[76.35081,31.37844]]},"properties":{"id":"osm:w122070887","name":"","highway":"tertiary","bridge":false}},{"type":"Feature","geometry":{"type":"LineString","coordinates":[[76.35081,31.37844],[76.35087,31.37822],[76.35095,31.37807]]},"properties":{"id":"osm:w122070893","name":"","highway":"tertiary","bridge":false}},{"type":"Feature","geometry":{"type":"LineString","coordinates":[[76.36339,31.37993],[76.36341,31.37966],[76.36342,31.37958],[76.36344,31.37938]]},"properties":{"id":"osm:w122080630","name":"NH503","highway":"trunk","bridge":false}},{"type":"Feature","geometry":{"type":"LineString","coordinates":[[76.363,31.38016],[76.36303,31.38035]]},"properties":{"id":"osm:w122080631","name":"","highway":"tertiary","bridge":false}},{"type":"Feature","geometry":{"type":"LineString","coordinates":[[76.35546,31.34852],[76.356,31.34853],[76.35644,31.34853],[76.35661,31.34852],[76.35684,31.34851],[76.3575,31.3485],[76.35827,31.3485],[76.35902,31.34851],[76.3599,31.34847],[76.36056,31.34844],[76.36097,31.34843],[76.36109,31.34842],[76.36138,31.34841],[76.36149,31.34849],[76.36234,31.35033],[76.36311,31.35177],[76.36323,31.35197],[76.36325,31.35203],[76.36325,31.3522],[76.36323,31.35242],[76.36313,31.35343],[76.36305,31.35387],[76.36295,31.35444],[76.36283,31.35561],[76.36283,31.356],[76.36284,31.3564],[76.36293,31.35719],[76.36305,31.35765],[76.36365,31.35914],[76.36376,31.35953],[76.36388,31.36058],[76.36383,31.36084],[76.36366,31.3614],[76.36361,31.36184],[76.36362,31.36232],[76.36373,31.36282],[76.36408,31.36374],[76.36418,31.36447],[76.3642,31.36516],[76.36415,31.36565],[76.36407,31.36591],[76.36403,31.36602],[76.36364,31.36698],[76.36351,31.36744],[76.36344,31.36785],[76.36336,31.36845],[76.36336,31.36911],[76.36339,31.3696],[76.36349,31.37012],[76.36369,31.37081],[76.3639,31.37158],[76.36398,31.37229],[76.36397,31.37288],[76.36393,31.37356],[76.36379,31.37413],[76.36338,31.37526],[76.3633,31.37579],[76.36308,31.37737],[76.36307,31.37769],[76.36308,31.37797]]},"properties":{"id":"osm:w122080636","name":"Swami Gupta Nand Marg","highway":"secondary","bridge":false}},{"type":"Feature","geometry":{"type":"LineString","coordinates":[[76.38978,31.41581],[76.38991,31.416],[76.39036,31.41594]]},"properties":{"id":"osm:w133349477","name":"","highway":"tertiary","bridge":false}},{"type":"Feature","geometry":{"type":"LineString","coordinates":[[76.51996,30.98559],[76.51989,30.98567],[76.51464,30.9916],[76.51463,30.99161]]},"properties":{"id":"osm:w136152677","name":"","highway":"secondary","bridge":true}},{"type":"Feature","geometry":{"type":"LineString","coordinates":[[76.51463,30.99161],[76.51461,30.99164],[76.51454,30.99171],[76.51422,30.9919],[76.51394,30.99199],[76.51368,30.99202],[76.51339,30.99204],[76.51315,30.99202],[76.51284,30.99191],[76.51193,30.99157],[76.51171,30.99148],[76.51145,30.99138],[76.51127,30.99131],[76.51064,30.99123],[76.50896,30.99113],[76.50841,30.99087],[76.50816,30.99073],[76.50773,30.99018],[76.50756,30.98954],[76.5076,30.98839],[76.50754,30.98796],[76.50709,30.98751],[76.5062,30.98683],[76.50296,30.98459],[76.50273,30.98447]]},"properties":{"id":"osm:w136152678","name":"","highway":"secondary","bridge":false}},{"type":"Feature","geometry":{"type":"LineString","coordinates":[[76.53048,31.07391],[76.53251,31.07654],[76.53317,31.07739],[76.5334,31.07764],[76.53354,31.07774],[76.53369,31.07776],[76.53387,31.07779],[76.5344,31.07779],[76.53538,31.07779],[76.53693,31.07776],[76.53942,31.07777],[76.54146,31.07793],[76.54349,31.07802],[76.5464,31.07825],[76.54671,31.07827],[76.54703,31.07839],[76.54772,31.07877],[76.54882,31.07934],[76.54949,31.07967],[76.5497,31.07983],[76.54978,31.07993],[76.54982,31.08004],[76.54984,31.08036],[76.54987,31.08275],[76.54988,31.08488],[76.54994,31.08532],[76.55006,31.08582],[76.55022,31.08643],[76.55049,31.08712],[76.55092,31.08817],[76.551,31.08827],[76.55111,31.08833],[76.55127,31.08841],[76.55244,31.08883],[76.55337,31.08926],[76.55434,31.08982],[76.55491,31.09017],[76.55532,31.09048],[76.55553,31.09067],[76.55554,31.09074],[76.55553,31.09082],[76.55536,31.09096],[76.55477,31.09134],[76.55428,31.0918],[76.55307,31.09298],[76.55143,31.09459],[76.54985,31.09612],[76.54836,31.0976],[76.54724,31.09876],[76.54522,31.10056],[76.5433,31.10235],[76.54219,31.10338],[76.54141,31.10412],[76.54035,31.10519],[76.53992,31.10562],[76.53763,31.10791],[76.53513,31.11051],[76.53156,31.11439],[76.53078,31.11517],[76.53017,31.11572],[76.5296,31.11622],[76.52766,31.11771],[76.5253,31.11951],[76.52469,31.11992],[76.52425,31.12029],[76.52351,31.12089],[76.52308,31.12129],[76.52224,31.12235],[76.52146,31.12332],[76.52057,31.12438],[76.51974,31.12538],[76.51887,31.12641],[76.51805,31.12738],[76.51714,31.12844],[76.51625,31.12938],[76.51599,31.12967],[76.51586,31.12981],[76.51541,31.1303],[76.51413,31.13161],[76.51082,31.1349],[76.51051,31.13521],[76.50835,31.13734],[76.50732,31.13835],[76.50561,31.14022],[76.50419,31.14177],[76.50351,31.14251],[76.50145,31.14464],[76.4988,31.14741],[76.49727,31.14893],[76.49578,31.1503],[76.49447,31.15172],[76.49394,31.1523],[76.49285,31.15348],[76.49175,31.15464],[76.48978,31.15665],[76.48867,31.15782],[76.48765,31.15876],[76.48642,31.15985],[76.4863,31.15997],[76.48508,31.16118],[76.48371,31.16253],[76.48351,31.16273],[76.48296,31.16326],[76.48153,31.16466],[76.48128,31.16481],[76.48052,31.16506],[76.48041,31.1651],[76.47986,31.16534],[76.47953,31.16554],[76.47927,31.16583],[76.47911,31.16612],[76.47885,31.16698],[76.47868,31.16752],[76.47839,31.16841],[76.47827,31.16879],[76.47789,31.1699],[76.47776,31.17013],[76.47766,31.17028],[76.47752,31.17042],[76.47687,31.17077],[76.47562,31.17142],[76.47463,31.17189],[76.47375,31.1723],[76.4733,31.17253],[76.4688,31.17485],[76.46583,31.17668],[76.46479,31.17731],[76.4629,31.17854],[76.46105,31.17966],[76.46061,31.1799],[76.46054,31.17995],[76.45888,31.18087],[76.45688,31.182],[76.45105,31.18578],[76.44899,31.18704],[76.44828,31.18745],[76.44804,31.18758],[76.4476,31.18781],[76.44648,31.18846],[76.44632,31.18855],[76.44463,31.18944],[76.44288,31.19029],[76.4417,31.19087],[76.44152,31.19097],[76.44065,31.19143],[76.44005,31.19174],[76.43755,31.19315],[76.43576,31.19411],[76.43543,31.19431],[76.43447,31.19489],[76.43152,31.19667],[76.43108,31.19693],[76.43104,31.19695],[76.43038,31.19733]]},"properties":{"id":"osm:w138959022","name":"MDR55","highway":"secondary","bridge":false}},{"type":"Feature","geometry":{"type":"LineString","coordinates":[[76.38809,31.25297],[76.38664,31.25844]]},"properties":{"id":"osm:w138959039","name":"","highway":"secondary","bridge":true}},{"type":"Feature","geometry":{"type":"LineString","coordinates":[[76.38664,31.25844],[76.38616,31.25958],[76.38447,31.26111],[76.38121,31.26402],[76.38034,31.26479],[76.37791,31.26695],[76.37776,31.26739],[76.37768,31.26801],[76.3774,31.26848],[76.37562,31.27063],[76.37513,31.27119],[76.37411,31.27246],[76.37234,31.27457],[76.37101,31.27616],[76.36923,31.27828],[76.36805,31.2797],[76.36611,31.28201],[76.36505,31.28328],[76.36299,31.28574],[76.36293,31.28581],[76.35988,31.2894],[76.35951,31.28984],[76.35803,31.29165],[76.35677,31.29308],[76.35568,31.29436],[76.35536,31.29473],[76.35489,31.2953],[76.3542,31.29615],[76.35417,31.29619],[76.35414,31.29638],[76.35411,31.29665],[76.35414,31.29776],[76.35417,31.29892],[76.35418,31.29965],[76.3542,31.30189],[76.35421,31.30365],[76.35425,31.30382],[76.35429,31.30391],[76.35438,31.30396],[76.35472,31.30406],[76.3548,31.30415],[76.35482,31.30428],[76.35487,31.30541],[76.35496,31.30764],[76.35498,31.30815],[76.35498,31.30853],[76.35512,31.30981],[76.3553,31.31143],[76.35536,31.31193],[76.35548,31.31303],[76.35582,31.31607],[76.35582,31.31643],[76.35581,31.31751],[76.35566,31.31776],[76.35541,31.31809],[76.35509,31.31843],[76.3549,31.31873],[76.35478,31.31911],[76.35455,31.31974],[76.35434,31.32024],[76.35404,31.32104],[76.35359,31.3219],[76.35348,31.32216],[76.35344,31.32227],[76.35338,31.32242],[76.3529,31.32314],[76.35283,31.32332],[76.35284,31.3236],[76.35286,31.32368],[76.35388,31.3282],[76.35436,31.3305],[76.35445,31.33096],[76.35456,31.33151],[76.35456,31.33163],[76.35458,31.33206],[76.35458,31.33229],[76.35458,31.33414],[76.35457,31.33432],[76.35457,31.33486],[76.35465,31.335],[76.35469,31.3351],[76.35483,31.33519],[76.35515,31.33539],[76.35524,31.33547],[76.35527,31.33575],[76.3553,31.33641],[76.35526,31.33665],[76.35483,31.33828],[76.35481,31.33917],[76.3548,31.33973],[76.35491,31.34113],[76.35496,31.34188],[76.35508,31.34338],[76.35511,31.34347],[76.35531,31.34399],[76.35531,31.34405],[76.35533,31.34485],[76.35538,31.34677],[76.35539,31.34747],[76.35541,31.34817],[76.35542,31.34845],[76.35546,31.34852]]},"properties":{"id":"osm:w138959052","name":"","highway":"secondary","bridge":false}},{"type":"Feature","geometry":{"type":"LineString","coordinates":[[76.38978,31.41581],[76.38986,31.41585],[76.39006,31.41587],[76.39036,31.41594],[76.39072,31.41595],[76.39155,31.4161],[76.39216,31.41632],[76.39243,31.4165],[76.39256,31.41682],[76.39259,31.41709]]},"properties":{"id":"osm:w138959056","name":"","highway":"tertiary","bridge":false}},{"type":"Feature","geometry":{"type":"LineString","coordinates":[[76.27552,31.08577],[76.27631,31.08511],[76.27689,31.08463],[76.27852,31.08325],[76.27931,31.08256],[76.27959,31.08232],[76.28032,31.08169],[76.28122,31.08093],[76.28175,31.08051],[76.28226,31.08005],[76.28673,31.07603],[76.28746,31.07538],[76.28823,31.07469],[76.28995,31.07319],[76.29088,31.07238],[76.29282,31.0707],[76.29328,31.0703],[76.29405,31.06962],[76.29486,31.06894],[76.29521,31.06861],[76.29768,31.0665],[76.29813,31.06611],[76.29918,31.06523],[76.30235,31.06246]]},"properties":{"id":"osm:w172422912","name":"SH24","highway":"primary","bridge":false}},{"type":"Feature","geometry":{"type":"LineString","coordinates":[[76.37127,31.01662],[76.36926,31.0169],[76.36828,31.01705],[76.36647,31.0173],[76.36521,31.01749],[76.3627,31.01788],[76.35749,31.0187],[76.35498,31.01909],[76.35389,31.01929],[76.35304,31.01952],[76.35231,31.01979],[76.35202,31.01992],[76.35142,31.0202],[76.35053,31.02068],[76.34963,31.02135],[76.34696,31.02362],[76.34574,31.02466],[76.34452,31.02567],[76.34352,31.0265],[76.34258,31.02712],[76.34185,31.02747],[76.3413,31.02769],[76.34089,31.02782],[76.33976,31.02816],[76.33486,31.02949],[76.33164,31.03034],[76.33075,31.03062],[76.33034,31.03075],[76.32939,31.03114],[76.32793,31.03181],[76.32492,31.03319]]},"properties":{"id":"osm:w172425681","name":"NH344A","highway":"trunk","bridge":false}},{"type":"Feature","geometry":{"type":"LineString","coordinates":[[76.28382,31.19828],[76.28481,31.19857],[76.28518,31.19869],[76.28562,31.19883],[76.28748,31.19938],[76.28851,31.1997],[76.28934,31.19999],[76.29059,31.20036],[76.29085,31.20045],[76.29303,31.20112],[76.29329,31.2012],[76.29379,31.20135],[76.29413,31.20146],[76.29499,31.20173],[76.2961,31.20207],[76.29722,31.20238],[76.29762,31.20252],[76.29781,31.20261],[76.29796,31.20272],[76.29821,31.20298],[76.29845,31.20327],[76.29964,31.20467],[76.30006,31.20513],[76.3006,31.20571],[76.30084,31.20593],[76.30106,31.20605],[76.30134,31.20619],[76.30268,31.20686],[76.30371,31.20736],[76.30468,31.20784],[76.30672,31.20884],[76.30803,31.20948],[76.30968,31.2103],[76.31021,31.21055],[76.31139,31.21115],[76.31168,31.21131],[76.3119,31.21148],[76.31201,31.21159],[76.31216,31.21171],[76.31233,31.21183],[76.31253,31.21194],[76.31295,31.21212],[76.31324,31.21227],[76.31432,31.21299],[76.31473,31.21327],[76.31511,31.2135],[76.31531,31.21361],[76.31555,31.21364],[76.31577,31.21364],[76.316,31.21362],[76.31632,31.2136],[76.31669,31.21357],[76.31704,31.21355],[76.31731,31.21354],[76.3175,31.2136],[76.31771,31.21365],[76.31795,31.2138],[76.31818,31.21397],[76.31876,31.21437],[76.31954,31.2149],[76.32036,31.21551],[76.3218,31.21661],[76.32234,31.21703],[76.32255,31.21722],[76.32278,31.21747],[76.323,31.21772],[76.3232,31.21792],[76.3234,31.21816],[76.32362,31.21844],[76.3237,31.21867],[76.32374,31.21898],[76.32377,31.21923],[76.32385,31.21959],[76.32398,31.21984],[76.32419,31.22011],[76.32437,31.22033],[76.32463,31.22058],[76.32496,31.2208],[76.3254,31.22103],[76.32619,31.22143],[76.32647,31.22162],[76.32666,31.22188],[76.32685,31.22222],[76.32735,31.2231],[76.32749,31.22334],[76.32764,31.22355],[76.32779,31.22369],[76.328,31.22385],[76.32818,31.22398],[76.3287,31.22436],[76.32892,31.22455],[76.32903,31.22471],[76.32918,31.22492],[76.3294,31.22524],[76.32953,31.22539],[76.32975,31.22552],[76.33004,31.22568],[76.33022,31.22584],[76.33034,31.22602],[76.3304,31.22622],[76.33045,31.22647],[76.33047,31.22687],[76.33047,31.22761],[76.33051,31.22779],[76.33061,31.22794],[76.33078,31.22804],[76.33098,31.22812],[76.33125,31.22816],[76.33155,31.22819],[76.33221,31.2283],[76.33268,31.22841],[76.3332,31.22856],[76.33363,31.22865],[76.33423,31.22881],[76.33448,31.22892],[76.3348,31.2291],[76.33512,31.2293],[76.33633,31.23005],[76.3368,31.23035],[76.33833,31.23132],[76.33858,31.23148],[76.33879,31.23159],[76.339,31.23167],[76.33915,31.23167],[76.33937,31.23165],[76.33957,31.23162],[76.3398,31.23157],[76.34004,31.23151],[76.34028,31.23145],[76.34041,31.23141],[76.34098,31.2313],[76.34138,31.23121],[76.34172,31.23116],[76.34187,31.23114],[76.34204,31.2312],[76.34224,31.23136],[76.34245,31.23158],[76.34312,31.23231],[76.34435,31.23366],[76.34489,31.23422],[76.34518,31.23447],[76.34557,31.23478],[76.3458,31.23498],[76.34637,31.23545],[76.34704,31.23599],[76.34725,31.2362],[76.34758,31.23661],[76.34787,31.23699],[76.34863,31.23792],[76.34881,31.23811],[76.34909,31.23832],[76.34928,31.23846],[76.35028,31.23917],[76.35126,31.23987],[76.35173,31.2402],[76.35188,31.2403],[76.35263,31.24083],[76.3529,31.241],[76.35307,31.24108],[76.35318,31.24111],[76.35333,31.24111],[76.35354,31.24109]]},"properties":{"id":"osm:w176508890","name":"MDR55","highway":"secondary","bridge":false}},{"type":"Feature","geometry":{"type":"LineString","coordinates":[[76.35354,31.24109],[76.35373,31.24102],[76.35401,31.24092],[76.35436,31.24081],[76.35466,31.24071],[76.35514,31.24053],[76.35554,31.24038],[76.35608,31.24019],[76.35662,31.23999],[76.35689,31.23989],[76.35767,31.2396],[76.3583,31.23936],[76.35901,31.23913],[76.35951,31.23895],[76.35992,31.23881],[76.36046,31.23862],[76.36142,31.23827],[76.36194,31.23808],[76.36238,31.23794],[76.36258,31.23793],[76.36288,31.23789],[76.36315,31.23788],[76.36344,31.2379],[76.36364,31.23791],[76.36417,31.23792],[76.36528,31.23793],[76.36598,31.23795],[76.36622,31.23795],[76.36657,31.23791],[76.3669,31.23784],[76.36714,31.23782],[76.36718,31.23782],[76.36756,31.23777],[76.3679,31.23773],[76.36845,31.23765],[76.36894,31.23758],[76.36937,31.23751],[76.36961,31.23748],[76.3698,31.23745],[76.37027,31.23739],[76.37107,31.23727],[76.37162,31.2372],[76.37197,31.23715],[76.37232,31.23708],[76.37269,31.23698],[76.37304,31.2369],[76.37356,31.23676],[76.37397,31.23666],[76.37433,31.23658],[76.37504,31.2364],[76.3752,31.23637],[76.37596,31.23618],[76.37619,31.23614],[76.37683,31.23599],[76.37796,31.2357],[76.37807,31.23568],[76.3782,31.23565],[76.37859,31.23555],[76.37979,31.23526],[76.38074,31.23505],[76.38178,31.2348],[76.3823,31.23467],[76.38244,31.23464],[76.38287,31.2345],[76.38402,31.2342],[76.38558,31.23384],[76.38653,31.23362],[76.38724,31.23341],[76.38756,31.23332],[76.38815,31.23315],[76.39168,31.23216],[76.39212,31.23206],[76.39244,31.23198],[76.39271,31.23189],[76.39299,31.23178]]},"properties":{"id":"osm:w176508916","name":"MDR55","highway":"secondary","bridge":false}},{"type":"Feature","geometry":{"type":"LineString","coordinates":[[76.49927,31.24256],[76.49977,31.24269],[76.50069,31.24262],[76.50144,31.24252],[76.50216,31.24234],[76.50311,31.24237],[76.5041,31.24289],[76.50463,31.24286],[76.50581,31.24248],[76.50597,31.2423],[76.50613,31.2418],[76.50644,31.24149],[76.50663,31.2413],[76.50725,31.24069],[76.50748,31.24046],[76.50766,31.24028]]},"properties":{"id":"osm:w201381331","name":"","highway":"tertiary","bridge":false}},{"type":"Feature","geometry":{"type":"LineString","coordinates":[[76.50709,31.23077],[76.50506,31.23049],[76.50396,31.23056],[76.50321,31.23061],[76.50303,31.23064],[76.50288,31.23072],[76.5027,31.23085],[76.50158,31.23194],[76.50131,31.23215],[76.50096,31.23244],[76.49953,31.23381],[76.4987,31.23416],[76.49808,31.23462],[76.49708,31.23528],[76.49664,31.23485]]},"properties":{"id":"osm:w201381332","name":"","highway":"tertiary","bridge":false}},{"type":"Feature","geometry":{"type":"LineString","coordinates":[[76.48678,31.21808],[76.48723,31.21879],[76.48811,31.22014],[76.48947,31.2222],[76.48967,31.22249],[76.48975,31.22256],[76.49155,31.22367],[76.49333,31.22475],[76.49467,31.22556],[76.4948,31.2258],[76.4948,31.22635],[76.49481,31.22857],[76.49482,31.22898],[76.49482,31.22901],[76.49482,31.22928],[76.49504,31.22968],[76.49507,31.22973],[76.49517,31.22988],[76.4955,31.2304],[76.49587,31.23082],[76.49711,31.23198],[76.49727,31.23219],[76.49747,31.2325],[76.49749,31.23259]]},"properties":{"id":"osm:w201381334","name":"","highway":"tertiary","bridge":false}},{"type":"Feature","geometry":{"type":"LineString","coordinates":[[76.49884,31.24199],[76.49901,31.24101],[76.49846,31.24071],[76.49801,31.23989],[76.4979,31.23968],[76.49755,31.23879],[76.49753,31.23875],[76.49772,31.23819],[76.49785,31.2378],[76.49776,31.2375],[76.49785,31.23703],[76.49846,31.23712],[76.4987,31.23673],[76.49896,31.23631],[76.499,31.23599],[76.49903,31.23593],[76.49908,31.23587],[76.49915,31.23579]]},"properties":{"id":"osm:w201381335","name":"","highway":"tertiary","bridge":false}},{"type":"Feature","geometry":{"type":"LineString","coordinates":[[76.51165,31.24164],[76.51161,31.24163],[76.5112,31.24151],[76.51116,31.24149],[76.51073,31.24134],[76.51028,31.24119],[76.50964,31.24097],[76.50766,31.24028],[76.50733,31.24009],[76.50726,31.24004],[76.5072,31.23999],[76.5071,31.23985],[76.5069,31.23948],[76.50664,31.23903],[76.50623,31.23829],[76.50618,31.23817],[76.50592,31.2376],[76.50543,31.23651],[76.50512,31.23625],[76.50504,31.23617],[76.50465,31.23583],[76.50451,31.2357],[76.50441,31.23556],[76.50439,31.2355],[76.50436,31.23544],[76.5043,31.2352],[76.50423,31.23487],[76.50408,31.23422],[76.50387,31.23387],[76.50379,31.2338],[76.5037,31.23375],[76.50319,31.23352]]},"properties":{"id":"osm:w201381337","name":"","highway":"secondary","bridge":false}},{"type":"Feature","geometry":{"type":"LineString","coordinates":[[76.49924,31.24324],[76.49912,31.24374],[76.49796,31.24553],[76.49796,31.24567],[76.49796,31.24589],[76.49828,31.24628],[76.49863,31.2465],[76.4991,31.24671],[76.49948,31.24683],[76.50023,31.24707],[76.5005,31.24715],[76.50089,31.24727],[76.50504,31.24857],[76.50506,31.24858],[76.50524,31.24871],[76.50602,31.24999],[76.50635,31.25081],[76.50659,31.25187],[76.50673,31.25227],[76.50685,31.25246],[76.50755,31.25333],[76.50792,31.25388],[76.50881,31.25567],[76.50892,31.256],[76.50892,31.25624],[76.50882,31.2565],[76.50811,31.25733],[76.50754,31.25776],[76.50741,31.25783],[76.50724,31.25789],[76.50718,31.2579],[76.50681,31.25798],[76.50669,31.25801],[76.50657,31.25807],[76.50651,31.25815],[76.5065,31.25825],[76.50653,31.25837]]},"properties":{"id":"osm:w201381338","name":"","highway":"secondary","bridge":false}},{"type":"Feature","geometry":{"type":"LineString","coordinates":[[76.49808,31.23462],[76.49665,31.23305],[76.49659,31.23299]]},"properties":{"id":"osm:w201381341","name":"","highway":"tertiary","bridge":false}},{"type":"Feature","geometry":{"type":"LineString","coordinates":[[76.62994,30.93793],[76.62964,30.93805],[76.62905,30.93861],[76.62838,30.9388],[76.62814,30.93887],[76.62692,30.93986],[76.62676,30.93998],[76.62676,30.94161],[76.62662,30.94165],[76.62516,30.9417],[76.62507,30.9416],[76.62501,30.94123],[76.6249,30.94118],[76.62358,30.94124],[76.62348,30.9413],[76.62341,30.94145],[76.62361,30.94385],[76.62211,30.94987],[76.61874,30.9536],[76.61772,30.95472],[76.61616,30.95696],[76.6152,30.95849],[76.61409,30.96035],[76.6137,30.96085],[76.61129,30.96271],[76.61002,30.96376],[76.60996,30.96384],[76.60999,30.96527],[76.60991,30.96533],[76.60903,30.96521],[76.608,30.96481],[76.60636,30.96406],[76.60525,30.96345],[76.60317,30.96203],[76.60207,30.9614],[76.60166,30.96125],[76.60077,30.9611],[76.60003,30.96098],[76.5998,30.96088],[76.59953,30.96063],[76.59902,30.96],[76.59813,30.9591],[76.59796,30.95882],[76.59755,30.95853],[76.5962,30.9579],[76.59519,30.95745],[76.59511,30.95742],[76.593,30.95643],[76.59286,30.9563],[76.59225,30.95509],[76.59213,30.95491],[76.59038,30.95426],[76.58723,30.9543],[76.58705,30.95425],[76.58693,30.95339],[76.58687,30.95335],[76.58681,30.95331],[76.58526,30.95342],[76.58416,30.95356],[76.58194,30.95388],[76.57468,30.95402],[76.57039,30.9541],[76.57017,30.95403],[76.57001,30.95398],[76.56973,30.95404],[76.56725,30.95509],[76.56159,30.95641],[76.56087,30.95658],[76.55894,30.95701],[76.5541,30.95811],[76.55376,30.95815],[76.55238,30.95824],[76.54982,30.95837],[76.54954,30.9583],[76.54855,30.95816],[76.54837,30.95821],[76.54829,30.95836],[76.54804,30.95984],[76.54773,30.96091],[76.54749,30.96147],[76.54657,30.96304]]},"properties":{"id":"osm:w201485996","name":"","highway":"tertiary","bridge":false}},{"type":"Feature","geometry":{"type":"LineString","coordinates":[[76.68047,30.93028],[76.68027,30.93019],[76.67987,30.93004],[76.67974,30.93],[76.67964,30.92998],[76.67957,30.92996],[76.67947,30.92996],[76.67884,30.9299],[76.67877,30.9299],[76.6787,30.92992],[76.67863,30.92993],[76.67855,30.92996],[76.67765,30.93035],[76.67761,30.93037],[76.67757,30.93037],[76.67756,30.93037],[76.67755,30.93037],[76.67754,30.93037],[76.67752,30.93037],[76.67749,30.93036],[76.67747,30.93036],[76.67744,30.93035],[76.67671,30.93032],[76.67641,30.9303],[76.67628,30.9303],[76.6762,30.9303],[76.67613,30.93031],[76.67602,30.93032],[76.67592,30.93033],[76.67587,30.93034],[76.67581,30.93035],[76.67571,30.93036],[76.67555,30.93038],[76.67551,30.93039],[76.67541,30.9304],[76.67509,30.93045],[76.67499,30.93046],[76.67464,30.93053],[76.67424,30.93062],[76.67398,30.93066],[76.67368,30.93069],[76.67364,30.93069],[76.67359,30.93069],[76.67341,30.93069],[76.67335,30.93069],[76.67319,30.9307],[76.67317,30.9307],[76.67298,30.93072],[76.67283,30.93074],[76.67274,30.93076],[76.67267,30.93077],[76.67235,30.93087],[76.6717,30.93112],[76.67145,30.93122],[76.67141,30.93124],[76.67138,30.93125],[76.67136,30.93127],[76.67084,30.93165],[76.67011,30.93219],[76.66772,30.9339],[76.66762,30.93395],[76.66749,30.93397],[76.66736,30.93399],[76.66579,30.93401],[76.66415,30.93405],[76.66297,30.93408],[76.6618,30.93414],[76.6617,30.93413],[76.66161,30.93409],[76.66056,30.93333],[76.66039,30.93324],[76.66024,30.93319],[76.66014,30.93317],[76.65964,30.93313],[76.65913,30.93311],[76.65826,30.93314],[76.65805,30.93315],[76.65788,30.93315],[76.65649,30.93306],[76.65439,30.9329],[76.65286,30.93279],[76.64936,30.93206],[76.64897,30.93198],[76.64836,30.93187],[76.64802,30.93191],[76.64719,30.93214],[76.64661,30.93223],[76.64367,30.9327],[76.64306,30.93293],[76.64241,30.93322],[76.64105,30.93384],[76.63948,30.93456],[76.63808,30.93507],[76.63708,30.93537],[76.63666,30.93559],[76.63631,30.93586],[76.63428,30.93768],[76.63404,30.93781],[76.63392,30.93787],[76.63218,30.93791],[76.63083,30.93793],[76.63008,30.93795],[76.62994,30.93793],[76.62922,30.93715],[76.62805,30.9359],[76.62781,30.93568],[76.62762,30.93562],[76.61871,30.93589],[76.61508,30.93601],[76.61487,30.93596],[76.61461,30.93583],[76.61049,30.93315],[76.61025,30.93292],[76.6101,30.93261],[76.60872,30.92928],[76.60852,30.92901],[76.60826,30.92886],[76.60745,30.92866],[76.60594,30.92821],[76.60388,30.92719],[76.5989,30.92519],[76.59884,30.92516]]},"properties":{"id":"osm:w201486003","name":"","highway":"tertiary","bridge":false}},{"type":"Feature","geometry":{"type":"LineString","coordinates":[[76.53236,30.96286],[76.53247,30.9632],[76.53263,30.96346],[76.53281,30.96368],[76.53316,30.96393],[76.5336,30.96417],[76.53425,30.96445],[76.53448,30.96458],[76.53471,30.96477],[76.53485,30.96491],[76.53497,30.96515],[76.53504,30.96542],[76.53504,30.96565],[76.53501,30.96587],[76.53488,30.96631],[76.53473,30.96679],[76.53461,30.96718]]},"properties":{"id":"osm:w208875243","name":"NH205","highway":"trunk","bridge":true}},{"type":"Feature","geometry":{"type":"LineString","coordinates":[[76.34445,31.40276],[76.345,31.40129],[76.34524,31.40074],[76.34532,31.4005],[76.34537,31.40025],[76.34536,31.40002],[76.34533,31.39975],[76.34525,31.39947]]},"properties":{"id":"osm:w226993595","name":"NH503","highway":"trunk","bridge":false}},{"type":"Feature","geometry":{"type":"LineString","coordinates":[[76.3071,31.45967],[76.30734,31.45947],[76.3074,31.45934],[76.30743,31.45928],[76.30742,31.45907],[76.30714,31.45783],[76.30706,31.4574],[76.30706,31.45718],[76.30706,31.45702],[76.30723,31.45547],[76.30738,31.45407],[76.30753,31.45374],[76.30772,31.45349],[76.30807,31.45321],[76.30884,31.45282],[76.31197,31.45133],[76.31204,31.4513],[76.31218,31.45123],[76.31386,31.45043]]},"properties":{"id":"osm:w226993596","name":"NH503","highway":"trunk","bridge":false}},{"type":"Feature","geometry":{"type":"LineString","coordinates":[[76.31383,31.45038],[76.31197,31.45124],[76.31192,31.45127],[76.30975,31.4523],[76.3081,31.4531],[76.30792,31.45321],[76.30782,31.45329],[76.30758,31.45351],[76.3074,31.45376],[76.3073,31.45405],[76.30723,31.45448],[76.30702,31.45667],[76.30695,31.4572],[76.30698,31.4575],[76.30702,31.4577],[76.3073,31.45897],[76.30732,31.45915],[76.30727,31.45935],[76.30714,31.45951],[76.30706,31.45958]]},"properties":{"id":"osm:w226993597","name":"NH503","highway":"trunk","bridge":false}},{"type":"Feature","geometry":{"type":"LineString","coordinates":[[76.30654,31.45996],[76.3071,31.45967]]},"properties":{"id":"osm:w226993598","name":"NH503","highway":"trunk","bridge":true}},{"type":"Feature","geometry":{"type":"LineString","coordinates":[[76.31452,31.45004],[76.31383,31.45038]]},"properties":{"id":"osm:w226993599","name":"NH503","highway":"trunk","bridge":true}},{"type":"Feature","geometry":{"type":"LineString","coordinates":[[76.30706,31.45958],[76.30651,31.45989]]},"properties":{"id":"osm:w226993600","name":"NH503","highway":"trunk","bridge":true}},{"type":"Feature","geometry":{"type":"LineString","coordinates":[[76.31386,31.45043],[76.31458,31.45009]]},"properties":{"id":"osm:w226993601","name":"NH503","highway":"trunk","bridge":true}},{"type":"Feature","geometry":{"type":"LineString","coordinates":[[76.30651,31.45989],[76.30632,31.46],[76.30556,31.46043],[76.30401,31.46131],[76.30364,31.46152],[76.30347,31.46162],[76.30281,31.46203],[76.30156,31.46279],[76.30034,31.46353],[76.29984,31.46374],[76.29979,31.46375],[76.29956,31.4638],[76.29952,31.46381],[76.29914,31.46383],[76.29878,31.46379],[76.29839,31.46372],[76.29798,31.46364],[76.29683,31.46344],[76.29653,31.46338],[76.29539,31.46318],[76.29435,31.46299],[76.29426,31.46298],[76.29417,31.46294],[76.29403,31.46289],[76.29369,31.46272],[76.29319,31.46232],[76.29313,31.46228],[76.29278,31.4621],[76.29239,31.46195],[76.29072,31.46137],[76.2905,31.46129],[76.28997,31.46118],[76.28949,31.46114],[76.28765,31.46116],[76.28679,31.46116],[76.2854,31.46124],[76.28486,31.46123],[76.28415,31.4612],[76.28223,31.46111],[76.28188,31.46114],[76.28147,31.46125],[76.28121,31.46136],[76.28091,31.46157],[76.28086,31.4616],[76.28057,31.46196],[76.28039,31.46218],[76.27907,31.46398],[76.27859,31.46461],[76.27839,31.46481],[76.27817,31.46497],[76.27757,31.46536],[76.27721,31.46552]]},"properties":{"id":"osm:w226993602","name":"NH503","highway":"trunk","bridge":false}},{"type":"Feature","geometry":{"type":"LineString","coordinates":[[76.34436,31.40271],[76.34401,31.40346],[76.34386,31.4038],[76.34324,31.40513],[76.34309,31.40546],[76.34294,31.40578],[76.3427,31.40628],[76.3425,31.40671],[76.34235,31.40704],[76.34188,31.40805],[76.34166,31.40854],[76.34143,31.40902],[76.34136,31.40916],[76.34057,31.41087],[76.34042,31.41121],[76.3398,31.41264],[76.33965,31.41299],[76.33922,31.41394],[76.33912,31.41419],[76.33898,31.41455],[76.33881,31.41508],[76.33855,31.41603],[76.33809,31.41779],[76.33783,31.41878],[76.33752,31.41996],[76.33734,31.42046],[76.33713,31.42084],[76.33665,31.42157],[76.3353,31.42356],[76.3343,31.42503],[76.33426,31.42508],[76.3339,31.42555],[76.33351,31.42588],[76.33323,31.42605],[76.33269,31.42628],[76.33017,31.42682],[76.32979,31.4269],[76.3281,31.42729],[76.32772,31.42741],[76.32764,31.42743],[76.32734,31.42762],[76.32706,31.42787],[76.32667,31.42831],[76.32591,31.42926],[76.3255,31.42984],[76.32521,31.43033],[76.32517,31.43042],[76.32395,31.43274],[76.32279,31.43496],[76.32163,31.43717],[76.32054,31.4393],[76.32039,31.43958],[76.31971,31.44086],[76.31968,31.44091],[76.31952,31.44122],[76.3192,31.44183],[76.31852,31.44313],[76.31772,31.44484],[76.31654,31.44727],[76.31602,31.44825],[76.31587,31.44856],[76.31558,31.44912],[76.31546,31.44932],[76.31527,31.44959],[76.31514,31.4497],[76.31496,31.44981],[76.31452,31.45004]]},"properties":{"id":"osm:w226993603","name":"NH503","highway":"trunk","bridge":false}},{"type":"Feature","geometry":{"type":"LineString","coordinates":[[76.31458,31.45009],[76.31482,31.44999],[76.31505,31.44986],[76.31532,31.44965],[76.31548,31.44947],[76.31556,31.44931],[76.31572,31.44906],[76.31595,31.44859],[76.3161,31.44829],[76.31666,31.44723],[76.31697,31.44658],[76.31736,31.44577],[76.31752,31.44545]]},"properties":{"id":"osm:w226993604","name":"NH503","highway":"trunk","bridge":false}},{"type":"Feature","geometry":{"type":"LineString","coordinates":[[76.37267,31.38239],[76.3722,31.38247],[76.3718,31.38252],[76.3716,31.38258],[76.37149,31.38267],[76.37134,31.38285],[76.37132,31.38293],[76.37128,31.38302],[76.37129,31.38331],[76.37133,31.38365],[76.37136,31.38393],[76.37138,31.3841],[76.37145,31.38479],[76.37147,31.38491],[76.37154,31.3856],[76.37163,31.3866],[76.37173,31.38759],[76.37174,31.38771],[76.3718,31.38832],[76.37181,31.38839],[76.37187,31.38891],[76.37194,31.38961]]},"properties":{"id":"osm:w226996669","name":"","highway":"tertiary","bridge":false}},{"type":"Feature","geometry":{"type":"LineString","coordinates":[[76.36896,31.38988],[76.36902,31.39061],[76.36923,31.39293],[76.36926,31.39326],[76.36942,31.39527],[76.36944,31.39543],[76.36951,31.39622],[76.3696,31.39665],[76.36967,31.39699],[76.3699,31.39752],[76.37025,31.39807],[76.37051,31.39837],[76.37064,31.39853],[76.37108,31.39887],[76.37125,31.39898],[76.37139,31.39908],[76.37147,31.39914]]},"properties":{"id":"osm:w226996672","name":"","highway":"tertiary","bridge":false}},{"type":"Feature","geometry":{"type":"LineString","coordinates":[[76.37204,31.38975],[76.37205,31.38973],[76.37206,31.38969],[76.37204,31.38965],[76.37202,31.38963],[76.37199,31.38961],[76.37194,31.38961],[76.37191,31.38962],[76.37187,31.38965],[76.37186,31.38966],[76.37185,31.38971],[76.37186,31.38974],[76.37189,31.38977],[76.37193,31.38978],[76.37197,31.38979],[76.37201,31.38977],[76.37204,31.38975]]},"properties":{"id":"osm:w226996678","name":"","highway":"tertiary","bridge":false}},{"type":"Feature","geometry":{"type":"LineString","coordinates":[[76.37338,31.38903],[76.3734,31.38901],[76.3734,31.38896],[76.37338,31.38892],[76.37336,31.38891],[76.37333,31.38889],[76.37328,31.38889],[76.37325,31.3889],[76.37321,31.38892],[76.3732,31.38894],[76.37319,31.38899],[76.37321,31.38902],[76.37324,31.38905],[76.37327,31.38906],[76.37331,31.38906],[76.37335,31.38905],[76.37338,31.38903]]},"properties":{"id":"osm:w226996679","name":"","highway":"tertiary","bridge":false}},{"type":"Feature","geometry":{"type":"LineString","coordinates":[[76.37165,31.39923],[76.37167,31.3992],[76.37167,31.39916],[76.37165,31.39912],[76.37163,31.3991],[76.3716,31.39909],[76.37155,31.39909],[76.37152,31.3991],[76.37149,31.39912],[76.37147,31.39914],[76.37147,31.39919],[76.37148,31.39922],[76.37151,31.39924],[76.37154,31.39926],[76.37158,31.39926],[76.37162,31.39925],[76.37165,31.39923]]},"properties":{"id":"osm:w226996683","name":"","highway":"tertiary","bridge":false}},{"type":"Feature","geometry":{"type":"LineString","coordinates":[[76.37167,31.3992],[76.37186,31.3993],[76.37198,31.39934],[76.37204,31.39936],[76.37225,31.39944],[76.37283,31.39956],[76.37329,31.39959],[76.3741,31.39962],[76.3742,31.39962],[76.37453,31.3996],[76.37491,31.3995],[76.37505,31.39944],[76.37618,31.39896],[76.37782,31.3981],[76.37794,31.39803],[76.37846,31.39774],[76.3788,31.39749],[76.37916,31.39709],[76.37953,31.39655],[76.37974,31.39608],[76.37976,31.39596],[76.37981,31.39573],[76.37983,31.3953],[76.37983,31.395],[76.37988,31.39482],[76.37988,31.39467]]},"properties":{"id":"osm:w226996730","name":"","highway":"tertiary","bridge":false}},{"type":"Feature","geometry":{"type":"LineString","coordinates":[[76.37331,31.38906],[76.3734,31.38923],[76.37341,31.38926],[76.37343,31.38929],[76.37379,31.3898],[76.37433,31.39057],[76.3749,31.39138],[76.37526,31.39188],[76.3755,31.39224],[76.3761,31.3931],[76.37653,31.39371],[76.37671,31.39397],[76.37708,31.39442],[76.37717,31.39447],[76.37734,31.39456],[76.37768,31.39475],[76.37777,31.39478],[76.37799,31.39485],[76.3784,31.39493],[76.37851,31.39493],[76.37875,31.39494],[76.37917,31.39491],[76.37926,31.3949],[76.37933,31.39489],[76.37946,31.3949]]},"properties":{"id":"osm:w226996732","name":"","highway":"tertiary","bridge":false}},{"type":"Feature","geometry":{"type":"LineString","coordinates":[[76.37197,31.38979],[76.37198,31.38999],[76.37205,31.39069],[76.37221,31.39223],[76.37227,31.39272],[76.37229,31.39296],[76.37237,31.39361],[76.37241,31.39398],[76.37248,31.39463],[76.37254,31.39518],[76.37256,31.39537],[76.3726,31.39567],[76.37269,31.39586],[76.37279,31.39605],[76.37291,31.39623],[76.3732,31.39648],[76.3733,31.39658],[76.37353,31.39674],[76.37366,31.3968],[76.37396,31.39694],[76.37433,31.39702],[76.37466,31.39706],[76.37509,31.39706],[76.37539,31.39701],[76.37561,31.39694],[76.37577,31.39688],[76.37665,31.39641],[76.37681,31.39633],[76.37883,31.39523],[76.37946,31.3949],[76.37988,31.39467]]},"properties":{"id":"osm:w226996735","name":"","highway":"tertiary","bridge":false}},{"type":"Feature","geometry":{"type":"LineString","coordinates":[[76.37185,31.38971],[76.37046,31.38979],[76.37036,31.3898],[76.37013,31.38981],[76.36979,31.38983],[76.36896,31.38988],[76.36848,31.38994],[76.36836,31.38992],[76.36831,31.38988],[76.36828,31.38981],[76.36828,31.38971],[76.36804,31.38719],[76.3679,31.38541],[76.3677,31.38349],[76.3677,31.38328],[76.36773,31.38311],[76.36777,31.38295],[76.36783,31.38292],[76.36839,31.38279],[76.36863,31.38265],[76.3688,31.38257],[76.36896,31.38254],[76.36917,31.38258],[76.36983,31.38255],[76.37008,31.38253],[76.37091,31.38242],[76.37265,31.3822]]},"properties":{"id":"osm:w226996737","name":"","highway":"tertiary","bridge":false}},{"type":"Feature","geometry":{"type":"LineString","coordinates":[[76.46,31.40234],[76.45979,31.40247],[76.45933,31.40276],[76.45905,31.40294],[76.45884,31.40308],[76.45867,31.40313],[76.45844,31.40312],[76.45826,31.40319],[76.45819,31.4033],[76.45817,31.40352],[76.45808,31.40386],[76.45807,31.404],[76.45805,31.40433],[76.45794,31.40448],[76.45785,31.40458],[76.45774,31.40473],[76.45732,31.40522],[76.457,31.40549],[76.45676,31.40575],[76.45664,31.40593],[76.45644,31.40602],[76.45622,31.406],[76.45604,31.40605],[76.45525,31.4066],[76.45512,31.40661],[76.45487,31.40658],[76.45468,31.4066],[76.45435,31.40668],[76.45422,31.40665],[76.45402,31.40658],[76.45377,31.40659],[76.45352,31.40663],[76.45285,31.40636],[76.45271,31.40618],[76.45261,31.4061],[76.45252,31.4061],[76.45246,31.40613],[76.45233,31.40628],[76.45209,31.40652],[76.45142,31.4069],[76.45111,31.40704],[76.45049,31.40708],[76.45015,31.40716],[76.4497,31.40733],[76.44915,31.40746],[76.44885,31.4076],[76.44839,31.40791],[76.44813,31.40818],[76.44798,31.40826],[76.44781,31.40824],[76.44758,31.40809],[76.44748,31.40799],[76.4475,31.40767],[76.44746,31.40749],[76.4473,31.40723],[76.44719,31.40713],[76.44691,31.40715],[76.44674,31.40719],[76.44664,31.4073],[76.44656,31.40762],[76.44643,31.40804],[76.44644,31.4083],[76.44652,31.40864],[76.44648,31.40882],[76.44617,31.40946],[76.4461,31.4098],[76.44602,31.40999],[76.44587,31.41013],[76.4453,31.41037],[76.44487,31.41049],[76.44461,31.41049],[76.44431,31.41056],[76.44385,31.41067],[76.44367,31.4106],[76.44355,31.41052],[76.44351,31.41041],[76.44349,31.41018],[76.4435,31.4099],[76.44343,31.40979],[76.44325,31.40966],[76.44299,31.40949],[76.44297,31.40941],[76.44307,31.40851],[76.44294,31.4083],[76.44241,31.40805],[76.4422,31.408],[76.44202,31.408],[76.44191,31.40807],[76.44186,31.40822],[76.44184,31.40844],[76.44164,31.40875],[76.44128,31.40905],[76.44078,31.40939],[76.44041,31.40968],[76.44016,31.40976],[76.4398,31.40977],[76.43904,31.40978],[76.43814,31.40963],[76.43779,31.4097],[76.43747,31.40979],[76.43727,31.40976],[76.43701,31.40963],[76.43675,31.40955],[76.43642,31.40953],[76.43606,31.40962],[76.43568,31.40957]]},"properties":{"id":"osm:w226996739","name":"","highway":"tertiary","bridge":false}},{"type":"Feature","geometry":{"type":"LineString","coordinates":[[76.38155,31.39334],[76.38129,31.39343],[76.38092,31.3935]]},"properties":{"id":"osm:w226996742","name":"","highway":"tertiary","bridge":false}},{"type":"Feature","geometry":{"type":"LineString","coordinates":[[76.37204,31.38965],[76.37216,31.38958],[76.37299,31.38913],[76.37321,31.38902]]},"properties":{"id":"osm:w226996746","name":"","highway":"tertiary","bridge":false}},{"type":"Feature","geometry":{"type":"LineString","coordinates":[[76.37328,31.38889],[76.37325,31.38829],[76.37317,31.38748],[76.37307,31.38649],[76.37297,31.38551],[76.3729,31.38489],[76.37289,31.38477],[76.37288,31.38467],[76.3728,31.3838],[76.37278,31.38359],[76.37278,31.38351],[76.37276,31.38337],[76.37274,31.38315],[76.37272,31.38294],[76.3727,31.38273],[76.37267,31.38239],[76.37266,31.3823],[76.37265,31.3822]]},"properties":{"id":"osm:w226996778","name":"","highway":"tertiary","bridge":false}},{"type":"Feature","geometry":{"type":"LineString","coordinates":[[76.37708,31.39442],[76.37703,31.39452],[76.37707,31.39467],[76.3771,31.39513],[76.37705,31.39558],[76.37688,31.396],[76.37665,31.39633],[76.37665,31.39641]]},"properties":{"id":"osm:w226996784","name":"","highway":"tertiary","bridge":false}},{"type":"Feature","geometry":{"type":"LineString","coordinates":[[76.37988,31.39467],[76.38038,31.39429],[76.38044,31.39423],[76.38066,31.394],[76.38075,31.39386],[76.3808,31.39377],[76.38092,31.3935],[76.38096,31.39323],[76.38097,31.39284],[76.38103,31.39268]]},"properties":{"id":"osm:w226996797","name":"","highway":"tertiary","bridge":false}},{"type":"Feature","geometry":{"type":"LineString","coordinates":[[76.37338,31.38892],[76.37386,31.38868],[76.37439,31.38841],[76.37453,31.38834],[76.37476,31.38822],[76.3752,31.388],[76.37545,31.38787],[76.37602,31.38758],[76.37606,31.38756],[76.37689,31.38713],[76.37695,31.38711],[76.37772,31.38671],[76.37795,31.3866]]},"properties":{"id":"osm:w226996798","name":"","highway":"tertiary","bridge":false}},{"type":"Feature","geometry":{"type":"LineString","coordinates":[[76.3723,31.37946],[76.37232,31.37954],[76.37235,31.37965],[76.3724,31.37986],[76.3724,31.37995],[76.37245,31.38045],[76.37246,31.38055],[76.37247,31.38062],[76.3725,31.38106],[76.37254,31.38115]]},"properties":{"id":"osm:w227020825","name":"","highway":"tertiary","bridge":false}},{"type":"Feature","geometry":{"type":"LineString","coordinates":[[76.37254,31.38115],[76.37257,31.38106],[76.37252,31.38061],[76.37252,31.38055],[76.37251,31.38044],[76.37246,31.37995],[76.37246,31.37984],[76.37241,31.37963],[76.37237,31.37952],[76.3723,31.37946]]},"properties":{"id":"osm:w227020827","name":"","highway":"tertiary","bridge":false}},{"type":"Feature","geometry":{"type":"LineString","coordinates":[[76.37255,31.38142],[76.37264,31.38209]]},"properties":{"id":"osm:w227020832","name":"","highway":"tertiary","bridge":true}},{"type":"Feature","geometry":{"type":"LineString","coordinates":[[76.3678,31.38097],[76.36758,31.38032]]},"properties":{"id":"osm:w227020835","name":"","highway":"tertiary","bridge":true}},{"type":"Feature","geometry":{"type":"LineString","coordinates":[[76.37264,31.38209],[76.37265,31.3822]]},"properties":{"id":"osm:w227020838","name":"","highway":"tertiary","bridge":false}},{"type":"Feature","geometry":{"type":"LineString","coordinates":[[76.37174,31.3788],[76.37219,31.37932]]},"properties":{"id":"osm:w227020851","name":"","highway":"tertiary","bridge":true}},{"type":"Feature","geometry":{"type":"LineString","coordinates":[[76.36896,31.38254],[76.36892,31.38248]]},"properties":{"id":"osm:w227020858","name":"","highway":"tertiary","bridge":false}},{"type":"Feature","geometry":{"type":"LineString","coordinates":[[76.36758,31.38032],[76.36755,31.38023],[76.36752,31.38015]]},"properties":{"id":"osm:w227020867","name":"","highway":"tertiary","bridge":false}},{"type":"Feature","geometry":{"type":"LineString","coordinates":[[76.37219,31.37932],[76.37222,31.37936],[76.3723,31.37946]]},"properties":{"id":"osm:w227020871","name":"","highway":"tertiary","bridge":false}},{"type":"Feature","geometry":{"type":"LineString","coordinates":[[76.37254,31.38115],[76.37253,31.38129],[76.37255,31.38142]]},"properties":{"id":"osm:w227020872","name":"","highway":"tertiary","bridge":false}},{"type":"Feature","geometry":{"type":"LineString","coordinates":[[76.36892,31.38248],[76.36891,31.38245],[76.36885,31.382],[76.36884,31.38194]]},"properties":{"id":"osm:w227020885","name":"","highway":"tertiary","bridge":true}},{"type":"Feature","geometry":{"type":"LineString","coordinates":[[76.37156,31.37752],[76.37136,31.37779],[76.37132,31.37795],[76.37132,31.37813],[76.37141,31.37837],[76.37169,31.37874],[76.37174,31.3788]]},"properties":{"id":"osm:w227020898","name":"","highway":"tertiary","bridge":false}},{"type":"Feature","geometry":{"type":"LineString","coordinates":[[76.3688,31.38177],[76.36832,31.38175],[76.3681,31.38172],[76.36803,31.38168],[76.36788,31.38121],[76.36786,31.38114],[76.3678,31.38097]]},"properties":{"id":"osm:w227020901","name":"","highway":"tertiary","bridge":false}},{"type":"Feature","geometry":{"type":"LineString","coordinates":[[76.36884,31.38194],[76.36882,31.38187],[76.3688,31.38177],[76.36889,31.3817],[76.36935,31.38165],[76.36994,31.3816],[76.37029,31.38156],[76.37253,31.38129]]},"properties":{"id":"osm:w227020905","name":"","highway":"tertiary","bridge":false}},{"type":"Feature","geometry":{"type":"LineString","coordinates":[[76.43568,31.40957],[76.43534,31.40917],[76.43457,31.40887],[76.43444,31.40877],[76.43439,31.40859],[76.4344,31.40846],[76.4346,31.40811],[76.4353,31.40705],[76.43569,31.40637],[76.43574,31.40622],[76.43573,31.40613],[76.43564,31.40604],[76.43545,31.40601],[76.43527,31.40605],[76.43503,31.40619],[76.43422,31.40699],[76.43385,31.40718],[76.43358,31.40723],[76.43325,31.40731],[76.43298,31.40744],[76.43241,31.40789],[76.432,31.40787],[76.43184,31.40784],[76.43176,31.40773],[76.43179,31.40743],[76.4319,31.40715],[76.43186,31.40707],[76.4317,31.40692],[76.43151,31.40675],[76.43137,31.40672],[76.43116,31.40689],[76.43079,31.40721],[76.43002,31.40752],[76.42964,31.40761],[76.42942,31.40756],[76.42895,31.4076],[76.42889,31.40756],[76.42888,31.40747],[76.42898,31.40717],[76.42899,31.40704],[76.42887,31.40696],[76.42886,31.40684],[76.42888,31.40669],[76.42893,31.40645],[76.42917,31.40606],[76.42961,31.40541],[76.42972,31.40522],[76.42974,31.40494],[76.42979,31.40474],[76.42991,31.4046],[76.43002,31.40453],[76.43033,31.40449],[76.43086,31.40421],[76.43139,31.40382],[76.43157,31.40362],[76.43189,31.4034],[76.4321,31.40316],[76.43229,31.4028],[76.43231,31.40259],[76.43231,31.40242],[76.43225,31.4023],[76.43206,31.40223],[76.43192,31.40227],[76.43169,31.40245],[76.43153,31.40263],[76.43119,31.40288],[76.43086,31.40323],[76.4305,31.40347],[76.43019,31.40356],[76.42952,31.40362],[76.4293,31.40369],[76.42895,31.40384],[76.42863,31.4041],[76.42844,31.4043],[76.42841,31.40447],[76.42832,31.40462],[76.42792,31.40497],[76.42766,31.40523],[76.42736,31.40539],[76.42717,31.4055],[76.42707,31.40573],[76.42694,31.40587],[76.42639,31.40667],[76.42624,31.40689],[76.42608,31.40697],[76.42579,31.40701],[76.42561,31.40696],[76.42503,31.40669],[76.42484,31.40668],[76.42451,31.40672],[76.4241,31.40685],[76.42362,31.40693],[76.42336,31.40704],[76.42282,31.40733],[76.42269,31.4075],[76.42218,31.40773],[76.42179,31.40784],[76.42161,31.40795],[76.42142,31.40811],[76.42105,31.40842],[76.42071,31.40864],[76.42038,31.40885],[76.42026,31.40888],[76.42004,31.40881],[76.41992,31.40878],[76.41979,31.40883],[76.41967,31.40898],[76.41958,31.40912],[76.4195,31.40933],[76.41938,31.4095],[76.41897,31.40979],[76.41821,31.41047],[76.41792,31.41059],[76.41743,31.41102],[76.41641,31.41195],[76.4159,31.41248]]},"properties":{"id":"osm:w227028511","name":"","highway":"tertiary","bridge":false}},{"type":"Feature","geometry":{"type":"LineString","coordinates":[[76.41473,31.41388],[76.41447,31.41401],[76.41432,31.41412],[76.41413,31.41433],[76.41363,31.41475],[76.41308,31.41518],[76.41296,31.41521],[76.41284,31.41518],[76.41275,31.41513],[76.41272,31.41507],[76.41267,31.41494],[76.41357,31.41428],[76.41375,31.41421],[76.41382,31.4142],[76.41396,31.41417],[76.41418,31.41417]]},"properties":{"id":"osm:w227028519","name":"","highway":"tertiary","bridge":false}},{"type":"Feature","geometry":{"type":"LineString","coordinates":[[76.41418,31.41417],[76.41437,31.4142]]},"properties":{"id":"osm:w227028534","name":"","highway":"tertiary","bridge":true}},{"type":"Feature","geometry":{"type":"LineString","coordinates":[[76.41437,31.4142],[76.41467,31.41428]]},"properties":{"id":"osm:w227028548","name":"","highway":"tertiary","bridge":false}},{"type":"Feature","geometry":{"type":"LineString","coordinates":[[76.43129,31.41285],[76.43156,31.41279],[76.43188,31.41285],[76.43212,31.41282],[76.43225,31.41284],[76.43246,31.41295],[76.43256,31.41313],[76.43272,31.41354],[76.43294,31.41378],[76.43326,31.41415],[76.43348,31.41425],[76.43373,31.41424],[76.43386,31.41433],[76.43412,31.41459],[76.43421,31.41478],[76.43434,31.41518],[76.43445,31.41534],[76.43462,31.41547],[76.43501,31.41573],[76.43508,31.41581],[76.43515,31.416]]},"properties":{"id":"osm:w227028559","name":"","highway":"tertiary","bridge":false}},{"type":"Feature","geometry":{"type":"LineString","coordinates":[[76.4159,31.41248],[76.41577,31.41242],[76.41567,31.4124],[76.41552,31.41245],[76.41541,31.41259],[76.41532,31.41278],[76.41518,31.4129],[76.41496,31.41294],[76.41461,31.41313],[76.41439,31.41331],[76.41417,31.41354],[76.41403,31.41359],[76.41391,31.41356],[76.41373,31.41337],[76.41359,31.41322],[76.41338,31.4132],[76.41318,31.41334],[76.41309,31.41346],[76.41308,31.41366],[76.41304,31.41388],[76.41297,31.41406],[76.41283,31.41417],[76.41267,31.41426],[76.41252,31.41427],[76.41233,31.41427],[76.41224,31.41428],[76.4121,31.41437],[76.41198,31.41449],[76.41181,31.41453],[76.41161,31.41449],[76.41142,31.41453],[76.41103,31.41457],[76.4109,31.41461],[76.41082,31.41479],[76.41073,31.41497],[76.41027,31.41535],[76.41015,31.41537],[76.41003,31.41536],[76.40997,31.41529],[76.40995,31.41519],[76.40997,31.41511],[76.4101,31.41503],[76.41024,31.41503],[76.41041,31.41498],[76.41053,31.41484],[76.41067,31.41442],[76.41073,31.41423],[76.41071,31.41412],[76.41064,31.41406],[76.4105,31.41403],[76.41037,31.41408],[76.41026,31.41416],[76.41017,31.41431],[76.41005,31.41459],[76.40992,31.41474],[76.40976,31.41481],[76.40946,31.41485],[76.40931,31.41491],[76.40916,31.4152],[76.40911,31.41528],[76.40902,31.41535],[76.40889,31.41536],[76.40848,31.41525],[76.40834,31.41523],[76.40787,31.4153],[76.40766,31.41528],[76.40755,31.41516],[76.40753,31.41497],[76.40754,31.41476],[76.40766,31.41448],[76.40792,31.41413],[76.40811,31.41363],[76.40832,31.41287],[76.40858,31.41238],[76.40928,31.41144],[76.40983,31.41076],[76.40997,31.41051],[76.41,31.41034],[76.40985,31.40998],[76.40983,31.40965],[76.40986,31.40912],[76.40987,31.40893],[76.40986,31.40882],[76.40985,31.40881],[76.40977,31.4087],[76.40962,31.40852],[76.40904,31.40812],[76.40893,31.40799],[76.40878,31.40758],[76.40844,31.40679],[76.40824,31.40652],[76.40801,31.40633],[76.40742,31.40601],[76.40717,31.40597],[76.40688,31.40596],[76.40667,31.40588],[76.40652,31.40572],[76.4065,31.40553],[76.40657,31.40535],[76.40662,31.40521],[76.40644,31.40463],[76.40619,31.40397],[76.40608,31.40387],[76.40571,31.40383],[76.40535,31.40381],[76.40517,31.40389],[76.40508,31.40402],[76.40508,31.40415],[76.40519,31.40426],[76.40541,31.40431],[76.40553,31.40432],[76.40568,31.40439],[76.40568,31.40455],[76.40565,31.40469],[76.40571,31.40483],[76.40586,31.40497],[76.40595,31.4051],[76.40595,31.40527],[76.4059,31.40542],[76.40577,31.40562],[76.40574,31.40576],[76.4058,31.40591],[76.40611,31.40627],[76.40618,31.40638],[76.40621,31.40646],[76.40615,31.40656],[76.40604,31.40661],[76.40587,31.40658],[76.40579,31.40649],[76.40575,31.40633],[76.40571,31.40624],[76.40539,31.40609],[76.40528,31.40602],[76.40525,31.40594],[76.40527,31.40579],[76.40527,31.40557],[76.40521,31.40542],[76.405,31.40525],[76.40457,31.4049],[76.40416,31.40442],[76.40405,31.40434],[76.40386,31.40434],[76.40367,31.40441],[76.40323,31.40437],[76.40269,31.40438],[76.40241,31.40438],[76.40228,31.40433],[76.40191,31.40413],[76.40178,31.40416],[76.40171,31.40419],[76.40156,31.40429],[76.4014,31.40435],[76.40121,31.40434],[76.40101,31.40424],[76.40073,31.40406],[76.40048,31.40387],[76.40001,31.40367],[76.39982,31.40354],[76.3997,31.40339],[76.39955,31.40308],[76.39933,31.40287],[76.399,31.40254],[76.39868,31.40205],[76.39803,31.40108],[76.39796,31.40098],[76.39739,31.40006],[76.39702,31.39949],[76.39651,31.3987],[76.39614,31.39811],[76.39601,31.3979],[76.39536,31.39691],[76.3953,31.39683],[76.39502,31.3964],[76.39462,31.39573],[76.39446,31.39554],[76.39433,31.39539],[76.39402,31.39519],[76.39382,31.39511],[76.39357,31.39502],[76.39317,31.39491],[76.39274,31.39484],[76.39161,31.39475],[76.39121,31.39471],[76.39064,31.39466],[76.38928,31.39453],[76.3892,31.39453],[76.38888,31.3945],[76.3885,31.39446],[76.38845,31.39445],[76.38735,31.39436],[76.38694,31.39432],[76.38663,31.3943],[76.38506,31.39416],[76.38437,31.3941],[76.38369,31.39404],[76.38345,31.39401],[76.38282,31.39395],[76.38255,31.39388],[76.3825,31.39387],[76.38215,31.39374],[76.3818,31.39355],[76.38155,31.39334],[76.38143,31.39324],[76.38118,31.39298],[76.38103,31.39268],[76.38097,31.39258],[76.38048,31.39163],[76.38035,31.39136],[76.37854,31.38778],[76.37837,31.38743],[76.3783,31.38729],[76.37823,31.38716],[76.37795,31.3866],[76.37749,31.3857],[76.37717,31.38505],[76.37693,31.38457],[76.37648,31.38366],[76.37627,31.38324],[76.37601,31.38283],[76.37575,31.38254],[76.37574,31.38252],[76.3754,31.38228],[76.37501,31.38219],[76.37475,31.38218],[76.3744,31.38222],[76.37387,31.38228],[76.37267,31.38239]]},"properties":{"id":"osm:w227028560","name":"","highway":"tertiary","bridge":false}},{"type":"Feature","geometry":{"type":"LineString","coordinates":[[76.42971,31.41307],[76.43019,31.41312],[76.43075,31.41302],[76.43129,31.41285]]},"properties":{"id":"osm:w227028594","name":"","highway":"tertiary","bridge":false}},{"type":"Feature","geometry":{"type":"LineString","coordinates":[[76.43515,31.416],[76.43506,31.41651],[76.43509,31.41677],[76.43532,31.41781],[76.43539,31.41803],[76.4355,31.41819],[76.43564,31.41829],[76.43588,31.4184],[76.43605,31.41849],[76.4362,31.41859],[76.43631,31.41883],[76.43662,31.41976],[76.43675,31.42016],[76.4369,31.42046],[76.43715,31.42088],[76.4374,31.42128],[76.43759,31.42165],[76.4376,31.42178],[76.43758,31.422],[76.43762,31.42218],[76.43761,31.42232],[76.43756,31.42241],[76.43733,31.42273],[76.43725,31.4229],[76.43724,31.42304],[76.43726,31.42313],[76.43729,31.42317],[76.4374,31.42318],[76.43757,31.42317],[76.43768,31.42322],[76.438,31.42357],[76.43814,31.42377],[76.43832,31.42394],[76.43838,31.42412],[76.43837,31.42419],[76.43834,31.4244],[76.43817,31.42477],[76.43805,31.42494],[76.43803,31.42505],[76.43818,31.42572],[76.43821,31.42602],[76.43819,31.42623],[76.4381,31.42636],[76.43783,31.42651],[76.43756,31.42669],[76.43754,31.42676],[76.43756,31.42687],[76.43765,31.42697],[76.43804,31.42726],[76.43809,31.42737],[76.4381,31.42754],[76.43817,31.42762],[76.43828,31.42767],[76.43843,31.42775],[76.43847,31.42785],[76.43846,31.42794],[76.43836,31.42807],[76.43827,31.4282],[76.43827,31.42837],[76.43831,31.4285],[76.4384,31.42854],[76.4385,31.42852],[76.4387,31.42847],[76.43887,31.4285],[76.43957,31.42867],[76.4398,31.42869],[76.43991,31.42874],[76.44002,31.42884],[76.44009,31.429],[76.44008,31.42919],[76.44004,31.4293],[76.4398,31.42949],[76.43965,31.42967],[76.43962,31.42978],[76.43965,31.4299],[76.43993,31.43037],[76.44026,31.43068],[76.4403,31.43076],[76.44027,31.43088],[76.44016,31.43109],[76.44007,31.43138],[76.43994,31.43155],[76.43977,31.43168],[76.43934,31.4318],[76.43909,31.43183],[76.43895,31.43187],[76.43883,31.43196],[76.43878,31.43206],[76.4387,31.43221],[76.43857,31.43225],[76.43848,31.4322],[76.43823,31.43202],[76.43788,31.43174],[76.43757,31.43165],[76.43744,31.43165],[76.43711,31.43174],[76.43689,31.43175],[76.43678,31.43183],[76.43638,31.4322],[76.43623,31.4323],[76.43604,31.43232],[76.43522,31.43232],[76.43507,31.43225],[76.43492,31.4321],[76.43476,31.43203],[76.43465,31.43204],[76.43456,31.43211],[76.43448,31.43228],[76.43438,31.43238],[76.43402,31.43262],[76.43347,31.43292],[76.43326,31.43294],[76.43294,31.43292],[76.4328,31.43296],[76.4327,31.43305],[76.43241,31.43339],[76.43201,31.43362],[76.43188,31.43362],[76.43157,31.43345],[76.43132,31.43342],[76.43103,31.43336],[76.43089,31.4334],[76.43083,31.43349],[76.43081,31.4336],[76.43084,31.43372],[76.43118,31.43421],[76.43117,31.43433],[76.431,31.43495],[76.43089,31.43507],[76.43066,31.43523],[76.43023,31.43551],[76.42993,31.43558],[76.42978,31.43564],[76.42929,31.43592],[76.42887,31.43607],[76.42873,31.43616],[76.42847,31.43621],[76.42836,31.43627],[76.42833,31.43635],[76.42835,31.43645],[76.42851,31.43661],[76.42883,31.43684],[76.42896,31.437],[76.42908,31.43705],[76.42945,31.43709],[76.42985,31.43723],[76.43011,31.43728],[76.43082,31.43737],[76.43112,31.43734],[76.4313,31.43737],[76.43155,31.43745],[76.4318,31.43743],[76.43218,31.43734],[76.43238,31.43728],[76.43253,31.43731],[76.43261,31.43739],[76.43291,31.43785],[76.43292,31.43797],[76.43279,31.43819],[76.43257,31.4384],[76.4323,31.4386],[76.43206,31.43881],[76.43193,31.439],[76.43159,31.43961],[76.43144,31.43971],[76.43086,31.44007],[76.43055,31.44024],[76.43048,31.44035],[76.43049,31.44048],[76.43053,31.44054],[76.43064,31.44058],[76.43083,31.44057],[76.43124,31.44057],[76.4314,31.44061],[76.43158,31.44073],[76.43185,31.44104],[76.43209,31.44131],[76.43213,31.44147],[76.4321,31.44167],[76.43204,31.44174],[76.43186,31.44191],[76.43183,31.44202],[76.43184,31.44224],[76.43193,31.44248],[76.43206,31.44259],[76.43229,31.44269],[76.43239,31.44277],[76.43252,31.44316],[76.43251,31.44329],[76.43246,31.4434],[76.43208,31.44386],[76.4315,31.44452],[76.43141,31.44469],[76.43118,31.44525],[76.43113,31.44562],[76.43108,31.44571],[76.43095,31.4458],[76.43064,31.44585],[76.43054,31.44597],[76.43053,31.44607],[76.43064,31.44632],[76.43064,31.44643],[76.43058,31.44658],[76.43028,31.44702],[76.43013,31.44714],[76.43,31.44719],[76.42981,31.44718],[76.42954,31.44715],[76.42912,31.44722],[76.42871,31.44723],[76.42844,31.44726],[76.4282,31.44735],[76.42803,31.44745],[76.42792,31.44746],[76.42781,31.44742],[76.4276,31.44739],[76.42738,31.44737],[76.42721,31.44732],[76.42702,31.44724],[76.42685,31.44725],[76.42648,31.44736],[76.42615,31.4475],[76.42607,31.44762],[76.42609,31.44773],[76.42628,31.44817],[76.42635,31.4484],[76.42658,31.44878],[76.42661,31.44893],[76.42657,31.44903],[76.42647,31.44919],[76.42646,31.44927],[76.42652,31.44935],[76.42685,31.44959],[76.42717,31.44983],[76.42786,31.4504],[76.42796,31.45043],[76.42822,31.45034],[76.42833,31.45031],[76.42845,31.45033],[76.42852,31.45039],[76.42863,31.4508],[76.42873,31.45128],[76.4287,31.45146],[76.4285,31.45199],[76.42836,31.45223],[76.4283,31.45241],[76.42829,31.4525],[76.42836,31.45269],[76.42867,31.45297],[76.42874,31.45311],[76.42874,31.45324],[76.42862,31.4536],[76.42839,31.45413],[76.42829,31.45431],[76.42817,31.4544],[76.42775,31.4546],[76.42734,31.45488],[76.42723,31.45504],[76.42721,31.45517],[76.42723,31.4553],[76.42734,31.45547],[76.42735,31.45557],[76.42731,31.45571],[76.42723,31.45585],[76.42716,31.45614],[76.42717,31.45634],[76.42719,31.45652],[76.42717,31.45659],[76.42711,31.45665],[76.42679,31.45688],[76.4266,31.45695],[76.42653,31.45704],[76.42654,31.45716],[76.42679,31.45751],[76.42681,31.45762],[76.42678,31.45773],[76.42661,31.45783],[76.42628,31.45797],[76.42601,31.45793],[76.42593,31.45795],[76.42581,31.45801],[76.42557,31.45826],[76.42544,31.45829],[76.42513,31.4583],[76.42509,31.45831],[76.42483,31.45847],[76.42421,31.45863],[76.42399,31.45871],[76.42387,31.45869],[76.4238,31.45862],[76.42367,31.45849],[76.42354,31.45846],[76.42343,31.45849],[76.42325,31.45865],[76.4231,31.45865],[76.42291,31.45864],[76.42276,31.45869],[76.4226,31.45879],[76.4225,31.45889],[76.42226,31.45957],[76.42209,31.46043],[76.42195,31.46085],[76.42193,31.46102],[76.42195,31.46117],[76.42201,31.46137],[76.42201,31.46159],[76.42204,31.4617],[76.42213,31.46183],[76.42227,31.46191],[76.42248,31.46198],[76.42263,31.46206],[76.42313,31.46251],[76.42318,31.46264],[76.42318,31.46279],[76.4231,31.46297],[76.42301,31.46316],[76.42287,31.46329],[76.42215,31.46388],[76.42191,31.46403],[76.42176,31.46414],[76.42169,31.46425],[76.42161,31.46447],[76.42148,31.46462],[76.42129,31.46478],[76.4211,31.46483],[76.42082,31.46489],[76.4207,31.46497],[76.42047,31.46516],[76.42029,31.46526],[76.41952,31.46555],[76.4193,31.46561],[76.41914,31.46563],[76.41893,31.4657],[76.41876,31.46577],[76.41863,31.46573],[76.41848,31.46572],[76.41832,31.46577],[76.41807,31.46592],[76.41786,31.46598],[76.41768,31.46596],[76.41731,31.46589],[76.41704,31.46576],[76.4168,31.46568],[76.41666,31.46564],[76.41656,31.46564],[76.41642,31.46572],[76.41637,31.46581],[76.41637,31.46591],[76.41641,31.46611],[76.41702,31.46693],[76.4174,31.46724],[76.41763,31.4674],[76.41784,31.46753],[76.41794,31.46769],[76.41817,31.46821],[76.4183,31.46847],[76.41835,31.4687],[76.41853,31.4689],[76.41869,31.46908],[76.41899,31.46959],[76.41901,31.46971],[76.41888,31.47026],[76.41863,31.47086],[76.41851,31.47114],[76.4185,31.47129],[76.41857,31.47156],[76.41864,31.47203],[76.4186,31.47227],[76.41855,31.47245],[76.41844,31.47257],[76.41823,31.47258],[76.4181,31.47264],[76.41808,31.47269],[76.41799,31.47311],[76.41779,31.47368],[76.4176,31.4739],[76.41735,31.47422],[76.4169,31.47455],[76.41657,31.47485],[76.4164,31.4749],[76.41613,31.47495],[76.41594,31.47504],[76.41566,31.47512],[76.41533,31.4751],[76.41505,31.47508],[76.41474,31.47501],[76.41436,31.47493],[76.41416,31.47493],[76.41372,31.47494],[76.41338,31.47491],[76.41319,31.47484],[76.41303,31.47474],[76.41279,31.47451],[76.41244,31.4743],[76.4122,31.47425],[76.41186,31.47422],[76.41163,31.47419],[76.41153,31.47412],[76.41148,31.47404],[76.41135,31.47355],[76.41126,31.47345],[76.41113,31.47341],[76.41075,31.47339],[76.4104,31.47334],[76.4097,31.47331],[76.40957,31.47328],[76.40953,31.47324],[76.40954,31.47315],[76.40965,31.47299],[76.40987,31.4726],[76.40991,31.47244],[76.40993,31.47234],[76.41015,31.47203],[76.41018,31.47186],[76.41015,31.4717],[76.41007,31.47158],[76.40984,31.47145],[76.40967,31.47142],[76.40957,31.47144],[76.40868,31.47175],[76.40805,31.47194],[76.40773,31.47202],[76.40751,31.47196],[76.40741,31.47189],[76.40685,31.47156],[76.40668,31.47152],[76.40638,31.47152],[76.40613,31.47157],[76.40589,31.47164],[76.40579,31.47178],[76.4056,31.4721],[76.40551,31.47256],[76.40539,31.47279],[76.40514,31.47297],[76.40476,31.47325],[76.40467,31.47338],[76.40465,31.47391],[76.40459,31.47414],[76.40442,31.47451],[76.40435,31.47483],[76.40416,31.47563],[76.40416,31.47585],[76.40419,31.47634],[76.40426,31.47645],[76.40436,31.47652],[76.40458,31.47657],[76.40474,31.47657],[76.40487,31.47652],[76.40503,31.47638],[76.40559,31.47592],[76.40608,31.47553],[76.40626,31.47546],[76.40638,31.47553],[76.40642,31.47565],[76.4065,31.47591],[76.4066,31.47599],[76.40707,31.47618],[76.40729,31.47632],[76.40741,31.47637],[76.40753,31.47635],[76.40765,31.47627],[76.40792,31.47609],[76.40809,31.47604],[76.40833,31.47604],[76.40847,31.47601],[76.40859,31.47597],[76.40928,31.47605],[76.40937,31.4761],[76.40939,31.4762],[76.40938,31.47641],[76.40954,31.47724],[76.40957,31.47748],[76.40952,31.47759],[76.4094,31.47769],[76.40908,31.47786],[76.40891,31.47803],[76.40876,31.47829],[76.40865,31.47851],[76.40857,31.47877],[76.40832,31.47919],[76.40823,31.47939],[76.40812,31.4795],[76.40775,31.47985],[76.40752,31.48003],[76.40736,31.48011],[76.40681,31.48028],[76.40666,31.48036],[76.40647,31.48048],[76.40626,31.48073],[76.40591,31.48118],[76.40567,31.48155],[76.40548,31.48171],[76.40527,31.48187],[76.40504,31.4823],[76.40466,31.48272],[76.40447,31.48275],[76.40409,31.48274],[76.40387,31.48278],[76.4037,31.4829],[76.40347,31.48316],[76.40341,31.4834],[76.40334,31.48368],[76.40319,31.48393]]},"properties":{"id":"osm:w227028609","name":"","highway":"tertiary","bridge":false}},{"type":"Feature","geometry":{"type":"LineString","coordinates":[[76.41467,31.41428],[76.41579,31.41461],[76.41598,31.41463],[76.4162,31.41464],[76.41634,31.41463]]},"properties":{"id":"osm:w227028614","name":"","highway":"tertiary","bridge":true}},{"type":"Feature","geometry":{"type":"LineString","coordinates":[[76.4159,31.41248],[76.4155,31.41298],[76.41528,31.41315],[76.4148,31.41345],[76.4147,31.41354],[76.41469,31.41358],[76.41473,31.41388]]},"properties":{"id":"osm:w227028626","name":"","highway":"tertiary","bridge":false}},{"type":"Feature","geometry":{"type":"LineString","coordinates":[[76.41634,31.41463],[76.41669,31.41454],[76.41694,31.41444],[76.41715,31.41427],[76.41768,31.41377],[76.41827,31.41329],[76.41934,31.41252],[76.42072,31.41162],[76.42109,31.41135],[76.42151,31.411],[76.4219,31.41063],[76.42214,31.41049],[76.4225,31.41039],[76.42288,31.41029],[76.42426,31.40989],[76.4253,31.40962],[76.42555,31.40959],[76.42599,31.40965],[76.42641,31.40972],[76.42651,31.40977],[76.42651,31.40988],[76.42648,31.40993],[76.42647,31.40997],[76.42626,31.41015],[76.42592,31.41032],[76.42446,31.41083],[76.42389,31.411],[76.42304,31.41139],[76.42276,31.41146],[76.42242,31.41144],[76.42216,31.41142],[76.42195,31.41148],[76.42174,31.41158],[76.42155,31.4117],[76.42122,31.41201],[76.42096,31.41223],[76.42087,31.41235],[76.42087,31.41247],[76.42093,31.41251],[76.42106,31.41252],[76.42127,31.41244],[76.42166,31.4123],[76.42291,31.41194],[76.42327,31.41194],[76.42377,31.41205],[76.42398,31.41206],[76.42418,31.41199],[76.42462,31.4117],[76.4249,31.41158],[76.42583,31.41128],[76.42616,31.41125],[76.42645,31.41109],[76.42661,31.41101],[76.42679,31.41099],[76.42694,31.41103],[76.42699,31.4111],[76.42701,31.4112],[76.42685,31.41167],[76.42669,31.41225],[76.42671,31.41244],[76.42682,31.41256],[76.42697,31.41262],[76.42713,31.41258],[76.42764,31.41231],[76.42822,31.41194],[76.42856,31.41157],[76.42872,31.41146],[76.42886,31.41147],[76.42902,31.41155],[76.4291,31.41163],[76.42913,31.41189],[76.42917,31.41264],[76.42929,31.41282],[76.42951,31.413],[76.42971,31.41307]]},"properties":{"id":"osm:w227028631","name":"","highway":"tertiary","bridge":false}},{"type":"Feature","geometry":{"type":"LineString","coordinates":[[76.41661,31.4021],[76.41703,31.40188],[76.41718,31.40176],[76.41744,31.40157],[76.41766,31.4014],[76.41773,31.40128],[76.41786,31.40103],[76.418,31.40087],[76.41813,31.40077],[76.41831,31.40068],[76.41838,31.40059],[76.41834,31.40041],[76.41837,31.40026],[76.41842,31.40003],[76.41865,31.39957],[76.41881,31.39936],[76.41899,31.39925],[76.41914,31.39911],[76.41931,31.39894],[76.41955,31.39882],[76.41957,31.39873],[76.4196,31.39856],[76.41966,31.39833],[76.4197,31.39826],[76.41982,31.39818],[76.42008,31.39812],[76.42019,31.39807],[76.42032,31.39788],[76.42056,31.39746],[76.42074,31.39722],[76.42077,31.39705],[76.42081,31.39695],[76.421,31.39674],[76.42139,31.39641],[76.42186,31.39599],[76.42192,31.39584],[76.42196,31.39564],[76.422,31.39552],[76.42213,31.3954],[76.42232,31.39516],[76.42251,31.395],[76.42272,31.39491],[76.42282,31.39485],[76.42298,31.39466],[76.42311,31.39457],[76.42326,31.39452],[76.42343,31.39456],[76.42355,31.39457],[76.42361,31.3945],[76.4236,31.39441],[76.42356,31.39428],[76.4236,31.39419],[76.4237,31.39412],[76.42402,31.39411],[76.42418,31.39406],[76.42445,31.39389],[76.42491,31.39357],[76.42524,31.39329],[76.42561,31.39301],[76.42598,31.39265],[76.42631,31.39228],[76.42645,31.3921],[76.4267,31.39192],[76.42687,31.3918],[76.42701,31.39177],[76.42729,31.39179],[76.42766,31.39179],[76.42793,31.39171],[76.42821,31.39155],[76.42837,31.39151],[76.42855,31.39156],[76.429,31.39174],[76.42913,31.39176],[76.42927,31.3917],[76.42943,31.39153],[76.42976,31.39112],[76.43029,31.3907],[76.43034,31.39061],[76.43032,31.39053],[76.43029,31.39043],[76.43033,31.39031],[76.43049,31.3901],[76.43052,31.39001],[76.43048,31.38993],[76.43037,31.38978],[76.4304,31.38974],[76.43053,31.38964],[76.43066,31.38964],[76.43081,31.38965],[76.43088,31.38959],[76.43086,31.3895],[76.43079,31.38941],[76.43082,31.38931],[76.43088,31.38924],[76.43117,31.38903],[76.43122,31.38892],[76.43118,31.38882],[76.43116,31.38873],[76.43126,31.38862],[76.43132,31.38852],[76.43133,31.3884],[76.43143,31.3883],[76.43154,31.38815],[76.43168,31.38795],[76.43174,31.38786],[76.43193,31.38784],[76.43205,31.38782],[76.43223,31.38776],[76.43239,31.38779],[76.43247,31.38788],[76.43251,31.388],[76.4326,31.38811],[76.43266,31.38817],[76.43274,31.38816],[76.43286,31.38808],[76.43301,31.38795],[76.43318,31.38782],[76.43331,31.38777],[76.43352,31.3878],[76.43369,31.38772],[76.43392,31.38759],[76.43409,31.3873],[76.43423,31.38694],[76.43435,31.38656],[76.43443,31.38643],[76.43451,31.38626],[76.43456,31.38604],[76.4347,31.38581],[76.43479,31.38566],[76.43487,31.38546],[76.43507,31.3852],[76.43524,31.38507],[76.43562,31.3848],[76.43572,31.38464],[76.43585,31.38451],[76.43599,31.3845],[76.43614,31.38458],[76.43624,31.3846],[76.43641,31.38454],[76.43655,31.38454],[76.43684,31.38452]]},"properties":{"id":"osm:w227029332","name":"","highway":"tertiary","bridge":false}},{"type":"Feature","geometry":{"type":"LineString","coordinates":[[76.40985,31.40881],[76.41005,31.40882],[76.41021,31.40878],[76.41032,31.40866],[76.41058,31.40832],[76.41077,31.40819],[76.41108,31.40803],[76.41147,31.40778],[76.41171,31.40769],[76.41187,31.40757],[76.412,31.40744],[76.41208,31.40724],[76.41227,31.40705],[76.41243,31.40698],[76.41257,31.40682],[76.41277,31.40668],[76.41284,31.40663],[76.41287,31.40649],[76.41298,31.40638],[76.41315,31.4063],[76.4132,31.40615],[76.41323,31.40598],[76.4132,31.40586],[76.41318,31.40578],[76.41319,31.40572],[76.41324,31.40568],[76.41337,31.40558],[76.41379,31.40551],[76.41412,31.40545],[76.41431,31.40531],[76.41436,31.40522],[76.41436,31.40508],[76.41438,31.40464],[76.41439,31.40435],[76.41442,31.40419],[76.41454,31.40402],[76.41484,31.40382],[76.41497,31.40361],[76.41509,31.40347],[76.4153,31.40334],[76.41543,31.40325],[76.41581,31.40291],[76.41585,31.40278],[76.41595,31.4026],[76.41607,31.40251],[76.4163,31.40248],[76.41651,31.40245],[76.41661,31.40238],[76.41662,31.40231],[76.41661,31.4021]]},"properties":{"id":"osm:w227029333","name":"","highway":"tertiary","bridge":false}},{"type":"Feature","geometry":{"type":"LineString","coordinates":[[76.3987,31.337],[76.39813,31.33764],[76.39699,31.33892],[76.3966,31.33936],[76.3953,31.34081],[76.39454,31.34168],[76.39421,31.34209],[76.39397,31.3424],[76.39318,31.34355],[76.39151,31.34599],[76.39062,31.34721],[76.39018,31.3478],[76.38884,31.34949],[76.3887,31.34968],[76.38729,31.35149],[76.38628,31.35277],[76.38575,31.35345],[76.38524,31.3541],[76.3849,31.35454],[76.38475,31.35473],[76.38314,31.35658]]},"properties":{"id":"osm:w227037133","name":"NH503","highway":"trunk","bridge":false}},{"type":"Feature","geometry":{"type":"LineString","coordinates":[[76.38314,31.35658],[76.38268,31.35732],[76.38206,31.35813],[76.38198,31.35823],[76.38196,31.35826],[76.38179,31.35851],[76.38172,31.35861],[76.38147,31.35913],[76.38126,31.35941],[76.38101,31.35964]]},"properties":{"id":"osm:w227037134","name":"NH503","highway":"trunk","bridge":false}},{"type":"Feature","geometry":{"type":"LineString","coordinates":[[76.37486,31.37513],[76.37485,31.37527],[76.37478,31.37549],[76.37467,31.37575],[76.3744,31.37624],[76.37396,31.3768],[76.37353,31.37728],[76.37316,31.37766],[76.37271,31.37805],[76.37207,31.37854],[76.37184,31.37867],[76.37169,31.37874]]},"properties":{"id":"osm:w227037136","name":"","highway":"tertiary","bridge":false}},{"type":"Feature","geometry":{"type":"LineString","coordinates":[[76.37703,31.37727],[76.37694,31.37799],[76.37685,31.37872],[76.3767,31.37979],[76.37663,31.37998],[76.37655,31.38021],[76.37643,31.3804],[76.37622,31.38061],[76.37597,31.38076],[76.37563,31.3809],[76.37549,31.38096],[76.37421,31.38112],[76.37376,31.38118],[76.37345,31.38122],[76.37253,31.38129]]},"properties":{"id":"osm:w227037138","name":"","highway":"tertiary","bridge":false}},{"type":"Feature","geometry":{"type":"LineString","coordinates":[[76.38408,31.35953],[76.38418,31.35958],[76.38436,31.35964],[76.38454,31.35965],[76.38474,31.35957],[76.38501,31.35936],[76.38577,31.35863],[76.38588,31.35858],[76.38596,31.35857],[76.38606,31.35861],[76.38786,31.35928],[76.38997,31.36005],[76.39031,31.36018]]},"properties":{"id":"osm:w227037140","name":"","highway":"tertiary","bridge":false}},{"type":"Feature","geometry":{"type":"LineString","coordinates":[[76.37811,31.37741],[76.37799,31.37778],[76.37784,31.37871],[76.37784,31.37877],[76.37769,31.3799],[76.37767,31.3801],[76.37752,31.38051],[76.37738,31.3808],[76.37736,31.38085],[76.37708,31.38113],[76.37686,31.38132],[76.37672,31.38145],[76.37661,31.38149],[76.37632,31.38162],[76.3763,31.38163],[76.37604,31.38174],[76.37584,31.38183],[76.37554,31.3819],[76.37494,31.38191],[76.37432,31.38197],[76.37265,31.3822]]},"properties":{"id":"osm:w227037144","name":"","highway":"tertiary","bridge":false}},{"type":"Feature","geometry":{"type":"LineString","coordinates":[[76.38367,31.35924],[76.38408,31.35953]]},"properties":{"id":"osm:w227037147","name":"","highway":"tertiary","bridge":true}},{"type":"Feature","geometry":{"type":"LineString","coordinates":[[76.37156,31.37752],[76.37176,31.37734]]},"properties":{"id":"osm:w227037152","name":"","highway":"tertiary","bridge":false}},{"type":"Feature","geometry":{"type":"LineString","coordinates":[[76.37158,31.37727],[76.37156,31.37752]]},"properties":{"id":"osm:w227037155","name":"","highway":"tertiary","bridge":false}},{"type":"Feature","geometry":{"type":"LineString","coordinates":[[76.38196,31.35826],[76.38218,31.3584]]},"properties":{"id":"osm:w227037162","name":"","highway":"tertiary","bridge":false}},{"type":"Feature","geometry":{"type":"LineString","coordinates":[[76.38218,31.3584],[76.38263,31.35865]]},"properties":{"id":"osm:w227037171","name":"","highway":"tertiary","bridge":true}},{"type":"Feature","geometry":{"type":"LineString","coordinates":[[76.37703,31.37727],[76.37712,31.37728]]},"properties":{"id":"osm:w227037184","name":"","highway":"tertiary","bridge":false}},{"type":"Feature","geometry":{"type":"LineString","coordinates":[[76.3877,31.38017],[76.38827,31.37927],[76.38849,31.3789],[76.38874,31.37817],[76.38875,31.37812],[76.38879,31.37794],[76.38904,31.37737],[76.38931,31.37673],[76.38933,31.37647],[76.38946,31.37577],[76.38967,31.37519],[76.38967,31.37483],[76.38979,31.37449],[76.38987,31.37427],[76.39008,31.37356],[76.39041,31.37284],[76.39056,31.37278],[76.39111,31.37232],[76.39132,31.37204],[76.39148,31.37174],[76.3917,31.37085],[76.39176,31.37067],[76.39177,31.37063],[76.3921,31.36964],[76.39226,31.36907],[76.39245,31.36883],[76.3925,31.3686],[76.39252,31.36835],[76.39257,31.36807],[76.39275,31.36767],[76.39282,31.36732],[76.39282,31.36729],[76.39289,31.367],[76.39311,31.36632],[76.39318,31.36606],[76.39335,31.36568],[76.39339,31.36561],[76.39362,31.36499],[76.39376,31.36461],[76.39381,31.36444],[76.39379,31.36419],[76.39375,31.36348],[76.39377,31.36341],[76.39382,31.36337],[76.39391,31.36331],[76.39393,31.36329],[76.3941,31.36311],[76.39411,31.36309],[76.39437,31.3627],[76.39453,31.3623],[76.39454,31.36227],[76.39461,31.36193],[76.39475,31.36171],[76.39473,31.36163],[76.39466,31.36162],[76.39439,31.36162],[76.39071,31.36033],[76.39031,31.36018]]},"properties":{"id":"osm:w227037186","name":"","highway":"tertiary","bridge":false}},{"type":"Feature","geometry":{"type":"LineString","coordinates":[[76.37804,31.37739],[76.37847,31.37447],[76.37876,31.37226],[76.37884,31.37162],[76.37894,31.37117],[76.37908,31.37093],[76.37966,31.37006],[76.37988,31.36954],[76.37997,31.36919],[76.37999,31.3688],[76.37998,31.3686],[76.37997,31.36849],[76.37995,31.36805],[76.37969,31.36739],[76.3796,31.36712],[76.37956,31.36699],[76.37952,31.36687],[76.37943,31.36641],[76.37946,31.36615],[76.37953,31.36577],[76.37969,31.3654],[76.38007,31.36492],[76.38115,31.36367],[76.38128,31.36351],[76.38235,31.36228],[76.38269,31.3618],[76.38304,31.36126],[76.38325,31.36085],[76.38342,31.36053],[76.38379,31.36004],[76.38418,31.35958]]},"properties":{"id":"osm:w227037187","name":"","highway":"tertiary","bridge":false}},{"type":"Feature","geometry":{"type":"LineString","coordinates":[[76.38263,31.35865],[76.38331,31.35901],[76.3836,31.35919],[76.38367,31.35924]]},"properties":{"id":"osm:w227037194","name":"","highway":"tertiary","bridge":false}},{"type":"Feature","geometry":{"type":"LineString","coordinates":[[76.30216,31.3558],[76.3012,31.35566]]},"properties":{"id":"osm:w227058825","name":"Major District Road 39","highway":"secondary","bridge":true}},{"type":"Feature","geometry":{"type":"LineString","coordinates":[[76.31078,31.35703],[76.30632,31.35641]]},"properties":{"id":"osm:w227058828","name":"Major District Road 39","highway":"secondary","bridge":true}},{"type":"Feature","geometry":{"type":"LineString","coordinates":[[76.30632,31.35641],[76.30361,31.356],[76.30268,31.35587],[76.30216,31.3558]]},"properties":{"id":"osm:w227058848","name":"Major District Road 39","highway":"secondary","bridge":false}},{"type":"Feature","geometry":{"type":"LineString","coordinates":[[76.34404,31.37875],[76.34387,31.37869],[76.34373,31.37863],[76.34366,31.37856],[76.34255,31.3776],[76.34243,31.3775],[76.34184,31.37697],[76.34159,31.37676],[76.33998,31.37532],[76.33908,31.37452],[76.33812,31.37366],[76.33695,31.37262],[76.33659,31.37224],[76.33622,31.37175],[76.33401,31.36871],[76.33344,31.36792],[76.33273,31.36697],[76.33216,31.36619],[76.33191,31.36582],[76.33127,31.36456],[76.33115,31.36439],[76.33026,31.36306],[76.32867,31.36064],[76.32766,31.35911],[76.32732,31.35876],[76.32684,31.35842],[76.32524,31.35734],[76.32463,31.35677],[76.32431,31.35661],[76.32426,31.3566],[76.32383,31.35647],[76.32346,31.35636],[76.32224,31.35611],[76.31958,31.35577],[76.31929,31.35575],[76.31911,31.35573],[76.31879,31.35561],[76.31872,31.35557],[76.31804,31.35517],[76.31778,31.35505],[76.31755,31.35503],[76.31725,31.355],[76.31691,31.35552],[76.31687,31.35556],[76.31672,31.35572],[76.31631,31.35613],[76.31599,31.35656],[76.3156,31.35634],[76.31472,31.35591],[76.31434,31.35585],[76.31406,31.3559],[76.31384,31.35601],[76.31261,31.35696],[76.31231,31.35712],[76.31204,31.35718],[76.3118,31.35717],[76.31095,31.35705],[76.31078,31.35703]]},"properties":{"id":"osm:w227058850","name":"Major District Road 39","highway":"secondary","bridge":false}},{"type":"Feature","geometry":{"type":"LineString","coordinates":[[76.3012,31.35566],[76.30051,31.35556],[76.2993,31.35539],[76.29707,31.35506],[76.29523,31.35479],[76.29511,31.35477],[76.29197,31.35431]]},"properties":{"id":"osm:w227058853","name":"Major District Road 39","highway":"secondary","bridge":false}},{"type":"Feature","geometry":{"type":"LineString","coordinates":[[76.51376,31.45118],[76.51344,31.45112],[76.51321,31.45119],[76.51302,31.45118],[76.51293,31.45113],[76.51291,31.451],[76.51294,31.45082],[76.51286,31.45069],[76.51267,31.45051],[76.51245,31.45033],[76.51228,31.45008],[76.51228,31.44988],[76.51231,31.44971],[76.51234,31.44948],[76.51238,31.4493],[76.51247,31.44909],[76.51247,31.44898],[76.51257,31.44884],[76.51295,31.44842],[76.51331,31.44784],[76.5133,31.44771],[76.51346,31.4474],[76.51365,31.44718],[76.51379,31.44703],[76.51385,31.44685],[76.51398,31.44666],[76.51428,31.44635],[76.51441,31.44602],[76.51449,31.44576],[76.51458,31.44556],[76.51464,31.44543],[76.51483,31.44502],[76.51511,31.44441],[76.51539,31.44386],[76.51557,31.44348],[76.51576,31.44314],[76.51597,31.4428],[76.5161,31.44255],[76.51612,31.44243],[76.51621,31.44228],[76.51623,31.44205],[76.51633,31.44156],[76.51632,31.44139],[76.51632,31.4412],[76.51655,31.4406],[76.51673,31.44023],[76.51673,31.44003],[76.51669,31.43987],[76.51676,31.43956],[76.51675,31.43946],[76.51673,31.43931],[76.51677,31.43899],[76.51693,31.43846],[76.51718,31.43799],[76.51738,31.43788],[76.51752,31.43781],[76.51766,31.43781],[76.51775,31.43778],[76.51789,31.43766],[76.51799,31.43754],[76.51842,31.43731],[76.5186,31.43721],[76.51891,31.43708],[76.519,31.43705],[76.51908,31.43694],[76.51922,31.43679],[76.51961,31.4365],[76.51998,31.43617],[76.52028,31.43577],[76.52036,31.43567],[76.52053,31.43552],[76.52133,31.43478],[76.52174,31.43424],[76.52216,31.43369],[76.52255,31.43309],[76.5226,31.43301],[76.52265,31.43287],[76.52288,31.43257],[76.52295,31.43246],[76.52304,31.43223],[76.5231,31.43204],[76.52314,31.43177],[76.52311,31.43166],[76.52305,31.43144],[76.52289,31.4312],[76.52284,31.43115],[76.52281,31.43108],[76.5228,31.43096],[76.52285,31.43075],[76.52319,31.43022],[76.52357,31.42968],[76.52389,31.42918],[76.5242,31.42865],[76.52427,31.42852],[76.52465,31.42825],[76.52503,31.42798],[76.5252,31.4276],[76.52541,31.42715],[76.52545,31.42698],[76.52544,31.42687],[76.52543,31.42676],[76.52566,31.42651],[76.52614,31.42601],[76.52624,31.42581],[76.52625,31.42567],[76.52623,31.42555],[76.52621,31.42538],[76.52618,31.42515],[76.52622,31.42498],[76.52634,31.42484],[76.52662,31.42456],[76.52679,31.42436],[76.52716,31.42406],[76.5276,31.42369],[76.52791,31.42364],[76.52808,31.42364],[76.52852,31.42351],[76.52909,31.42343],[76.52924,31.42338],[76.52932,31.4233],[76.5294,31.42319],[76.52955,31.42301],[76.52972,31.42288],[76.5299,31.42276],[76.53005,31.42263],[76.53015,31.42249],[76.53034,31.42231],[76.53039,31.42225],[76.5305,31.42219],[76.53062,31.42208],[76.53079,31.42201],[76.531,31.42197],[76.53115,31.42196],[76.53127,31.42194],[76.53135,31.42186],[76.53139,31.42183],[76.53175,31.42178],[76.53228,31.42169],[76.53241,31.42168],[76.53254,31.42161],[76.53273,31.42154],[76.53278,31.42155],[76.53289,31.4216],[76.53305,31.42187],[76.53328,31.42228],[76.53336,31.42236],[76.53348,31.42235],[76.53389,31.42211],[76.53412,31.42204],[76.53427,31.42198],[76.53435,31.42194],[76.53443,31.42186],[76.53448,31.42171],[76.53475,31.42127],[76.53481,31.42112],[76.53506,31.42087],[76.53517,31.42073],[76.5353,31.42069],[76.53578,31.42076],[76.5359,31.42076],[76.53601,31.42074],[76.53612,31.42069],[76.53622,31.4206],[76.53633,31.42049],[76.53636,31.42011],[76.53638,31.42001],[76.53647,31.41995],[76.53667,31.41983],[76.53694,31.41972],[76.53721,31.41968],[76.53741,31.41963],[76.53773,31.41953],[76.53792,31.41939],[76.53815,31.41896],[76.53841,31.41841],[76.53874,31.41793],[76.53881,31.41775],[76.53895,31.41719],[76.53891,31.41707],[76.53885,31.41698],[76.5388,31.41694],[76.53871,31.4169],[76.53862,31.4168],[76.53848,31.4167],[76.53838,31.41669],[76.53828,31.41669],[76.53816,31.41671],[76.53804,31.41675],[76.53785,31.41684],[76.53776,31.41685],[76.5377,31.41681],[76.53767,31.4167],[76.53771,31.41638],[76.53778,31.41611],[76.53795,31.4158],[76.53806,31.41546],[76.53819,31.41492],[76.53835,31.41453],[76.53837,31.41434],[76.53835,31.41428],[76.5383,31.41424],[76.53823,31.41423],[76.53816,31.41426],[76.538,31.41443],[76.53787,31.41453],[76.53776,31.41462],[76.53761,31.41481],[76.53739,31.41514],[76.53732,31.41523],[76.53725,31.41526],[76.53718,31.41526],[76.53711,31.41521],[76.53699,31.41485],[76.53682,31.41458],[76.53674,31.41441],[76.53668,31.41414],[76.53646,31.41355],[76.53642,31.41338],[76.53631,31.41314],[76.53609,31.41292],[76.53593,31.41239],[76.5358,31.41203],[76.53576,31.41187],[76.53579,31.41179],[76.53609,31.41172],[76.53659,31.41149],[76.53705,31.41125],[76.53745,31.41092],[76.53754,31.41086],[76.53765,31.41084],[76.53785,31.41075],[76.53796,31.41068],[76.53809,31.41042],[76.53844,31.41007],[76.53891,31.40955],[76.53897,31.40945],[76.53903,31.40927],[76.53912,31.40899],[76.53913,31.40892],[76.53918,31.40876],[76.53917,31.40859],[76.5391,31.40838],[76.53907,31.40831],[76.53909,31.40826],[76.53919,31.40822],[76.53935,31.40809],[76.53929,31.40771],[76.53928,31.40765],[76.53931,31.40753],[76.53937,31.40747],[76.53962,31.40729],[76.53983,31.40711],[76.53994,31.40705],[76.54018,31.407],[76.5406,31.40689],[76.54085,31.40682],[76.54114,31.40665],[76.54152,31.40656],[76.54176,31.40649],[76.54208,31.40648],[76.54237,31.40644],[76.54261,31.4063],[76.54282,31.40627],[76.54306,31.4062],[76.54342,31.40578],[76.54383,31.40559],[76.54407,31.40551],[76.54424,31.4055],[76.54436,31.40555],[76.54447,31.40556],[76.54459,31.40555],[76.54489,31.40537],[76.54532,31.4052],[76.54551,31.40517],[76.54573,31.40521],[76.54582,31.40525],[76.54599,31.40525],[76.54619,31.40523],[76.54658,31.40503],[76.54674,31.40487],[76.54708,31.40459],[76.54751,31.40436],[76.54793,31.4041],[76.5484,31.4038],[76.54875,31.4036],[76.54895,31.40344],[76.54935,31.40334],[76.54964,31.40321],[76.54991,31.40293],[76.55024,31.40266],[76.55069,31.40237],[76.55104,31.40206],[76.55143,31.40163],[76.55185,31.40126],[76.55204,31.40094],[76.55233,31.40065],[76.55275,31.40031],[76.55292,31.40015],[76.55291,31.40007],[76.55299,31.39987],[76.55303,31.39974],[76.5531,31.39962],[76.55322,31.39948],[76.5535,31.39924],[76.55402,31.39885],[76.55409,31.39876],[76.55441,31.39844],[76.55475,31.39812],[76.55491,31.39799],[76.5551,31.39783],[76.55523,31.39739],[76.55528,31.39722],[76.55532,31.39711],[76.5555,31.39692],[76.55559,31.3968],[76.55569,31.39664],[76.55583,31.39653],[76.55603,31.39637],[76.55662,31.39578],[76.557,31.39537],[76.55752,31.39494],[76.55809,31.39455],[76.55828,31.39436],[76.55848,31.39428],[76.55862,31.39424],[76.55876,31.39424],[76.55893,31.39425],[76.55904,31.39423],[76.5591,31.39416],[76.5591,31.39407],[76.55912,31.39395],[76.55941,31.39364],[76.55988,31.39334],[76.56016,31.39316],[76.56037,31.39311],[76.56053,31.39308],[76.56071,31.39303],[76.5608,31.39304],[76.56087,31.39306],[76.56091,31.39312],[76.5609,31.39324],[76.5609,31.39341],[76.56093,31.39347],[76.561,31.39349],[76.56109,31.39349],[76.56117,31.39346],[76.56129,31.39336],[76.56159,31.39309],[76.56188,31.39288],[76.56193,31.39283],[76.56201,31.3927],[76.56205,31.39244],[76.56202,31.39216],[76.56196,31.39196],[76.56185,31.39187],[76.56145,31.39171],[76.56096,31.39154],[76.56066,31.39137],[76.5605,31.39121],[76.56042,31.39108],[76.56047,31.39095],[76.56063,31.39082],[76.56077,31.39077],[76.56097,31.39074],[76.5613,31.39082],[76.56149,31.39085],[76.56181,31.39076],[76.56212,31.39041],[76.56239,31.39005],[76.56265,31.38963],[76.56271,31.38957],[76.56274,31.38954],[76.56294,31.38947],[76.56332,31.38942],[76.56348,31.38939],[76.56361,31.38927],[76.56405,31.3891],[76.56497,31.38881],[76.56525,31.38872],[76.56551,31.38867],[76.5656,31.38857],[76.56562,31.388],[76.56557,31.38784],[76.56529,31.38748],[76.56511,31.38718],[76.56503,31.38703],[76.56506,31.38693],[76.56527,31.38676],[76.56571,31.38656],[76.56592,31.38653],[76.56608,31.38657],[76.56621,31.38664],[76.56637,31.38662],[76.56658,31.38644],[76.56682,31.38622],[76.56706,31.38598],[76.56714,31.38584],[76.56743,31.38543],[76.56765,31.38521],[76.56802,31.38496],[76.56817,31.38484],[76.56839,31.38466],[76.56865,31.38446],[76.56888,31.38417],[76.56919,31.38388],[76.56978,31.38354],[76.56994,31.38352],[76.5702,31.38342],[76.57038,31.38333],[76.57047,31.38314],[76.5706,31.38288],[76.57069,31.38267],[76.57086,31.38248],[76.57111,31.38227],[76.57143,31.38189],[76.57171,31.38164],[76.57185,31.38154],[76.57221,31.38143],[76.5726,31.38141],[76.57274,31.38136],[76.57296,31.38123],[76.57311,31.38101],[76.57321,31.38084],[76.57341,31.38069],[76.57372,31.38051],[76.57423,31.38025],[76.57438,31.38016],[76.57452,31.37996],[76.57462,31.37979],[76.57477,31.37955],[76.5748,31.37896],[76.57483,31.37877],[76.5749,31.37859],[76.57498,31.3783],[76.57509,31.37816],[76.57519,31.37802],[76.57523,31.37776],[76.57528,31.37763],[76.57537,31.37751],[76.57551,31.3773],[76.57571,31.37708],[76.57583,31.37698],[76.57602,31.37683],[76.57619,31.37668],[76.57632,31.37646],[76.57635,31.37635],[76.5763,31.37623],[76.57633,31.37613],[76.5764,31.37591],[76.57643,31.37576],[76.5765,31.37565],[76.57663,31.37554],[76.57677,31.37542],[76.57682,31.37531],[76.5768,31.37518],[76.57682,31.37513],[76.57687,31.37495],[76.577,31.37472],[76.57713,31.37448],[76.57748,31.37413],[76.57761,31.37401],[76.57772,31.37383],[76.57787,31.37364],[76.57812,31.37342],[76.57839,31.37317],[76.57855,31.37296],[76.57886,31.37283],[76.57947,31.37257],[76.57964,31.37243],[76.57986,31.37234],[76.58004,31.37234],[76.58015,31.37233],[76.58027,31.3723],[76.58041,31.37224],[76.5805,31.3722],[76.58075,31.37215],[76.58098,31.37212],[76.58118,31.37201],[76.58147,31.37184],[76.58158,31.37177],[76.58186,31.37172],[76.58213,31.37164],[76.58264,31.37137],[76.58274,31.37136],[76.58285,31.37134],[76.58291,31.37131],[76.58313,31.37112],[76.5832,31.37098],[76.58334,31.37086],[76.58354,31.37075],[76.58372,31.37076],[76.58399,31.37078],[76.58442,31.37072],[76.58469,31.37054],[76.58511,31.37022],[76.58543,31.36991],[76.58552,31.36986],[76.58567,31.36985],[76.58579,31.3699],[76.58598,31.37019],[76.58607,31.37034],[76.58618,31.37046],[76.58635,31.37082],[76.58642,31.37123],[76.58648,31.37151],[76.58659,31.37174],[76.58664,31.37196],[76.5866,31.37231],[76.58662,31.37252],[76.58669,31.37261],[76.58685,31.37268],[76.5871,31.37271],[76.5873,31.37271],[76.58749,31.37265],[76.58756,31.3726],[76.58768,31.37251],[76.58787,31.37236],[76.58808,31.37198],[76.58804,31.37184],[76.58793,31.37166],[76.58784,31.37154],[76.58789,31.37145],[76.58834,31.37124],[76.58846,31.37111],[76.58841,31.37095],[76.58834,31.37078],[76.58844,31.37069],[76.58872,31.3707],[76.58898,31.37078],[76.58952,31.37079],[76.58968,31.37072],[76.58988,31.37059],[76.59003,31.37047],[76.59016,31.37029],[76.59015,31.37014],[76.59023,31.36993],[76.59049,31.36993],[76.59143,31.3698],[76.59302,31.37037],[76.59395,31.37058],[76.59481,31.37085],[76.59546,31.37092],[76.59592,31.37098],[76.59612,31.37107],[76.59623,31.37119],[76.59652,31.37137],[76.59675,31.3714],[76.59724,31.37138],[76.59731,31.37125],[76.59746,31.3712],[76.59756,31.37127],[76.59748,31.37144],[76.59738,31.37154],[76.59736,31.37157],[76.59737,31.37167]]},"properties":{"id":"osm:w227837142","name":"","highway":"tertiary","bridge":false}},{"type":"Feature","geometry":{"type":"LineString","coordinates":[[76.37712,31.37728],[76.37792,31.37738]]},"properties":{"id":"osm:w227837148","name":"","highway":"tertiary","bridge":true}},{"type":"Feature","geometry":{"type":"LineString","coordinates":[[76.37792,31.37738],[76.37804,31.37739],[76.37811,31.37741],[76.37824,31.37745],[76.3788,31.37772],[76.3797,31.37797],[76.38014,31.37802],[76.38034,31.37809],[76.38053,31.37815],[76.38097,31.37816],[76.38101,31.37817],[76.38137,31.37824],[76.38158,31.37828],[76.38202,31.37838],[76.38368,31.3788],[76.38405,31.37895],[76.38431,31.37905],[76.38458,31.37915],[76.38486,31.37923],[76.38511,31.3793],[76.38535,31.37937],[76.3858,31.3796],[76.3859,31.37966],[76.38648,31.3799],[76.38701,31.38],[76.38731,31.38004],[76.3877,31.38017]]},"properties":{"id":"osm:w227837159","name":"","highway":"tertiary","bridge":false}},{"type":"Feature","geometry":{"type":"LineString","coordinates":[[76.46476,31.51357],[76.46541,31.51308],[76.46581,31.51276],[76.46679,31.51228],[76.46777,31.5117],[76.46848,31.51127],[76.4692,31.51052],[76.46957,31.51015],[76.47011,31.50978],[76.47088,31.50926],[76.47108,31.50904],[76.47131,31.50852],[76.47167,31.50768],[76.47187,31.50697],[76.47202,31.50673],[76.47224,31.50648],[76.47235,31.50635],[76.47248,31.50607],[76.4729,31.50498],[76.47297,31.50467],[76.47295,31.50442],[76.47302,31.50431],[76.47315,31.5042],[76.47341,31.50407],[76.47351,31.50396],[76.4735,31.50378],[76.47357,31.50363],[76.47373,31.50343],[76.4751,31.50254],[76.47527,31.50236],[76.47574,31.50187],[76.47599,31.50154],[76.47606,31.50124],[76.47609,31.50099],[76.47619,31.50075],[76.47633,31.50053],[76.47685,31.49995],[76.47733,31.49958],[76.47814,31.4989],[76.47915,31.49801],[76.4795,31.49771],[76.47966,31.4974],[76.47984,31.49712],[76.48038,31.49647],[76.48078,31.49583],[76.48121,31.49514],[76.48151,31.49487],[76.48157,31.49475],[76.48161,31.49454],[76.48174,31.49433],[76.48194,31.49419],[76.48216,31.49413],[76.48274,31.49411],[76.48323,31.49399],[76.48366,31.49385],[76.48436,31.49362],[76.48446,31.49354],[76.48473,31.49319],[76.48529,31.49262],[76.48551,31.49227],[76.48571,31.49189],[76.48575,31.49164],[76.48569,31.49127],[76.48571,31.4909],[76.48582,31.4901],[76.48596,31.48884],[76.48603,31.48813],[76.48598,31.48736],[76.48601,31.48716],[76.48612,31.48693],[76.4865,31.48614],[76.48706,31.48487],[76.48723,31.4846],[76.48752,31.48412],[76.48754,31.48393],[76.48749,31.48363],[76.48736,31.48308],[76.48731,31.48275],[76.48734,31.48255],[76.48755,31.48191],[76.48765,31.48166],[76.48766,31.4814],[76.48765,31.48068],[76.48761,31.48053],[76.48748,31.48016],[76.48744,31.47994],[76.4875,31.47982],[76.4877,31.47974],[76.488,31.47965],[76.48812,31.47955],[76.4882,31.47941],[76.4881,31.47905],[76.48812,31.47895],[76.48817,31.47886],[76.48839,31.47876],[76.48857,31.47869],[76.48863,31.47855],[76.48869,31.47837],[76.48889,31.47822],[76.489,31.47803],[76.48912,31.47792],[76.48954,31.47785],[76.48971,31.47775],[76.48982,31.47761],[76.49021,31.47737],[76.49056,31.477],[76.49081,31.47678],[76.49093,31.47667],[76.49097,31.4766],[76.49038,31.47614],[76.49042,31.47607],[76.49069,31.47578],[76.49074,31.47563],[76.49063,31.47536],[76.49061,31.47512],[76.49068,31.47484],[76.49061,31.47463],[76.49038,31.47453],[76.48992,31.47435],[76.48981,31.47426],[76.48978,31.47413],[76.48983,31.47391],[76.48979,31.47367],[76.48989,31.47357],[76.49008,31.47354],[76.49042,31.47348],[76.4905,31.47337],[76.49044,31.47322],[76.4903,31.47305],[76.49031,31.47296],[76.49044,31.47279],[76.49062,31.4726],[76.49067,31.47238],[76.49077,31.47219],[76.49081,31.47202],[76.49068,31.4719],[76.49054,31.47179],[76.49059,31.47163],[76.4907,31.47143],[76.49102,31.47132],[76.4915,31.47121],[76.49163,31.47109],[76.49178,31.47086],[76.49203,31.47045],[76.49237,31.47032],[76.49254,31.47021],[76.4929,31.46981],[76.4931,31.46962],[76.49341,31.4694],[76.4937,31.46918],[76.49413,31.46873],[76.49448,31.46852],[76.49518,31.46811],[76.49539,31.46789],[76.4955,31.46775],[76.49562,31.46768],[76.49584,31.46763],[76.49606,31.46747],[76.49629,31.46728],[76.49653,31.46688],[76.49679,31.46668],[76.49763,31.46604],[76.49779,31.46602],[76.49801,31.46585],[76.49817,31.46563],[76.49839,31.46545],[76.4986,31.46537],[76.49908,31.46535],[76.49963,31.46521],[76.49988,31.46498],[76.50031,31.46438],[76.50054,31.46412],[76.5006,31.46398],[76.50045,31.46383],[76.50034,31.46371],[76.50036,31.46364],[76.50051,31.46349],[76.50071,31.46336],[76.50105,31.4633],[76.50125,31.46319],[76.50143,31.46298],[76.50162,31.46291],[76.50194,31.4629],[76.50205,31.46279],[76.50206,31.4627],[76.50207,31.46238],[76.50213,31.46215],[76.50241,31.46185],[76.5025,31.46166],[76.50262,31.4616],[76.50281,31.46152],[76.5029,31.46134],[76.50306,31.46117],[76.50343,31.46088],[76.50366,31.46069],[76.50393,31.46058],[76.50405,31.46047],[76.5041,31.46034],[76.50411,31.46016],[76.50424,31.46005],[76.50474,31.45965],[76.50524,31.45945],[76.50567,31.45914],[76.50589,31.45909],[76.50612,31.4591],[76.50638,31.45901],[76.50646,31.45888],[76.50645,31.45874],[76.50643,31.45862],[76.50652,31.45855],[76.5066,31.45855],[76.50681,31.45865],[76.50692,31.45865],[76.50701,31.45861],[76.50703,31.45845],[76.50703,31.45827],[76.50716,31.45819],[76.50732,31.45823],[76.50743,31.45833],[76.50773,31.4583],[76.50833,31.45828],[76.50855,31.45808],[76.50883,31.45771],[76.50894,31.45754],[76.50899,31.45726],[76.50905,31.45711],[76.50945,31.45672],[76.50987,31.45619],[76.51018,31.45593],[76.51041,31.45558],[76.51049,31.45541],[76.51076,31.45508],[76.51099,31.45493],[76.5113,31.45459],[76.51159,31.45426],[76.51197,31.45371],[76.51201,31.45358],[76.51202,31.45339],[76.51205,31.45329],[76.51223,31.45308],[76.51227,31.45287],[76.51241,31.45278],[76.51311,31.45236],[76.5135,31.45193],[76.51365,31.45169],[76.51371,31.45137],[76.51376,31.45118],[76.51379,31.45109]]},"properties":{"id":"osm:w227837162","name":"","highway":"secondary","bridge":false}},{"type":"Feature","geometry":{"type":"LineString","coordinates":[[76.23666,30.93136],[76.23669,30.93142],[76.23675,30.93164],[76.23673,30.93274],[76.23675,30.93351],[76.23676,30.93421],[76.23677,30.93456],[76.23686,30.93488],[76.23698,30.93503],[76.23751,30.93554],[76.23821,30.9362],[76.23857,30.93656],[76.23908,30.93704],[76.23959,30.93748],[76.23991,30.9377],[76.24027,30.93796],[76.2408,30.93828],[76.2412,30.93853],[76.24147,30.93865],[76.24217,30.93893],[76.24256,30.93913],[76.24271,30.93929],[76.24279,30.93949],[76.24283,30.93962],[76.24285,30.93976],[76.24279,30.9401],[76.24265,30.94079],[76.24255,30.94123],[76.24257,30.94255],[76.2426,30.94373],[76.24262,30.94435],[76.24263,30.94493],[76.24264,30.94544],[76.24267,30.94554],[76.24276,30.94561],[76.24324,30.94576],[76.24398,30.946],[76.24422,30.94607],[76.24548,30.94645],[76.24688,30.94691],[76.24691,30.94692],[76.2475,30.94713],[76.24972,30.94792],[76.24995,30.948],[76.25038,30.94815],[76.25049,30.9482],[76.25088,30.94839],[76.25375,30.94988],[76.25413,30.95008],[76.25434,30.95019],[76.25518,30.95061],[76.25567,30.95086],[76.25606,30.95104],[76.25614,30.95108],[76.25658,30.95129],[76.25662,30.95131],[76.25699,30.9515],[76.25735,30.95173],[76.25783,30.95201],[76.25838,30.95234],[76.25878,30.95256],[76.25907,30.95262],[76.25916,30.95264],[76.25969,30.95274],[76.26009,30.95279],[76.26105,30.95289],[76.26222,30.95304],[76.2627,30.95312],[76.26323,30.9532],[76.2639,30.9533],[76.26438,30.95338],[76.26496,30.95351],[76.26572,30.95369],[76.26653,30.95388],[76.26671,30.95392],[76.26698,30.95398],[76.26768,30.95414],[76.26823,30.95426],[76.26888,30.9544],[76.26983,30.95462],[76.27038,30.95475],[76.27086,30.95485],[76.2715,30.95501],[76.27187,30.95508],[76.27221,30.9552],[76.27237,30.95524],[76.27249,30.95526],[76.27275,30.9553],[76.27339,30.9554],[76.27411,30.95551],[76.27459,30.95559],[76.27482,30.95563],[76.27523,30.9557],[76.2757,30.95578],[76.27603,30.95584],[76.27695,30.956],[76.27757,30.95611],[76.27851,30.95629],[76.2795,30.95646],[76.2806,30.95668],[76.28119,30.95678],[76.2817,30.95687],[76.28214,30.95696],[76.28232,30.95699],[76.28247,30.957],[76.28301,30.957],[76.28423,30.95698],[76.2845,30.95698],[76.28494,30.95697],[76.28539,30.95696],[76.28672,30.95694],[76.28763,30.95693],[76.28862,30.95691],[76.28867,30.95691],[76.28977,30.95689],[76.2907,30.95687],[76.29082,30.95687],[76.29168,30.95686],[76.29215,30.95685],[76.29275,30.95684],[76.29291,30.95684],[76.29333,30.95683],[76.29362,30.95682],[76.29454,30.95681],[76.29573,30.95679],[76.29629,30.95678],[76.2975,30.95676],[76.29801,30.95675],[76.29875,30.95674],[76.29951,30.95673],[76.30019,30.95671],[76.3003,30.95668],[76.30043,30.95658],[76.30089,30.95618],[76.30149,30.95569],[76.3017,30.9555],[76.30209,30.95518],[76.30232,30.95501],[76.30242,30.95497],[76.30251,30.95495],[76.30292,30.95495],[76.30395,30.95493],[76.30436,30.95493],[76.30485,30.95491],[76.30506,30.95491],[76.30516,30.95491],[76.30526,30.9549],[76.30526,30.9546],[76.30526,30.95386],[76.30525,30.95356],[76.30523,30.95297],[76.30522,30.95219],[76.30521,30.95173],[76.3052,30.95124],[76.30521,30.95105],[76.3052,30.95057],[76.3052,30.95021],[76.30519,30.95002],[76.30519,30.94966],[76.30517,30.94948],[76.30511,30.94923],[76.305,30.94885],[76.30494,30.94832],[76.30491,30.94797],[76.30489,30.94777],[76.30486,30.94747],[76.30482,30.94711],[76.30478,30.94678],[76.3048,30.94668],[76.30483,30.94662],[76.30495,30.9466],[76.30567,30.94659],[76.30576,30.94657],[76.30585,30.94649],[76.30587,30.9464],[76.30586,30.94576],[76.30586,30.94542],[76.30586,30.94466],[76.30585,30.9439],[76.30583,30.94314],[76.30583,30.94291],[76.30582,30.94217],[76.30582,30.94157],[76.30581,30.94118],[76.30581,30.94052],[76.30579,30.93969],[76.30578,30.93941],[76.30576,30.93893],[76.30574,30.93858],[76.30573,30.93855],[76.30571,30.93853],[76.30562,30.93836],[76.30557,30.93827],[76.30557,30.93818],[76.30558,30.93798],[76.30556,30.93769],[76.30551,30.93755],[76.30545,30.93721],[76.30543,30.93707],[76.30551,30.93693],[76.30575,30.93671],[76.30598,30.93656],[76.30611,30.93642],[76.30611,30.93635],[76.30604,30.9362],[76.30595,30.93604],[76.30593,30.93593],[76.30597,30.93588],[76.30607,30.93585],[76.30742,30.93582],[76.30848,30.9358],[76.31075,30.93578],[76.31309,30.93576],[76.31456,30.93575],[76.31706,30.93575],[76.31839,30.93572],[76.31846,30.93576],[76.31848,30.93577],[76.31854,30.93586],[76.31853,30.93653],[76.31861,30.9366],[76.31893,30.9366],[76.31992,30.93659],[76.3209,30.93659],[76.32101,30.93656],[76.32108,30.93647],[76.3211,30.93638],[76.32108,30.93603],[76.32107,30.93565],[76.32107,30.9353],[76.32108,30.93524],[76.32114,30.93516],[76.32128,30.93515],[76.32182,30.93513],[76.32233,30.93514],[76.32291,30.9352],[76.32327,30.9352],[76.32387,30.93517],[76.32587,30.93506],[76.32714,30.93499],[76.32719,30.93499],[76.32846,30.93492],[76.32915,30.93489],[76.32965,30.93486],[76.3306,30.93482],[76.33069,30.93485],[76.3308,30.93489],[76.33124,30.93519],[76.33143,30.93529],[76.33152,30.93532],[76.33161,30.93535],[76.33191,30.93535],[76.33278,30.93531],[76.33346,30.93527],[76.33363,30.93528],[76.33398,30.93548],[76.33442,30.9358],[76.33458,30.93585],[76.33491,30.93585],[76.33518,30.93588],[76.33564,30.93599],[76.33619,30.93614],[76.33659,30.93615],[76.337,30.9361],[76.3372,30.93608],[76.33753,30.93609],[76.33766,30.9361],[76.33846,30.93619],[76.33942,30.93632],[76.33948,30.93632],[76.3401,30.93638],[76.34046,30.9364],[76.34051,30.93641],[76.34078,30.93649],[76.34089,30.93658],[76.34156,30.93743],[76.34162,30.93753],[76.34217,30.93825],[76.3429,30.93839],[76.34361,30.93852],[76.34562,30.93882],[76.34603,30.9389],[76.34626,30.93892],[76.34647,30.93889],[76.34676,30.93882],[76.34687,30.93877],[76.34723,30.93872],[76.34742,30.93872],[76.3479,30.93881],[76.34844,30.93897],[76.34862,30.93903],[76.34914,30.93921],[76.34921,30.93923],[76.34966,30.93936],[76.34993,30.93943],[76.35079,30.93955],[76.35209,30.93974],[76.35294,30.93987],[76.35433,30.94007],[76.3546,30.94012],[76.35677,30.94043],[76.35794,30.9406],[76.35924,30.94079],[76.35979,30.9409],[76.36001,30.94091],[76.36189,30.94079],[76.36262,30.94074],[76.36397,30.94068],[76.36515,30.94062],[76.36618,30.94055],[76.36772,30.94049],[76.36814,30.94046],[76.36958,30.94037],[76.36997,30.94034],[76.37036,30.94024],[76.37072,30.94017],[76.37116,30.94008],[76.37145,30.94003],[76.37189,30.93998],[76.37321,30.93995],[76.37407,30.93994],[76.37488,30.93993],[76.37569,30.93991],[76.37608,30.9399],[76.3768,30.93994],[76.37747,30.94002],[76.37751,30.94003],[76.37826,30.94016],[76.37876,30.94027],[76.37956,30.94043],[76.38032,30.94052],[76.38087,30.9406],[76.38132,30.94066],[76.38166,30.9407],[76.38186,30.94069],[76.38209,30.94055],[76.38232,30.9403],[76.3829,30.9397],[76.38354,30.93899],[76.38396,30.93862],[76.38447,30.93835],[76.38549,30.93775],[76.38571,30.93768],[76.38628,30.93763],[76.38722,30.93755],[76.38801,30.93749],[76.38858,30.93745],[76.3892,30.9374],[76.39026,30.9373],[76.39124,30.93724],[76.39241,30.93713],[76.39359,30.937],[76.39435,30.93695],[76.39591,30.93683],[76.39642,30.93678],[76.39733,30.93673],[76.39844,30.93668],[76.3993,30.93659],[76.40062,30.93646],[76.40156,30.93638],[76.40277,30.93627]]},"properties":{"id":"osm:w233350748","name":"Bela-Machiwara Road","highway":"tertiary","bridge":false}},{"type":"Feature","geometry":{"type":"LineString","coordinates":[[76.40277,30.93638],[76.40277,30.93627],[76.40281,30.9354],[76.4034,30.92244],[76.40346,30.92129],[76.40378,30.91417],[76.40427,30.90354],[76.40479,30.90247],[76.40479,30.90245]]},"properties":{"id":"osm:w233350749","name":"Chamkaur Sahib-Bela Road","highway":"tertiary","bridge":false}},{"type":"Feature","geometry":{"type":"LineString","coordinates":[[76.56795,31.00496],[76.56877,31.00547]]},"properties":{"id":"osm:w238212133","name":"NH205","highway":"trunk","bridge":true}},{"type":"Feature","geometry":{"type":"LineString","coordinates":[[76.56877,31.00547],[76.56911,31.00569],[76.56942,31.00596],[76.56983,31.00641],[76.57013,31.00676],[76.57037,31.00698],[76.57076,31.00725],[76.5711,31.00743],[76.57154,31.00761],[76.5721,31.00783],[76.57253,31.00801],[76.57379,31.00854],[76.57747,31.01081],[76.5823,31.0138],[76.5844,31.01512],[76.59038,31.0189],[76.59097,31.01937],[76.5913,31.01973],[76.5914,31.0199],[76.59156,31.02018],[76.59175,31.02065],[76.59198,31.02169],[76.59248,31.02432],[76.593,31.02677],[76.59303,31.0269],[76.59319,31.02742],[76.59325,31.0276],[76.59335,31.02775],[76.59355,31.02816],[76.59504,31.03004],[76.59517,31.03033],[76.59533,31.0307],[76.59544,31.03122],[76.59564,31.0338],[76.59585,31.03685],[76.59626,31.04113],[76.59661,31.04469],[76.59677,31.04575],[76.597,31.04695],[76.59749,31.04935]]},"properties":{"id":"osm:w238212134","name":"NH205","highway":"trunk","bridge":false}},{"type":"Feature","geometry":{"type":"LineString","coordinates":[[76.57473,31.18464],[76.57415,31.18462]]},"properties":{"id":"osm:w238212135","name":"NH205","highway":"trunk","bridge":true}},{"type":"Feature","geometry":{"type":"LineString","coordinates":[[76.43038,31.19733],[76.43016,31.19746]]},"properties":{"id":"osm:w254573866","name":"MDR55","highway":"secondary","bridge":true}},{"type":"Feature","geometry":{"type":"LineString","coordinates":[[76.52917,31.07242],[76.52979,31.07313]]},"properties":{"id":"osm:w254573867","name":"MDR55","highway":"secondary","bridge":true}},{"type":"Feature","geometry":{"type":"LineString","coordinates":[[76.52979,31.07313],[76.53048,31.07391]]},"properties":{"id":"osm:w254573868","name":"MDR55","highway":"secondary","bridge":false}},{"type":"Feature","geometry":{"type":"LineString","coordinates":[[76.51411,31.04446],[76.51415,31.04495]]},"properties":{"id":"osm:w254573869","name":"MDR55","highway":"secondary","bridge":true}},{"type":"Feature","geometry":{"type":"LineString","coordinates":[[76.43016,31.19746],[76.42908,31.19815],[76.42878,31.19834],[76.42668,31.19965],[76.42388,31.20155],[76.42253,31.20249],[76.42176,31.20303],[76.42145,31.20325],[76.41945,31.20458],[76.41717,31.20615],[76.41662,31.20657],[76.41641,31.20673],[76.41524,31.20762],[76.41353,31.20893],[76.41347,31.20897],[76.40993,31.21192],[76.40736,31.21403],[76.40629,31.21495],[76.40433,31.21664],[76.40298,31.21779],[76.40196,31.21877],[76.40111,31.21967],[76.4007,31.22013],[76.4004,31.22047],[76.39989,31.22114],[76.39858,31.22312],[76.39837,31.22344],[76.39738,31.22489],[76.39687,31.22564],[76.39536,31.22786],[76.39325,31.23137],[76.39299,31.23178]]},"properties":{"id":"osm:w254573870","name":"MDR55","highway":"secondary","bridge":false}},{"type":"Feature","geometry":{"type":"LineString","coordinates":[[76.51415,31.04495],[76.51416,31.04582],[76.51404,31.0462],[76.51403,31.04653],[76.5143,31.04723],[76.51491,31.04825],[76.51512,31.04894],[76.51671,31.0511],[76.51686,31.05138],[76.51697,31.05186],[76.51705,31.05308],[76.51687,31.05446],[76.51689,31.05559],[76.51713,31.05652],[76.51774,31.0572],[76.51913,31.05801],[76.52067,31.05892],[76.52181,31.05949],[76.52231,31.05987],[76.52413,31.0621],[76.52612,31.06473],[76.52706,31.06552],[76.52738,31.06616],[76.5277,31.06751],[76.52801,31.0696],[76.52835,31.07141],[76.52917,31.07242]]},"properties":{"id":"osm:w254573871","name":"MDR55","highway":"secondary","bridge":false}},{"type":"Feature","geometry":{"type":"LineString","coordinates":[[76.39299,31.23178],[76.39287,31.23207],[76.39285,31.23248],[76.39295,31.23324],[76.39298,31.23426],[76.39283,31.23609],[76.39242,31.23805],[76.39169,31.23963],[76.39138,31.24062],[76.3907,31.24281],[76.39062,31.24303],[76.39005,31.24468],[76.38969,31.24636],[76.38968,31.24641],[76.38926,31.2484],[76.38877,31.25071],[76.38809,31.25297]]},"properties":{"id":"osm:w254573872","name":"","highway":"secondary","bridge":false}},{"type":"Feature","geometry":{"type":"LineString","coordinates":[[76.6294,31.02901],[76.6298,31.02899]]},"properties":{"id":"osm:w254574043","name":"SH16","highway":"primary","bridge":true}},{"type":"Feature","geometry":{"type":"LineString","coordinates":[[76.59556,31.02217],[76.59635,31.02266]]},"properties":{"id":"osm:w254574044","name":"MDR59","highway":"primary","bridge":true}},{"type":"Feature","geometry":{"type":"LineString","coordinates":[[76.6298,31.02899],[76.63202,31.02888],[76.63496,31.02874],[76.63591,31.02871],[76.63658,31.02873],[76.63759,31.02881],[76.63989,31.02905],[76.64047,31.02907],[76.64154,31.0291],[76.64249,31.02913],[76.64367,31.02916],[76.64461,31.02915],[76.64469,31.02914],[76.64892,31.02895],[76.65142,31.02895],[76.65255,31.02891],[76.65518,31.02878],[76.6567,31.02872],[76.65736,31.02865],[76.65778,31.02856],[76.65805,31.02844],[76.65832,31.0283],[76.65856,31.02824],[76.65871,31.02829]]},"properties":{"id":"osm:w254574045","name":"SH16","highway":"primary","bridge":false}},{"type":"Feature","geometry":{"type":"LineString","coordinates":[[76.59635,31.02266],[76.5964,31.02269],[76.5979,31.02363],[76.60002,31.02497],[76.601,31.02559],[76.60177,31.02608],[76.6019,31.02615],[76.60209,31.02625],[76.6024,31.02633],[76.60271,31.02635],[76.60283,31.02636],[76.60395,31.02652],[76.6064,31.02685],[76.6097,31.02731],[76.61107,31.0275]]},"properties":{"id":"osm:w254574046","name":"MDR59","highway":"primary","bridge":false}},{"type":"Feature","geometry":{"type":"LineString","coordinates":[[76.65871,31.02829],[76.65967,31.02925],[76.66131,31.03076]]},"properties":{"id":"osm:w254574047","name":"SH16","highway":"primary","bridge":true}},{"type":"Feature","geometry":{"type":"LineString","coordinates":[[76.56799,31.00475],[76.56796,31.00472],[76.56685,31.00403],[76.56525,31.00299],[76.56316,31.00166],[76.56177,31.00077],[76.56039,30.99988],[76.55939,30.99924],[76.55913,30.99907],[76.55767,30.9981],[76.55726,30.99783],[76.55655,30.99737],[76.55439,30.99598],[76.55267,30.99489],[76.55067,30.99362],[76.54899,30.99257],[76.54709,30.99134],[76.54543,30.99033],[76.54375,30.98923],[76.54199,30.98814],[76.54022,30.98699],[76.53853,30.98593],[76.53795,30.98553],[76.53781,30.98541],[76.53756,30.9852],[76.53719,30.9848],[76.53694,30.98441],[76.53675,30.984],[76.53663,30.98356],[76.53654,30.98315]]},"properties":{"id":"osm:w258293303","name":"NH205","highway":"trunk","bridge":false}},{"type":"Feature","geometry":{"type":"LineString","coordinates":[[76.53337,30.96379],[76.53357,30.96386],[76.53431,30.96415],[76.53469,30.9644],[76.53487,30.9645],[76.53508,30.96461],[76.53517,30.96468],[76.5352,30.96481],[76.53519,30.965],[76.53506,30.96512],[76.5349,30.96535],[76.53483,30.96587],[76.53466,30.9666]]},"properties":{"id":"osm:w258293306","name":"","highway":"tertiary","bridge":false}},{"type":"Feature","geometry":{"type":"LineString","coordinates":[[76.28914,31.24867],[76.29006,31.24875],[76.29023,31.24853],[76.29025,31.24851],[76.29258,31.24532],[76.29285,31.24492],[76.2939,31.24365],[76.29494,31.24238],[76.29505,31.24222],[76.29518,31.24216],[76.29541,31.24217],[76.29684,31.24237],[76.29779,31.24228],[76.29884,31.24245],[76.30006,31.24252],[76.30027,31.24249],[76.30035,31.24242],[76.3005,31.24205],[76.30059,31.24202],[76.30238,31.24223],[76.30252,31.2422],[76.30259,31.2421],[76.30261,31.24182],[76.30263,31.24154],[76.3027,31.24149],[76.30289,31.24147],[76.30762,31.24147],[76.30906,31.24149],[76.30957,31.24162],[76.30993,31.24171],[76.31015,31.24185],[76.31079,31.24205],[76.31115,31.24222],[76.31136,31.24233],[76.31164,31.24236],[76.31183,31.24237],[76.31237,31.24261],[76.31266,31.24272],[76.31289,31.24277],[76.31316,31.24281],[76.31334,31.24284],[76.3137,31.24271],[76.31426,31.24239],[76.31456,31.24227],[76.31556,31.24216],[76.31607,31.24215],[76.3162,31.2429],[76.31629,31.24304],[76.31679,31.24315],[76.31719,31.24315],[76.31806,31.24307],[76.31844,31.24308],[76.31899,31.24476],[76.31899,31.24644],[76.31902,31.24745],[76.31909,31.24961],[76.31909,31.24965],[76.3194,31.24987],[76.3196,31.25002],[76.31963,31.25017],[76.3196,31.25093],[76.31959,31.2519],[76.3192,31.25262],[76.31912,31.25298],[76.31903,31.25318],[76.31796,31.25426],[76.31772,31.25435],[76.31746,31.25451],[76.31724,31.2546],[76.3172,31.25475],[76.31719,31.25566],[76.3172,31.25675],[76.31666,31.2572],[76.31616,31.25784],[76.31609,31.25793],[76.31602,31.25802],[76.31593,31.25809],[76.31581,31.2584],[76.31562,31.25862],[76.31559,31.25869],[76.31557,31.25877],[76.31559,31.25881],[76.31565,31.25884],[76.31597,31.25904],[76.31628,31.25927],[76.31635,31.25934],[76.31642,31.25952],[76.31641,31.25985],[76.31628,31.2602],[76.31619,31.26041],[76.31594,31.26058],[76.31505,31.26098],[76.3145,31.26124],[76.31373,31.26164],[76.31347,31.26176],[76.31327,31.2618],[76.31313,31.2618],[76.31305,31.26186],[76.31304,31.2619],[76.31301,31.26205],[76.31297,31.2628],[76.31299,31.26308],[76.31307,31.26318],[76.31315,31.26325],[76.31329,31.26339],[76.31331,31.26347],[76.31328,31.26357],[76.31318,31.2637],[76.31274,31.26416],[76.31257,31.26416],[76.31218,31.26404],[76.31197,31.26402],[76.3116,31.264],[76.31128,31.264],[76.30987,31.26397],[76.30769,31.26392],[76.30752,31.26393],[76.30737,31.264],[76.30659,31.26448],[76.3055,31.26517],[76.3042,31.26596],[76.30384,31.26615],[76.30369,31.26663],[76.30361,31.26691],[76.30335,31.26786],[76.30322,31.26826],[76.30322,31.26851],[76.30332,31.26909],[76.30352,31.2704]]},"properties":{"id":"osm:w262051645","name":"","highway":"tertiary","bridge":false}},{"type":"Feature","geometry":{"type":"LineString","coordinates":[[76.35709,31.37617],[76.35683,31.37614],[76.35667,31.37609],[76.35656,31.37604]]},"properties":{"id":"osm:w288036970","name":"NH503","highway":"trunk","bridge":false}},{"type":"Feature","geometry":{"type":"LineString","coordinates":[[76.36247,31.37954],[76.36261,31.37974],[76.36277,31.3799],[76.36296,31.38005]]},"properties":{"id":"osm:w288036971","name":"NH503","highway":"trunk","bridge":false}},{"type":"Feature","geometry":{"type":"LineString","coordinates":[[76.35566,31.37612],[76.35592,31.37617],[76.35606,31.37622],[76.35617,31.37628]]},"properties":{"id":"osm:w288036972","name":"NH503","highway":"trunk","bridge":false}},{"type":"Feature","geometry":{"type":"LineString","coordinates":[[76.36412,31.38038],[76.3639,31.38034],[76.36368,31.38029],[76.36357,31.38023],[76.36352,31.38018],[76.36343,31.38004]]},"properties":{"id":"osm:w288036973","name":"","highway":"tertiary","bridge":false}},{"type":"Feature","geometry":{"type":"LineString","coordinates":[[76.59749,31.04935],[76.5981,31.05246]]},"properties":{"id":"osm:w288088689","name":"NH205","highway":"trunk","bridge":true}},{"type":"Feature","geometry":{"type":"LineString","coordinates":[[76.62227,31.20675],[76.62163,31.20681]]},"properties":{"id":"osm:w288088692","name":"NH205","highway":"trunk","bridge":true}},{"type":"Feature","geometry":{"type":"LineString","coordinates":[[76.59076,31.11497],[76.59036,31.11584]]},"properties":{"id":"osm:w288088696","name":"NH205","highway":"trunk","bridge":true}},{"type":"Feature","geometry":{"type":"LineString","coordinates":[[76.59884,31.05679],[76.59901,31.05759],[76.59915,31.05841],[76.59937,31.06009],[76.59954,31.06098],[76.59976,31.06222],[76.60008,31.06373],[76.60092,31.06804]]},"properties":{"id":"osm:w288088711","name":"NH205","highway":"trunk","bridge":false}},{"type":"Feature","geometry":{"type":"LineString","coordinates":[[76.59036,31.11584],[76.58959,31.11731],[76.58922,31.11794],[76.58888,31.11867],[76.58655,31.12394],[76.58589,31.12538],[76.58548,31.12635],[76.58531,31.12675],[76.58456,31.12848],[76.58435,31.1291],[76.584,31.13018],[76.58372,31.13092],[76.58339,31.1316]]},"properties":{"id":"osm:w288088712","name":"NH205","highway":"trunk","bridge":false}},{"type":"Feature","geometry":{"type":"LineString","coordinates":[[76.64535,31.42131],[76.64531,31.42141],[76.64528,31.42158],[76.6452,31.4219],[76.64518,31.42276],[76.64521,31.4232],[76.64533,31.42356],[76.64568,31.4238],[76.64612,31.42427],[76.64705,31.42458],[76.64757,31.4248],[76.64832,31.42532],[76.64895,31.42594],[76.64939,31.4265],[76.64999,31.42711],[76.65109,31.42819],[76.65202,31.42906],[76.6527,31.42963],[76.65346,31.43039],[76.65386,31.43074],[76.6542,31.43114],[76.65473,31.432],[76.6552,31.43252],[76.65563,31.43299],[76.65596,31.43346],[76.65688,31.43368],[76.65831,31.43388],[76.65853,31.43405],[76.65865,31.43426],[76.65903,31.4346],[76.65945,31.43524],[76.65979,31.43562],[76.66003,31.43609],[76.65999,31.43621],[76.65941,31.43682],[76.65882,31.43753],[76.65861,31.43792],[76.65859,31.43833],[76.659,31.439],[76.65886,31.43952],[76.65898,31.44017],[76.65918,31.44086],[76.65936,31.44149],[76.65962,31.44229],[76.65996,31.44352],[76.66017,31.4443],[76.66049,31.44481],[76.66065,31.44525],[76.66064,31.44581],[76.66054,31.44641]]},"properties":{"id":"osm:w305259881","name":"","highway":"tertiary","bridge":false}},{"type":"Feature","geometry":{"type":"LineString","coordinates":[[76.65497,31.23759],[76.65528,31.23672],[76.65574,31.23649],[76.65606,31.23637],[76.65649,31.23625],[76.65688,31.23602],[76.65742,31.23609],[76.65764,31.23604],[76.65794,31.23607],[76.65823,31.23597],[76.65836,31.23576],[76.65829,31.23548],[76.65851,31.23496],[76.65847,31.23469],[76.65857,31.23463],[76.65885,31.23456],[76.65904,31.23422],[76.65904,31.2339],[76.65897,31.23356],[76.65898,31.23337],[76.65907,31.23261],[76.65898,31.23241],[76.659,31.23223],[76.65923,31.23189],[76.65919,31.23164],[76.65926,31.2314],[76.65932,31.23113],[76.65921,31.23092],[76.65912,31.23077],[76.6592,31.23059],[76.6594,31.23047],[76.65962,31.23049],[76.65984,31.23058],[76.66007,31.23081],[76.66056,31.23168],[76.66151,31.23225],[76.66163,31.23231],[76.66183,31.23233],[76.66214,31.23251],[76.66312,31.23292],[76.66329,31.23293],[76.66338,31.23282]]},"properties":{"id":"osm:w305259882","name":"","highway":"tertiary","bridge":false}},{"type":"Feature","geometry":{"type":"LineString","coordinates":[[76.624,31.447],[76.62555,31.44745]]},"properties":{"id":"osm:w305305496","name":"","highway":"tertiary","bridge":true}},{"type":"Feature","geometry":{"type":"LineString","coordinates":[[76.61107,31.0275],[76.61155,31.02756],[76.6138,31.02789],[76.6149,31.02803],[76.61545,31.02816],[76.61575,31.0283],[76.6162,31.02852],[76.61656,31.02865],[76.61698,31.02874],[76.61846,31.02894],[76.61853,31.02894],[76.62035,31.02915],[76.62219,31.02917],[76.62355,31.02915],[76.6258,31.02905],[76.62784,31.02902],[76.6294,31.02901]]},"properties":{"id":"osm:w323489315","name":"SH16","highway":"primary","bridge":false}},{"type":"Feature","geometry":{"type":"LineString","coordinates":[[76.53466,30.9666],[76.53446,30.96749],[76.53433,30.96855],[76.53417,30.97002],[76.53405,30.97076]]},"properties":{"id":"osm:w377207440","name":"","highway":"tertiary","bridge":false}},{"type":"Feature","geometry":{"type":"LineString","coordinates":[[76.53538,30.97788],[76.53542,30.97763],[76.53537,30.97718],[76.53521,30.97595],[76.53502,30.9748],[76.53492,30.9742],[76.53478,30.97343],[76.53465,30.97262],[76.53458,30.97225],[76.53455,30.97205],[76.53444,30.97142],[76.53443,30.97125],[76.53449,30.97102],[76.53452,30.97088],[76.53447,30.9708],[76.53437,30.97077]]},"properties":{"id":"osm:w377207441","name":"","highway":"tertiary","bridge":false}},{"type":"Feature","geometry":{"type":"LineString","coordinates":[[76.53437,30.97077],[76.53405,30.97076]]},"properties":{"id":"osm:w377207442","name":"","highway":"tertiary","bridge":false}},{"type":"Feature","geometry":{"type":"LineString","coordinates":[[76.55913,30.99907],[76.55907,30.99911],[76.5591,30.99921],[76.55909,30.99944],[76.55918,31.00006],[76.5592,31.00083],[76.5592,31.00139],[76.55921,31.00169],[76.55918,31.00182],[76.55926,31.00212],[76.55959,31.00288],[76.55964,31.00306],[76.55961,31.00314],[76.55956,31.0032],[76.55941,31.00323],[76.55929,31.00325],[76.5581,31.0033],[76.55795,31.00333],[76.55783,31.00344],[76.55737,31.004],[76.55731,31.00416],[76.55739,31.00518],[76.5574,31.00682],[76.55709,31.0077],[76.55707,31.00798],[76.55714,31.00872],[76.55713,31.00876],[76.55702,31.00912],[76.55684,31.00953],[76.55681,31.00984],[76.5568,31.01019],[76.55686,31.01182],[76.55726,31.02076],[76.55736,31.02308],[76.55743,31.02311],[76.55765,31.0231],[76.56118,31.023],[76.56366,31.02293],[76.56374,31.02295],[76.5638,31.02302],[76.56382,31.02321],[76.56387,31.02407],[76.56395,31.02542],[76.56399,31.02556],[76.5659,31.02787],[76.56592,31.02811],[76.56592,31.02817],[76.5661,31.03254],[76.56615,31.03354]]},"properties":{"id":"osm:w377207445","name":"","highway":"tertiary","bridge":false}},{"type":"Feature","geometry":{"type":"LineString","coordinates":[[76.33812,31.37366],[76.33818,31.37301],[76.33831,31.3716],[76.33832,31.37146],[76.33854,31.36963],[76.33883,31.36728],[76.33888,31.36693],[76.33891,31.36671],[76.33917,31.36477],[76.33944,31.36275],[76.33958,31.36148],[76.33962,31.36108],[76.33982,31.36004],[76.33993,31.35946],[76.34008,31.35871],[76.34053,31.35671],[76.34055,31.35665],[76.34084,31.35535],[76.34113,31.35394],[76.34123,31.35346],[76.34126,31.35332],[76.34166,31.35172],[76.34168,31.35163],[76.34218,31.3502],[76.34254,31.34915],[76.34256,31.34909],[76.34257,31.34903],[76.34274,31.34851],[76.34332,31.34663],[76.34515,31.34151],[76.34584,31.3396],[76.34591,31.33939],[76.34739,31.33562],[76.34875,31.33203],[76.34999,31.32888],[76.35175,31.32533],[76.35261,31.32361],[76.3528,31.32336],[76.35283,31.32332]]},"properties":{"id":"osm:w380051296","name":"","highway":"tertiary","bridge":false}},{"type":"Feature","geometry":{"type":"LineString","coordinates":[[76.52217,30.94357],[76.52254,30.94322],[76.5227,30.94307],[76.52476,30.94075],[76.52507,30.94053],[76.52532,30.94041],[76.52536,30.94039],[76.52761,30.93967],[76.52836,30.9394],[76.52867,30.93929],[76.52922,30.9391],[76.53013,30.93877],[76.5305,30.93873],[76.53083,30.93876],[76.53121,30.93885],[76.53177,30.93909],[76.53222,30.93928],[76.5323,30.93932],[76.53319,30.93974],[76.53375,30.93994],[76.53449,30.94019],[76.535,30.94038],[76.53529,30.94047],[76.53541,30.94052],[76.53551,30.94053]]},"properties":{"id":"osm:w380256159","name":"Ropar Bypass","highway":"trunk","bridge":false}},{"type":"Feature","geometry":{"type":"LineString","coordinates":[[76.34389,31.37907],[76.34398,31.37855]]},"properties":{"id":"osm:w387439586","name":"NH503","highway":"trunk","bridge":true}},{"type":"Feature","geometry":{"type":"LineString","coordinates":[[76.37163,31.37705],[76.37125,31.37714]]},"properties":{"id":"osm:w387439587","name":"","highway":"tertiary","bridge":false}},{"type":"Feature","geometry":{"type":"LineString","coordinates":[[76.35012,31.37819],[76.35043,31.37809],[76.35063,31.37808]]},"properties":{"id":"osm:w387439589","name":"NH503","highway":"secondary","bridge":false}},{"type":"Feature","geometry":{"type":"LineString","coordinates":[[76.63847,31.21216],[76.63821,31.21215],[76.63788,31.21221],[76.63755,31.21221],[76.63751,31.21221],[76.63742,31.2122],[76.63737,31.21218],[76.63732,31.21217],[76.63725,31.21215],[76.6371,31.21207],[76.63686,31.21184],[76.63625,31.21115],[76.6355,31.21016],[76.63491,31.20952],[76.63486,31.20947],[76.63479,31.20942],[76.63471,31.20938],[76.63419,31.20924],[76.63403,31.20923],[76.63389,31.20922],[76.63361,31.20923],[76.63315,31.20922],[76.63305,31.20921],[76.63298,31.20919],[76.6329,31.20918],[76.63284,31.20916],[76.63278,31.20913],[76.63271,31.20909],[76.63266,31.20906],[76.63125,31.20779],[76.62985,31.20662]]},"properties":{"id":"osm:w387478332","name":"NH205","highway":"trunk","bridge":false}},{"type":"Feature","geometry":{"type":"LineString","coordinates":[[76.53541,30.94052],[76.53538,30.94059],[76.53537,30.94061],[76.53528,30.94088],[76.53415,30.94352],[76.53303,30.94614],[76.53244,30.94752],[76.53216,30.94816],[76.53161,30.94946],[76.53124,30.95044],[76.53103,30.95101],[76.53061,30.9521],[76.53042,30.95256],[76.53033,30.95293],[76.53027,30.95342],[76.53026,30.95362],[76.53028,30.95386],[76.53033,30.95411],[76.53045,30.95458],[76.53096,30.95617],[76.53111,30.95667],[76.53146,30.95782],[76.5318,30.95914],[76.53214,30.95991],[76.53225,30.96017],[76.53245,30.96066]]},"properties":{"id":"osm:w395952819","name":"NH205","highway":"trunk","bridge":false}},{"type":"Feature","geometry":{"type":"LineString","coordinates":[[76.53638,30.98318],[76.53651,30.98364],[76.53652,30.98367],[76.53668,30.98419],[76.53686,30.98453],[76.53706,30.98484],[76.53755,30.98537],[76.53802,30.98574],[76.54369,30.98931],[76.54913,30.99277],[76.55568,30.99695],[76.55747,30.99809],[76.55907,30.99911],[76.55942,30.99933],[76.56195,31.00098],[76.56491,31.00292],[76.56648,31.004],[76.56795,31.00496]]},"properties":{"id":"osm:w395952822","name":"NH205","highway":"trunk","bridge":false}},{"type":"Feature","geometry":{"type":"LineString","coordinates":[[76.53461,30.96718],[76.5345,30.96786],[76.53425,30.97007]]},"properties":{"id":"osm:w395952824","name":"NH205","highway":"trunk","bridge":false}},{"type":"Feature","geometry":{"type":"LineString","coordinates":[[76.54286,30.91714],[76.54301,30.91753],[76.54307,30.91781],[76.54312,30.91819],[76.54312,30.91846],[76.54307,30.91873],[76.54298,30.919],[76.54287,30.91925],[76.5426,30.91975],[76.54247,30.91997],[76.54226,30.92036],[76.54202,30.92083],[76.54189,30.92111],[76.54169,30.92164],[76.54151,30.92222],[76.54147,30.92235],[76.54128,30.92309],[76.54113,30.92365],[76.54105,30.92416],[76.54099,30.92464],[76.54091,30.92501],[76.54076,30.92564],[76.54053,30.92653],[76.5404,30.92698]]},"properties":{"id":"osm:w395952826","name":"NH205","highway":"trunk","bridge":false}},{"type":"Feature","geometry":{"type":"LineString","coordinates":[[76.53425,30.97007],[76.53422,30.97073],[76.53426,30.97148]]},"properties":{"id":"osm:w395952832","name":"NH205","highway":"trunk","bridge":true}},{"type":"Feature","geometry":{"type":"LineString","coordinates":[[76.53245,30.96066],[76.53252,30.961],[76.53254,30.96113],[76.53249,30.96168],[76.53244,30.96202],[76.53236,30.96254],[76.53236,30.96286]]},"properties":{"id":"osm:w395952837","name":"NH205","highway":"trunk","bridge":false}},{"type":"Feature","geometry":{"type":"LineString","coordinates":[[76.49894,30.97441],[76.49912,30.97392],[76.49964,30.97317],[76.50098,30.97174],[76.50158,30.97084],[76.50299,30.96882],[76.506,30.96453],[76.5072,30.96267],[76.50864,30.96006],[76.51077,30.95523],[76.51078,30.9552],[76.51092,30.95491],[76.51105,30.95467],[76.51144,30.95395],[76.51154,30.95377],[76.51186,30.95333],[76.51385,30.95135],[76.51587,30.94939],[76.51699,30.94829],[76.518,30.94734],[76.52027,30.94532]]},"properties":{"id":"osm:w395952840","name":"Ropar Bypass","highway":"trunk","bridge":false}},{"type":"Feature","geometry":{"type":"LineString","coordinates":[[76.5215,30.94419],[76.52174,30.94399],[76.52205,30.94371],[76.52217,30.94357]]},"properties":{"id":"osm:w395952846","name":"Ropar Bypass","highway":"trunk","bridge":false}},{"type":"Feature","geometry":{"type":"LineString","coordinates":[[76.49315,30.98289],[76.49318,30.98288],[76.49466,30.98264],[76.49494,30.9826]]},"properties":{"id":"osm:w395952848","name":"Ropar Bypass","highway":"trunk","bridge":true}},{"type":"Feature","geometry":{"type":"LineString","coordinates":[[76.49494,30.9826],[76.49535,30.98245],[76.49554,30.98235],[76.49576,30.98221],[76.496,30.98199],[76.49621,30.98163],[76.49635,30.98124],[76.49894,30.97441]]},"properties":{"id":"osm:w395952850","name":"Ropar Bypass","highway":"trunk","bridge":true}},{"type":"Feature","geometry":{"type":"LineString","coordinates":[[76.53312,30.9625],[76.53337,30.96379]]},"properties":{"id":"osm:w395952857","name":"","highway":"trunk","bridge":false}},{"type":"Feature","geometry":{"type":"LineString","coordinates":[[76.49595,30.98234],[76.49619,30.98238],[76.49868,30.98286],[76.49947,30.98301],[76.5003,30.98337],[76.50091,30.98378],[76.50191,30.98444],[76.50207,30.98449],[76.50223,30.98449]]},"properties":{"id":"osm:w395952860","name":"","highway":"secondary","bridge":false}},{"type":"Feature","geometry":{"type":"LineString","coordinates":[[76.60373,31.10457],[76.60187,31.10474]]},"properties":{"id":"osm:w435782761","name":"NH205","highway":"trunk","bridge":true}},{"type":"Feature","geometry":{"type":"LineString","coordinates":[[76.60557,31.10394],[76.6054,31.1041],[76.60506,31.10428],[76.6047,31.10442],[76.60415,31.10453],[76.60373,31.10457]]},"properties":{"id":"osm:w435782762","name":"NH205","highway":"trunk","bridge":false}},{"type":"Feature","geometry":{"type":"LineString","coordinates":[[76.60187,31.10474],[76.60133,31.10479],[76.60088,31.10489],[76.60044,31.1051],[76.60009,31.10532],[76.59973,31.10567],[76.59917,31.10646],[76.59897,31.10674],[76.59849,31.10749],[76.59816,31.10798]]},"properties":{"id":"osm:w435782763","name":"NH205","highway":"trunk","bridge":false}},{"type":"Feature","geometry":{"type":"LineString","coordinates":[[76.59816,31.10798],[76.59781,31.1085],[76.59731,31.10911],[76.59688,31.10963],[76.59629,31.11021],[76.59582,31.11067],[76.5953,31.11108],[76.59483,31.11145],[76.59356,31.11237],[76.59242,31.11314],[76.59163,31.1137],[76.59134,31.11396],[76.59102,31.11441],[76.59085,31.11474],[76.59076,31.11497]]},"properties":{"id":"osm:w435782764","name":"NH205","highway":"trunk","bridge":false}},{"type":"Feature","geometry":{"type":"LineString","coordinates":[[76.37509,31.36816],[76.37522,31.36783],[76.37542,31.36728]]},"properties":{"id":"osm:w449234539","name":"","highway":"tertiary","bridge":false}},{"type":"Feature","geometry":{"type":"LineString","coordinates":[[76.56705,31.18277],[76.5664,31.18263]]},"properties":{"id":"osm:w460820948","name":"NH205","highway":"trunk","bridge":true}},{"type":"Feature","geometry":{"type":"LineString","coordinates":[[76.56907,31.18334],[76.56948,31.18344],[76.56962,31.18348],[76.57081,31.18389]]},"properties":{"id":"osm:w460820950","name":"NH205","highway":"trunk","bridge":false}},{"type":"Feature","geometry":{"type":"LineString","coordinates":[[76.56647,31.18006],[76.56638,31.18041],[76.56627,31.18074]]},"properties":{"id":"osm:w460820951","name":"NH205","highway":"trunk","bridge":false}},{"type":"Feature","geometry":{"type":"LineString","coordinates":[[76.56929,31.17476],[76.56847,31.17632],[76.56808,31.17707],[76.56769,31.17782]]},"properties":{"id":"osm:w460820952","name":"NH205","highway":"trunk","bridge":false}},{"type":"Feature","geometry":{"type":"LineString","coordinates":[[76.5696,31.18339],[76.56939,31.18333],[76.56899,31.18322],[76.56826,31.18304],[76.56753,31.18288],[76.5671,31.18278],[76.56705,31.18277]]},"properties":{"id":"osm:w460820954","name":"NH205","highway":"trunk","bridge":false}},{"type":"Feature","geometry":{"type":"LineString","coordinates":[[76.56769,31.17782],[76.56755,31.17809],[76.56735,31.17841],[76.56717,31.17869],[76.56699,31.17895],[76.56679,31.17924],[76.56667,31.17952],[76.56653,31.17986],[76.56647,31.18006]]},"properties":{"id":"osm:w460820955","name":"NH205","highway":"trunk","bridge":false}},{"type":"Feature","geometry":{"type":"LineString","coordinates":[[76.55755,31.19979],[76.55762,31.19973],[76.55777,31.1996],[76.55819,31.19928],[76.55827,31.19922],[76.55835,31.19912],[76.55851,31.19893],[76.55854,31.19889],[76.55884,31.19848],[76.56059,31.19615],[76.56149,31.19491],[76.56165,31.1947],[76.56226,31.1939],[76.56295,31.19297],[76.56319,31.19261],[76.56331,31.1924],[76.56339,31.1922],[76.56346,31.19196],[76.56361,31.19148],[76.56393,31.1904],[76.56431,31.18902],[76.56466,31.18783],[76.56478,31.18733],[76.56494,31.1867],[76.56522,31.18582],[76.56542,31.1852],[76.5656,31.18454],[76.56579,31.18366],[76.56593,31.1832],[76.56595,31.18308],[76.56596,31.1829]]},"properties":{"id":"osm:w460820956","name":"NH503","highway":"trunk","bridge":false}},{"type":"Feature","geometry":{"type":"LineString","coordinates":[[76.56647,31.18006],[76.56655,31.18017],[76.56652,31.18045],[76.56644,31.1807],[76.56633,31.18104],[76.56625,31.18133],[76.56613,31.18158],[76.56604,31.18172],[76.56595,31.18188],[76.56586,31.18215],[76.56583,31.18223],[76.56581,31.18244],[76.56584,31.18289],[76.56583,31.18311],[76.5658,31.18331],[76.56575,31.18345],[76.56568,31.18373]]},"properties":{"id":"osm:w460820957","name":"NH503","highway":"trunk","bridge":false}},{"type":"Feature","geometry":{"type":"LineString","coordinates":[[76.59967,31.06099],[76.59954,31.06098],[76.59942,31.06096],[76.59919,31.06085],[76.59897,31.06075],[76.59882,31.06068],[76.59861,31.06057],[76.59827,31.06047],[76.59769,31.06037],[76.59675,31.06018]]},"properties":{"id":"osm:w572907746","name":"","highway":"tertiary","bridge":false}},{"type":"Feature","geometry":{"type":"LineString","coordinates":[[76.66379,31.13027],[76.66339,31.12997],[76.66238,31.12845],[76.66048,31.12628],[76.65927,31.12528],[76.65818,31.12472],[76.65786,31.12453],[76.65692,31.12341],[76.65591,31.12269],[76.654,31.12113],[76.65324,31.12029],[76.65316,31.1202],[76.65248,31.11966],[76.65074,31.11891],[76.65039,31.11877],[76.64999,31.11813],[76.64976,31.11794],[76.64855,31.11762],[76.648,31.11704],[76.64764,31.11679],[76.64664,31.11639],[76.64456,31.11586],[76.64368,31.1158],[76.64233,31.11509],[76.63995,31.11418],[76.63961,31.11402],[76.63888,31.11367],[76.63869,31.11356],[76.63821,31.11302],[76.63774,31.11267],[76.63702,31.11233],[76.63641,31.11201],[76.63383,31.11118],[76.63356,31.11116],[76.63185,31.11107],[76.62991,31.11099],[76.62888,31.11101],[76.62787,31.11108],[76.62756,31.11107],[76.6274,31.11101],[76.62631,31.11034],[76.62569,31.11005],[76.62556,31.10999],[76.62551,31.10994],[76.62552,31.10968],[76.62559,31.10894],[76.62541,31.10723],[76.62547,31.10651],[76.62543,31.1063],[76.62519,31.10583],[76.62486,31.1055],[76.62477,31.10538],[76.62467,31.10482],[76.62461,31.10467],[76.62343,31.10339],[76.62321,31.1029],[76.6227,31.10187],[76.62257,31.10175],[76.62246,31.10166],[76.6219,31.10151],[76.62117,31.10111],[76.62097,31.10103],[76.62074,31.10093],[76.61936,31.10075],[76.61915,31.10068],[76.61891,31.10056],[76.61853,31.10005],[76.61836,31.0999],[76.61609,31.09928],[76.61587,31.09927],[76.61506,31.0994],[76.61494,31.09941],[76.61443,31.09929],[76.61425,31.09924],[76.6141,31.09919],[76.61396,31.09912],[76.61384,31.09905],[76.61368,31.09891],[76.61348,31.09875],[76.61342,31.09871],[76.61334,31.09865],[76.61329,31.09861]]},"properties":{"id":"osm:w572907748","name":"","highway":"tertiary","bridge":false}},{"type":"Feature","geometry":{"type":"LineString","coordinates":[[76.57847,31.14408],[76.57803,31.14391]]},"properties":{"id":"osm:w572907754","name":"","highway":"tertiary","bridge":true}},{"type":"Feature","geometry":{"type":"LineString","coordinates":[[76.57803,31.14391],[76.57781,31.14384]]},"properties":{"id":"osm:w572907755","name":"","highway":"tertiary","bridge":false}},{"type":"Feature","geometry":{"type":"LineString","coordinates":[[76.5712,31.1512],[76.57278,31.1513],[76.57364,31.15136],[76.57471,31.15142],[76.57564,31.15148],[76.57753,31.1516],[76.57812,31.15163],[76.58039,31.15183],[76.58083,31.15185],[76.58093,31.15188]]},"properties":{"id":"osm:w572907756","name":"","highway":"tertiary","bridge":false}},{"type":"Feature","geometry":{"type":"LineString","coordinates":[[76.56938,31.17482],[76.56991,31.17391]]},"properties":{"id":"osm:w572907757","name":"NH205","highway":"trunk","bridge":true}},{"type":"Feature","geometry":{"type":"LineString","coordinates":[[76.56766,31.17809],[76.56828,31.17692],[76.56885,31.17581],[76.56905,31.17543],[76.56925,31.17506],[76.56938,31.17482]]},"properties":{"id":"osm:w572907758","name":"NH205","highway":"trunk","bridge":false}},{"type":"Feature","geometry":{"type":"LineString","coordinates":[[76.58317,31.13255],[76.58356,31.13167]]},"properties":{"id":"osm:w572907759","name":"NH205","highway":"trunk","bridge":true}},{"type":"Feature","geometry":{"type":"LineString","coordinates":[[76.56991,31.17391],[76.57041,31.17293],[76.57105,31.17168],[76.57163,31.1706],[76.57214,31.1696],[76.57275,31.16844],[76.57324,31.16755],[76.57347,31.16714],[76.57394,31.16621],[76.57452,31.16512],[76.57478,31.16467],[76.57518,31.16397],[76.57542,31.16354],[76.57576,31.16276],[76.57579,31.16269],[76.57605,31.16216],[76.57647,31.16142],[76.57679,31.16079],[76.57725,31.15994],[76.57777,31.15878],[76.57825,31.15776],[76.57897,31.15634],[76.57945,31.15535],[76.58011,31.15393],[76.58037,31.15336],[76.58064,31.15274],[76.58081,31.15222],[76.58093,31.15188],[76.58099,31.1517],[76.58107,31.15136],[76.58109,31.15099],[76.58105,31.15063],[76.58095,31.15017],[76.58078,31.14971],[76.58056,31.14932],[76.57992,31.14857],[76.57877,31.14732],[76.57814,31.14665],[76.57785,31.14624],[76.5777,31.14597],[76.5776,31.14571],[76.57752,31.14531],[76.57752,31.145],[76.57752,31.14473],[76.57767,31.1442],[76.57781,31.14384],[76.5779,31.14364],[76.57853,31.14229],[76.57938,31.14039],[76.57983,31.13944],[76.58043,31.13817],[76.58108,31.13659],[76.58148,31.13576],[76.58168,31.13538]]},"properties":{"id":"osm:w572907760","name":"NH205","highway":"trunk","bridge":false}},{"type":"Feature","geometry":{"type":"LineString","coordinates":[[76.58339,31.1316],[76.58298,31.13249]]},"properties":{"id":"osm:w572907761","name":"NH205","highway":"trunk","bridge":true}},{"type":"Feature","geometry":{"type":"LineString","coordinates":[[76.58298,31.13249],[76.58274,31.1331],[76.58233,31.13393],[76.58192,31.13459],[76.58186,31.13472],[76.58118,31.1361],[76.57974,31.13929],[76.57968,31.13939],[76.57871,31.14155],[76.57769,31.1438]]},"properties":{"id":"osm:w572907762","name":"NH205","highway":"trunk","bridge":false}},{"type":"Feature","geometry":{"type":"LineString","coordinates":[[76.59053,31.1159],[76.59091,31.11503]]},"properties":{"id":"osm:w572907763","name":"NH205","highway":"trunk","bridge":true}},{"type":"Feature","geometry":{"type":"LineString","coordinates":[[76.58356,31.13167],[76.58382,31.13103],[76.58411,31.13023],[76.58479,31.12825],[76.5856,31.12639],[76.58595,31.12559],[76.58631,31.12478],[76.58692,31.12344],[76.58813,31.12066],[76.58885,31.11904],[76.58934,31.11808],[76.5898,31.11728],[76.59027,31.11644],[76.59053,31.1159]]},"properties":{"id":"osm:w572907764","name":"NH205","highway":"trunk","bridge":false}},{"type":"Feature","geometry":{"type":"LineString","coordinates":[[76.60183,31.10489],[76.60371,31.10471]]},"properties":{"id":"osm:w572907765","name":"NH205","highway":"trunk","bridge":true}},{"type":"Feature","geometry":{"type":"LineString","coordinates":[[76.59091,31.11503],[76.59107,31.11472],[76.59127,31.11435],[76.59143,31.1141],[76.59167,31.11385],[76.59221,31.11343],[76.59362,31.11246],[76.59419,31.11205],[76.59482,31.1116],[76.59541,31.11117],[76.5963,31.11036],[76.59679,31.10991],[76.59756,31.10909],[76.59787,31.10868],[76.59829,31.10803],[76.59848,31.10774],[76.59935,31.10642],[76.59961,31.106],[76.60001,31.10556],[76.60043,31.10525],[76.60084,31.10507],[76.60123,31.10496],[76.60183,31.10489]]},"properties":{"id":"osm:w572907766","name":"NH205","highway":"trunk","bridge":false}},{"type":"Feature","geometry":{"type":"LineString","coordinates":[[76.59873,31.05626],[76.59884,31.05679]]},"properties":{"id":"osm:w572907767","name":"NH205","highway":"trunk","bridge":true}},{"type":"Feature","geometry":{"type":"LineString","coordinates":[[76.59899,31.05667],[76.59889,31.05604]]},"properties":{"id":"osm:w572907768","name":"NH205","highway":"trunk","bridge":true}},{"type":"Feature","geometry":{"type":"LineString","coordinates":[[76.60371,31.10471],[76.60423,31.10465],[76.60454,31.1046],[76.60486,31.10451],[76.60514,31.10438],[76.60559,31.10411],[76.6057,31.10401],[76.60599,31.10376],[76.60661,31.10314],[76.607,31.10281],[76.60737,31.10254],[76.60769,31.10241],[76.60808,31.10226],[76.60988,31.10146],[76.6112,31.10084],[76.61173,31.10056],[76.61186,31.10048],[76.61197,31.10041],[76.61231,31.10013],[76.61262,31.09974],[76.6133,31.09886],[76.61342,31.09871],[76.6142,31.09771],[76.61456,31.09719],[76.61474,31.09686],[76.61484,31.09646],[76.61491,31.09607],[76.61486,31.09586],[76.61479,31.09551],[76.61461,31.09513],[76.61424,31.0946],[76.61421,31.09456],[76.614,31.09421],[76.61365,31.09383],[76.61343,31.09365],[76.61294,31.09338],[76.61167,31.09275],[76.61079,31.09233],[76.61018,31.09198],[76.60975,31.09168],[76.60943,31.09138],[76.60915,31.09106],[76.60873,31.09054]]},"properties":{"id":"osm:w572907769","name":"NH205","highway":"trunk","bridge":false}},{"type":"Feature","geometry":{"type":"LineString","coordinates":[[76.5981,31.05246],[76.59842,31.05446],[76.59851,31.05496],[76.59862,31.05561],[76.59873,31.05626]]},"properties":{"id":"osm:w572907770","name":"NH205","highway":"trunk","bridge":false}},{"type":"Feature","geometry":{"type":"LineString","coordinates":[[76.59827,31.05246],[76.59767,31.04934]]},"properties":{"id":"osm:w572907771","name":"NH205","highway":"trunk","bridge":true}},{"type":"Feature","geometry":{"type":"LineString","coordinates":[[76.59889,31.05604],[76.59848,31.05368]]},"properties":{"id":"osm:w572907772","name":"NH205","highway":"trunk","bridge":false}},{"type":"Feature","geometry":{"type":"LineString","coordinates":[[76.56856,31.0051],[76.56799,31.00475]]},"properties":{"id":"osm:w572907774","name":"NH205","highway":"trunk","bridge":true}},{"type":"Feature","geometry":{"type":"LineString","coordinates":[[76.59767,31.04934],[76.59749,31.04845],[76.59716,31.04697],[76.59693,31.04576],[76.59679,31.04499],[76.59665,31.04358],[76.59655,31.04236],[76.59641,31.04097],[76.59625,31.03962],[76.59611,31.03825],[76.596,31.03684],[76.59593,31.03595],[76.59581,31.03457],[76.59566,31.03309],[76.59554,31.03121],[76.59543,31.03069],[76.59533,31.03036],[76.59516,31.03002],[76.59454,31.02921],[76.59369,31.02812],[76.59346,31.02774],[76.59326,31.0273],[76.59315,31.02685],[76.59313,31.02676],[76.59286,31.02539],[76.59258,31.02398],[76.59229,31.0225],[76.59206,31.02128],[76.59194,31.02073],[76.5918,31.0204],[76.5917,31.02019],[76.59152,31.01987],[76.59148,31.01979],[76.59127,31.0195],[76.59094,31.01916],[76.5905,31.01882],[76.58973,31.01834]]},"properties":{"id":"osm:w572907775","name":"NH205","highway":"trunk","bridge":false}},{"type":"Feature","geometry":{"type":"LineString","coordinates":[[76.53327,30.97064],[76.53378,30.97071],[76.53405,30.97076]]},"properties":{"id":"osm:w572907778","name":"","highway":"tertiary","bridge":false}},{"type":"Feature","geometry":{"type":"LineString","coordinates":[[76.53472,30.9672],[76.53485,30.96667],[76.53503,30.96614],[76.53515,30.96574],[76.5352,30.9655],[76.53511,30.96517],[76.53497,30.9649],[76.53477,30.96467],[76.53456,30.9645],[76.53419,30.96432],[76.53357,30.96404],[76.53315,30.96382],[76.53294,30.96366],[76.53271,30.96342],[76.53257,30.96314]]},"properties":{"id":"osm:w572907779","name":"NH205","highway":"trunk","bridge":true}},{"type":"Feature","geometry":{"type":"LineString","coordinates":[[76.53257,30.96314],[76.53252,30.96299],[76.53248,30.96289],[76.53247,30.96267],[76.53252,30.96231],[76.53257,30.96188],[76.53265,30.96139],[76.53262,30.96103],[76.53262,30.96094],[76.53249,30.96049],[76.53238,30.96019]]},"properties":{"id":"osm:w572907780","name":"NH205","highway":"trunk","bridge":false}},{"type":"Feature","geometry":{"type":"LineString","coordinates":[[76.53662,30.93787],[76.53679,30.93746]]},"properties":{"id":"osm:w572907788","name":"NH205","highway":"trunk","bridge":true}},{"type":"Feature","geometry":{"type":"LineString","coordinates":[[76.53662,30.9374],[76.53643,30.93781]]},"properties":{"id":"osm:w572907789","name":"NH205","highway":"trunk","bridge":true}},{"type":"Feature","geometry":{"type":"LineString","coordinates":[[76.53679,30.93746],[76.53688,30.93727],[76.53734,30.9363],[76.53761,30.93568],[76.53784,30.93523],[76.53813,30.93467],[76.53824,30.93441],[76.53841,30.934],[76.53849,30.93375],[76.53862,30.93335],[76.53873,30.93292],[76.53892,30.93221],[76.53911,30.9316],[76.5393,30.93115],[76.53941,30.93089],[76.53961,30.93041],[76.53988,30.92956],[76.54005,30.92897],[76.5401,30.9288]]},"properties":{"id":"osm:w572907790","name":"NH205","highway":"trunk","bridge":false}},{"type":"Feature","geometry":{"type":"LineString","coordinates":[[76.53643,30.93781],[76.53615,30.93853],[76.53586,30.93925],[76.53573,30.93968],[76.53564,30.93992],[76.5356,30.94001],[76.53549,30.9403],[76.53541,30.94052]]},"properties":{"id":"osm:w572907791","name":"NH205","highway":"trunk","bridge":false}},{"type":"Feature","geometry":{"type":"LineString","coordinates":[[76.5404,30.92698],[76.54025,30.92755],[76.53993,30.92873]]},"properties":{"id":"osm:w572907792","name":"NH205","highway":"trunk","bridge":true}},{"type":"Feature","geometry":{"type":"LineString","coordinates":[[76.5401,30.9288],[76.54041,30.92763],[76.54059,30.927]]},"properties":{"id":"osm:w572907793","name":"NH205","highway":"trunk","bridge":true}},{"type":"Feature","geometry":{"type":"LineString","coordinates":[[76.54059,30.927],[76.54076,30.92633],[76.5409,30.92579],[76.54102,30.92536],[76.54115,30.92464],[76.54123,30.92397],[76.54133,30.92343],[76.54143,30.92305],[76.54159,30.92244],[76.54162,30.92231],[76.54167,30.92217]]},"properties":{"id":"osm:w572907794","name":"NH205","highway":"trunk","bridge":false}},{"type":"Feature","geometry":{"type":"LineString","coordinates":[[76.53993,30.92873],[76.53976,30.92936],[76.53955,30.93012],[76.53925,30.93095],[76.53904,30.9315],[76.53882,30.93211],[76.53859,30.93289],[76.53854,30.93307],[76.53842,30.93353],[76.53834,30.93375],[76.53828,30.93392],[76.53822,30.9341],[76.53803,30.93457],[76.53775,30.93515],[76.5375,30.93558],[76.5372,30.93614],[76.53679,30.93703],[76.53662,30.9374]]},"properties":{"id":"osm:w572907795","name":"NH205","highway":"trunk","bridge":false}},{"type":"Feature","geometry":{"type":"LineString","coordinates":[[76.5314,30.97187],[76.53134,30.97187],[76.5298,30.97188],[76.52884,30.97189],[76.52751,30.97189],[76.52673,30.97201],[76.52629,30.97208],[76.52609,30.97227],[76.52598,30.97323],[76.52597,30.97332],[76.52591,30.97384],[76.52583,30.97457],[76.5258,30.97476],[76.5253,30.97472],[76.5251,30.9747],[76.52448,30.97464],[76.5235,30.97456],[76.52304,30.97451],[76.52201,30.97429],[76.52177,30.97423],[76.52104,30.97406]]},"properties":{"id":"osm:w589728227","name":"","highway":"tertiary","bridge":false}},{"type":"Feature","geometry":{"type":"LineString","coordinates":[[76.51987,30.98224],[76.51719,30.98073],[76.51627,30.98008],[76.51572,30.97972],[76.51402,30.97775],[76.51388,30.9776],[76.51211,30.97645],[76.51187,30.97623],[76.51127,30.9753],[76.51078,30.97485],[76.51025,30.97458],[76.50815,30.97413],[76.50689,30.97399],[76.5056,30.97394],[76.50473,30.97405],[76.50284,30.97452],[76.50171,30.97466],[76.50008,30.97478],[76.49905,30.97479],[76.49858,30.97477],[76.49613,30.97467],[76.49489,30.97436],[76.49345,30.97365],[76.489,30.97163],[76.48692,30.97084],[76.48663,30.97078],[76.4863,30.97075],[76.4856,30.97074],[76.48492,30.97078],[76.4844,30.9709],[76.48403,30.97104],[76.48255,30.97168],[76.48194,30.97186],[76.4814,30.97199],[76.48096,30.97205],[76.48076,30.97209],[76.48039,30.97214],[76.47983,30.97214],[76.47881,30.97208],[76.47635,30.97193],[76.47512,30.97195],[76.47387,30.97187],[76.47241,30.97179]]},"properties":{"id":"osm:w589825821","name":"IIT Ropar (Main Campus) Road","highway":"tertiary","bridge":false}},{"type":"Feature","geometry":{"type":"LineString","coordinates":[[76.68205,31.25764],[76.68202,31.25786],[76.68236,31.25805],[76.68256,31.25817],[76.68262,31.25833],[76.6826,31.25859],[76.68261,31.25882],[76.6826,31.25922],[76.68296,31.2599],[76.68302,31.26034],[76.68301,31.26091],[76.68345,31.26146],[76.68351,31.26164],[76.68341,31.26177],[76.68347,31.26207],[76.68351,31.26218],[76.68348,31.26225],[76.68341,31.26233],[76.68336,31.26244],[76.68338,31.26255],[76.68342,31.26268],[76.68349,31.26279],[76.68365,31.26292],[76.68391,31.26315],[76.68402,31.26321],[76.68416,31.26327],[76.6844,31.26333],[76.68449,31.26342],[76.68451,31.26363],[76.68446,31.26366],[76.68438,31.26365],[76.68429,31.2636],[76.68418,31.2635],[76.68404,31.26343],[76.68356,31.26328],[76.6835,31.26322],[76.68342,31.26315],[76.68333,31.26305],[76.68323,31.26295],[76.6831,31.26286],[76.68293,31.26273],[76.68277,31.26254],[76.68276,31.26245],[76.68275,31.26236],[76.68274,31.26224],[76.68272,31.26205],[76.6827,31.26193],[76.68267,31.26187],[76.68262,31.26184],[76.68257,31.26185],[76.68254,31.26188],[76.68254,31.26196],[76.68253,31.2621],[76.68247,31.26229],[76.68238,31.26256],[76.6823,31.26273],[76.68231,31.2629],[76.68234,31.26309],[76.68238,31.26335],[76.68247,31.26342],[76.68257,31.26344],[76.68277,31.26344],[76.68291,31.26347],[76.68318,31.26354],[76.68328,31.26367],[76.68325,31.26397],[76.68325,31.26408],[76.6833,31.26419],[76.68338,31.26428],[76.68341,31.26441],[76.68348,31.26458],[76.68356,31.26496],[76.68359,31.26513],[76.68371,31.26525],[76.68373,31.26537],[76.68362,31.26574],[76.6836,31.26588],[76.6835,31.26601],[76.68343,31.26603],[76.68338,31.26603],[76.68325,31.26603],[76.68306,31.26615],[76.68298,31.26628],[76.68277,31.26653],[76.68268,31.2666],[76.68264,31.26668],[76.68261,31.26676],[76.68253,31.26684],[76.68239,31.26689],[76.68222,31.26698],[76.68209,31.26712],[76.68201,31.26748],[76.68191,31.26768],[76.68188,31.26783],[76.68191,31.26796],[76.68201,31.26812],[76.6823,31.26828],[76.68245,31.26827],[76.68255,31.2683],[76.68257,31.26841],[76.68249,31.26856],[76.68241,31.26872],[76.68237,31.26894],[76.68214,31.26925],[76.68201,31.26937],[76.68187,31.26941],[76.68168,31.26943],[76.68156,31.26947],[76.68131,31.26967],[76.68115,31.26981],[76.68101,31.26993],[76.68091,31.27009],[76.68093,31.27018],[76.68104,31.27029],[76.68115,31.27031],[76.68137,31.27024],[76.68154,31.27042],[76.6816,31.27064],[76.68157,31.27072],[76.68145,31.27083],[76.68072,31.27109],[76.68057,31.27117],[76.68044,31.27129],[76.68033,31.27141],[76.68018,31.27159],[76.68014,31.27171],[76.68002,31.27176],[76.6799,31.27181],[76.67978,31.27181],[76.67965,31.27181],[76.67954,31.27186],[76.67947,31.27197],[76.67936,31.27218],[76.6793,31.2723],[76.6793,31.27243],[76.6793,31.27257],[76.67921,31.27279],[76.67925,31.27306],[76.67931,31.27317],[76.67941,31.27332],[76.67953,31.27341],[76.67958,31.27348],[76.67956,31.27356],[76.67947,31.27368],[76.67939,31.27377],[76.67929,31.27383],[76.67916,31.27388],[76.67906,31.27393],[76.67894,31.27402],[76.67883,31.27414],[76.67886,31.27422],[76.67893,31.27452],[76.67897,31.27465],[76.67901,31.27474],[76.67909,31.27477],[76.67915,31.27487],[76.67901,31.27519],[76.67902,31.27528],[76.67898,31.27536],[76.6789,31.27545],[76.67872,31.27574],[76.67857,31.27595],[76.67844,31.27608],[76.67792,31.27632],[76.67761,31.27646],[76.67744,31.27648],[76.67735,31.27647],[76.67727,31.27642],[76.67711,31.27623],[76.67703,31.27612],[76.67698,31.27608],[76.6769,31.27605],[76.67684,31.2761],[76.67679,31.27619],[76.67669,31.27632],[76.67666,31.27637],[76.67659,31.27647],[76.67653,31.27653],[76.67646,31.27659],[76.67636,31.27666],[76.67628,31.27669],[76.67599,31.27677],[76.67589,31.27679],[76.67585,31.27678],[76.67576,31.27677],[76.67571,31.27675],[76.67562,31.27672],[76.67551,31.27675],[76.67548,31.27683],[76.67551,31.27699],[76.6755,31.27704],[76.67547,31.27706],[76.67541,31.27708],[76.67532,31.27713],[76.67526,31.27717],[76.67507,31.2773],[76.67502,31.27737],[76.67498,31.27745],[76.67497,31.27751],[76.67494,31.27762],[76.67501,31.27774],[76.67505,31.27776],[76.6751,31.27776],[76.6752,31.27776],[76.67529,31.27779],[76.67538,31.27784],[76.67547,31.27794],[76.67557,31.27805],[76.67561,31.2781],[76.67567,31.27815],[76.67573,31.27821],[76.67574,31.27828],[76.67569,31.27871],[76.67569,31.27892],[76.67567,31.27908],[76.67567,31.27927],[76.67571,31.27943],[76.67577,31.27969],[76.67577,31.27986],[76.67573,31.27994],[76.67559,31.28004],[76.67507,31.28031],[76.67497,31.28035],[76.67486,31.28046],[76.67474,31.28059],[76.67456,31.28091],[76.67435,31.28141],[76.67419,31.28196],[76.67408,31.2821],[76.67399,31.28218],[76.67388,31.28223],[76.67383,31.28221],[76.6737,31.28219],[76.67343,31.28224],[76.67331,31.28224],[76.67303,31.28224],[76.67276,31.28233],[76.67263,31.28239],[76.67221,31.28263],[76.67211,31.2827],[76.672,31.28279],[76.6719,31.28293],[76.67188,31.28303],[76.67186,31.28313],[76.6719,31.2834],[76.67187,31.28352],[76.67178,31.28358],[76.67171,31.28359],[76.67151,31.2835],[76.67134,31.28344],[76.67113,31.28344],[76.67095,31.28349],[76.67068,31.28364],[76.67052,31.28374],[76.67044,31.28384],[76.67031,31.28394],[76.67015,31.28396],[76.66995,31.28392],[76.66981,31.28387],[76.6697,31.28387],[76.66962,31.28391],[76.66958,31.28398],[76.6696,31.28405],[76.6698,31.28436],[76.66992,31.28447],[76.67006,31.28456],[76.6702,31.28463],[76.67033,31.28468],[76.6704,31.28471],[76.67046,31.28496],[76.67035,31.28516],[76.67029,31.28524],[76.6702,31.28531],[76.67013,31.28535],[76.67005,31.28535],[76.66985,31.28529],[76.66946,31.28505],[76.66932,31.28496],[76.66916,31.28488],[76.66901,31.28486],[76.66884,31.28484],[76.66868,31.28484],[76.66852,31.28498],[76.6678,31.28563],[76.66767,31.28577],[76.66761,31.28592],[76.66758,31.28608],[76.66743,31.28642],[76.66734,31.28658],[76.66723,31.2867],[76.66706,31.28672],[76.66633,31.28693],[76.66619,31.28703],[76.66608,31.28721],[76.66588,31.28747],[76.66577,31.28754],[76.66564,31.28754],[76.66551,31.28749],[76.66547,31.28739],[76.66542,31.28725],[76.66532,31.287],[76.66518,31.2869],[76.66497,31.28675],[76.66463,31.28666],[76.66423,31.28661],[76.66398,31.28662],[76.66385,31.28659],[76.66368,31.28652],[76.66353,31.28646],[76.6632,31.28635],[76.66303,31.28629],[76.66281,31.2863],[76.66258,31.28633],[76.6623,31.28642],[76.66217,31.28643],[76.66205,31.28642],[76.66191,31.28639],[76.66167,31.28639],[76.66157,31.28643],[76.66146,31.28656],[76.66136,31.28671],[76.66125,31.2871],[76.66127,31.2872],[76.66143,31.28731],[76.6615,31.28736],[76.66149,31.28754],[76.66142,31.28791],[76.6613,31.28805],[76.66124,31.28813],[76.66119,31.28824],[76.66121,31.28846],[76.66125,31.28902],[76.6613,31.28919],[76.66133,31.28933],[76.66138,31.28943],[76.66138,31.28957],[76.66125,31.28977],[76.66106,31.28985],[76.6607,31.29006],[76.66045,31.29008],[76.66024,31.29011],[76.66011,31.29017],[76.65997,31.29025],[76.65994,31.29033],[76.65995,31.29045],[76.66001,31.29058],[76.66003,31.29083],[76.65991,31.29097],[76.65958,31.29136],[76.6593,31.29173],[76.65919,31.29188],[76.65906,31.29193],[76.65848,31.29217],[76.65816,31.29238],[76.65802,31.29246],[76.65797,31.29251],[76.65796,31.29262],[76.65808,31.29273],[76.65826,31.29298],[76.65825,31.29307],[76.65813,31.29318],[76.65763,31.29367],[76.65724,31.29395],[76.65694,31.29417],[76.65685,31.29424],[76.65678,31.29431],[76.65679,31.29438],[76.6568,31.29458]]},"properties":{"id":"osm:w591735323","name":"","highway":"tertiary","bridge":false}},{"type":"Feature","geometry":{"type":"LineString","coordinates":[[76.54089,31.30492],[76.54093,31.30461],[76.54104,31.30429],[76.54121,31.30417],[76.54123,31.30406],[76.54105,31.30345],[76.54106,31.30336],[76.54111,31.30326],[76.54121,31.30322],[76.54209,31.30312],[76.5422,31.30314],[76.54269,31.30328],[76.54308,31.30333],[76.54322,31.30334],[76.5444,31.30387],[76.54466,31.30405],[76.54493,31.30435],[76.5451,31.30446],[76.54537,31.30458],[76.54554,31.30463],[76.54573,31.30461],[76.54607,31.3045],[76.5468,31.30444],[76.54735,31.30426],[76.54742,31.30426],[76.54755,31.30435],[76.54768,31.3044],[76.54785,31.30437],[76.54803,31.30417],[76.5481,31.30398],[76.54806,31.30369],[76.54807,31.30342],[76.54834,31.30281],[76.54843,31.30226],[76.54874,31.30168],[76.54879,31.30161],[76.54891,31.30159],[76.54992,31.30152],[76.55011,31.30143],[76.55032,31.30112],[76.55041,31.30106],[76.55096,31.30089],[76.55108,31.30083],[76.5514,31.30058],[76.55155,31.30051],[76.55202,31.30042],[76.55239,31.30021],[76.55249,31.30011],[76.55259,31.29998],[76.55261,31.29986],[76.55259,31.29973],[76.55197,31.29894],[76.55172,31.29877],[76.5515,31.29867],[76.55143,31.29862],[76.55136,31.29855],[76.55133,31.29852],[76.55132,31.29845],[76.5513,31.2984],[76.55131,31.29835],[76.55133,31.29828],[76.55138,31.29822],[76.55144,31.29819],[76.55206,31.29803],[76.55237,31.29792],[76.55257,31.29779],[76.55288,31.29757],[76.55305,31.29742],[76.55323,31.2972],[76.55336,31.29711],[76.55359,31.29704],[76.55478,31.29651],[76.55486,31.29651],[76.55496,31.29651],[76.55537,31.29675],[76.55546,31.29677],[76.55566,31.29675],[76.55576,31.2967],[76.55623,31.29626],[76.55633,31.2962],[76.55703,31.2961],[76.55715,31.2961],[76.55741,31.29618],[76.55758,31.29619],[76.55784,31.29616],[76.55793,31.29612],[76.55802,31.29599],[76.55806,31.29589],[76.55803,31.29576],[76.55793,31.29534],[76.55797,31.29525],[76.55833,31.29473],[76.55842,31.29468],[76.55912,31.29448],[76.55948,31.29421],[76.56019,31.29419],[76.56048,31.29429],[76.56066,31.29426],[76.56079,31.29418],[76.56086,31.29406],[76.56107,31.29367],[76.56156,31.29334],[76.56166,31.29329],[76.56203,31.29319],[76.56216,31.29311],[76.56228,31.2928],[76.56231,31.29271],[76.56229,31.29262],[76.56222,31.29257],[76.56191,31.29245],[76.56183,31.29237],[76.5618,31.29229],[76.56175,31.292],[76.56174,31.2919],[76.56178,31.2918],[76.56193,31.29166],[76.56222,31.29119],[76.5624,31.29105],[76.5625,31.2909],[76.5626,31.29073],[76.56258,31.29059],[76.56247,31.29051],[76.56232,31.29047],[76.56195,31.2905],[76.56186,31.29048],[76.56178,31.29043],[76.56173,31.29034],[76.56173,31.29025],[76.56179,31.28993],[76.56177,31.28983],[76.56171,31.28967],[76.56169,31.28932],[76.56159,31.2891],[76.5616,31.28894],[76.56162,31.28886],[76.56167,31.28879],[76.56176,31.28875],[76.5621,31.28871],[76.56219,31.28866],[76.56244,31.28846],[76.56258,31.2884],[76.56272,31.2884],[76.56317,31.28851],[76.56358,31.28854],[76.56376,31.28854],[76.56497,31.2881],[76.56531,31.28808],[76.56582,31.28786],[76.56594,31.2878],[76.56607,31.28771],[76.56616,31.28759],[76.56645,31.287],[76.56692,31.28659],[76.56703,31.2865],[76.56719,31.28629],[76.56731,31.28605],[76.56736,31.28578],[76.56734,31.28561],[76.56726,31.28539],[76.56728,31.28529],[76.56737,31.28509],[76.56754,31.28497],[76.5677,31.28491],[76.56795,31.28491],[76.56864,31.28491],[76.56943,31.28452],[76.56963,31.28445],[76.56981,31.28433],[76.57007,31.28406],[76.57016,31.28394],[76.57064,31.28345],[76.57093,31.28306],[76.57098,31.28304],[76.57104,31.28302],[76.57115,31.283],[76.57145,31.28302],[76.57183,31.28295],[76.57221,31.28283],[76.57359,31.28258],[76.57402,31.28254],[76.57421,31.28237],[76.57446,31.28229],[76.57502,31.28188],[76.57545,31.28191],[76.5761,31.28156],[76.57748,31.28048],[76.57771,31.28003],[76.57791,31.27993],[76.57804,31.27975],[76.57809,31.27956],[76.57809,31.27939],[76.57803,31.27907],[76.57814,31.27882],[76.57796,31.2781],[76.57798,31.27802],[76.57802,31.27798],[76.57813,31.27795],[76.57852,31.27795],[76.57916,31.27767],[76.57968,31.27757],[76.58065,31.27723],[76.58119,31.27684],[76.58136,31.2767],[76.58149,31.27644],[76.58139,31.27612],[76.58161,31.27568],[76.58158,31.27536],[76.58166,31.27502],[76.58164,31.27444],[76.58203,31.27436],[76.5824,31.27447],[76.58256,31.27447],[76.58296,31.27433],[76.58342,31.27413],[76.58397,31.27415],[76.58429,31.27398],[76.5846,31.27359],[76.58497,31.27302],[76.58552,31.2729],[76.58589,31.27274],[76.58649,31.2729],[76.58677,31.27284],[76.58732,31.27263],[76.58777,31.27228],[76.58803,31.27183],[76.58849,31.27162],[76.58883,31.27132],[76.58889,31.27106],[76.5889,31.27046],[76.5895,31.26995],[76.58986,31.26945],[76.59,31.26876],[76.59,31.26833],[76.58996,31.26824],[76.58983,31.26818],[76.58968,31.26814],[76.58926,31.26819],[76.58909,31.26817],[76.58897,31.26813],[76.58887,31.26805],[76.58882,31.26793],[76.58882,31.26783],[76.58888,31.26776],[76.58937,31.26737],[76.58955,31.26726],[76.5899,31.26698],[76.58997,31.26682],[76.58996,31.26662],[76.59005,31.26652],[76.5902,31.26633],[76.59046,31.26529],[76.59049,31.26519],[76.59055,31.26514],[76.59068,31.26511],[76.59079,31.26511],[76.59092,31.26513],[76.59129,31.2653],[76.59145,31.26532],[76.59159,31.26531],[76.59171,31.26531],[76.59182,31.26527],[76.59192,31.26521],[76.592,31.26511],[76.59283,31.26414],[76.59328,31.2633],[76.594,31.26281],[76.59416,31.26266],[76.59431,31.26222],[76.5944,31.26173],[76.59429,31.26154],[76.59457,31.26096],[76.59513,31.26074],[76.59538,31.26065],[76.59562,31.26032],[76.59575,31.26023],[76.59614,31.26035],[76.59645,31.26026],[76.59649,31.26025],[76.59689,31.26041],[76.59709,31.26041],[76.59754,31.26038],[76.59768,31.26033],[76.59787,31.2601],[76.59813,31.26003],[76.59847,31.25986],[76.59886,31.25942],[76.59938,31.25911],[76.60042,31.25799],[76.60112,31.25755],[76.60173,31.25675],[76.60248,31.25594],[76.60283,31.25556],[76.60299,31.25504],[76.60412,31.25445],[76.60504,31.25363],[76.60578,31.25266],[76.60627,31.25252],[76.60663,31.25198],[76.60693,31.2518],[76.60738,31.25178],[76.60785,31.25154],[76.60832,31.2513],[76.6084,31.25124],[76.60881,31.25086],[76.60904,31.25065],[76.60906,31.25061],[76.60911,31.25038],[76.60914,31.25034],[76.60924,31.25025],[76.60926,31.25022],[76.6093,31.25009],[76.60933,31.25005],[76.60943,31.24998],[76.61015,31.24931],[76.61019,31.24922],[76.61023,31.24913],[76.61024,31.2491],[76.61026,31.24908],[76.61029,31.24906],[76.61032,31.24904],[76.61035,31.24904],[76.61038,31.24903],[76.61042,31.24904],[76.61045,31.24905],[76.6107,31.24917],[76.61078,31.2492],[76.61109,31.24928],[76.6112,31.2493],[76.61162,31.24929],[76.61171,31.24931],[76.61194,31.24936],[76.61201,31.24936],[76.61219,31.24932],[76.61231,31.24932],[76.61258,31.24932],[76.61268,31.24931],[76.61279,31.24929],[76.61303,31.24917],[76.61311,31.24911],[76.61334,31.24891],[76.61354,31.24869],[76.61359,31.24865],[76.61365,31.24861],[76.61431,31.24832],[76.61476,31.24812],[76.61505,31.24784],[76.61513,31.24773],[76.61533,31.24726],[76.61541,31.24712],[76.6158,31.24676],[76.61584,31.24673],[76.61588,31.24671],[76.61592,31.2467],[76.61597,31.24669],[76.61601,31.24669],[76.61606,31.2467],[76.6161,31.24671],[76.61614,31.24673],[76.61685,31.24711],[76.61703,31.24721],[76.61747,31.24748],[76.6175,31.2475],[76.61754,31.24751],[76.61759,31.24751],[76.61763,31.24751],[76.61767,31.24749],[76.6177,31.24747],[76.61785,31.24738],[76.61812,31.24729],[76.6182,31.24726],[76.61831,31.24723],[76.61842,31.24721],[76.61852,31.24719],[76.6186,31.24719],[76.6192,31.24721],[76.61929,31.24721],[76.61968,31.24716],[76.61976,31.24714],[76.61982,31.2471],[76.61988,31.24705],[76.61996,31.24687],[76.62014,31.24663],[76.62042,31.24616],[76.62057,31.24542],[76.62058,31.24538],[76.6206,31.24533],[76.62063,31.24529],[76.62082,31.24506],[76.62085,31.24504],[76.62089,31.24502],[76.62096,31.245],[76.62127,31.2449],[76.62145,31.2448],[76.62158,31.24471],[76.62165,31.24461],[76.62176,31.24443],[76.62181,31.24437],[76.62206,31.24419],[76.62213,31.24416],[76.62227,31.2441],[76.62236,31.24406],[76.62245,31.24404],[76.62256,31.24404],[76.62265,31.24405],[76.62294,31.24412],[76.62301,31.24413],[76.62311,31.24412],[76.62322,31.24411],[76.62334,31.24407],[76.62352,31.24399],[76.62357,31.24396],[76.62363,31.24396],[76.62377,31.24398],[76.62385,31.24398],[76.62418,31.24389],[76.62463,31.24366],[76.62474,31.24362],[76.62517,31.24353],[76.62528,31.24348],[76.62543,31.24339],[76.6257,31.24326],[76.62596,31.24321],[76.62609,31.24316],[76.62642,31.24312],[76.62648,31.24313],[76.62654,31.24314],[76.6266,31.24317],[76.62664,31.24319],[76.62669,31.24323],[76.62674,31.24327],[76.62677,31.2433],[76.62681,31.24336],[76.62684,31.24341],[76.62686,31.24347],[76.6269,31.2436],[76.62695,31.24384],[76.62697,31.24418],[76.62702,31.24432],[76.62702,31.24435],[76.62697,31.24441],[76.62696,31.24445],[76.62694,31.2446],[76.62694,31.24463],[76.62695,31.24465],[76.62696,31.24468],[76.62697,31.24471],[76.62699,31.24473],[76.62701,31.24476],[76.62703,31.24478],[76.62706,31.24479],[76.62711,31.24481],[76.62716,31.24482],[76.62722,31.24482],[76.62727,31.24481],[76.62732,31.2448],[76.62738,31.24478],[76.62757,31.2447],[76.62789,31.24449],[76.628,31.24442],[76.62815,31.24438],[76.6283,31.24436],[76.62846,31.24436],[76.62876,31.24442],[76.62903,31.2445],[76.62923,31.24459],[76.62937,31.24471],[76.62945,31.24474],[76.62955,31.24474],[76.62983,31.24466],[76.63021,31.2446],[76.63043,31.2445],[76.63086,31.24419],[76.63133,31.24381],[76.63152,31.24362],[76.63179,31.24346],[76.63186,31.24342],[76.63193,31.2434],[76.63201,31.2434],[76.63207,31.24342],[76.63218,31.24347],[76.63234,31.24362],[76.6324,31.24366],[76.63255,31.24371],[76.63272,31.2438],[76.63295,31.24387],[76.63329,31.24386],[76.63335,31.24387],[76.63343,31.24392],[76.6338,31.2442],[76.63405,31.24427],[76.63419,31.24442],[76.63426,31.24446],[76.63472,31.24455],[76.6348,31.24454],[76.63535,31.24444],[76.63551,31.24446],[76.63601,31.24443],[76.63625,31.24423],[76.63633,31.2442],[76.63656,31.2442],[76.63665,31.24417],[76.63707,31.24387],[76.63716,31.24383],[76.63746,31.24381],[76.63755,31.24379],[76.63766,31.24373],[76.63787,31.2436],[76.63803,31.24345],[76.63812,31.24328],[76.63824,31.24276],[76.63834,31.24264],[76.63872,31.24257],[76.63885,31.24253],[76.63928,31.24228],[76.63934,31.24222],[76.63941,31.24203],[76.63982,31.24153],[76.63996,31.24131],[76.6405,31.24077],[76.6406,31.24071],[76.6407,31.24071],[76.64103,31.24087],[76.64139,31.24098],[76.64174,31.24104],[76.64205,31.24125],[76.64221,31.2413],[76.64305,31.24137],[76.64321,31.24136],[76.6439,31.24124],[76.64466,31.24116],[76.64479,31.24118],[76.64509,31.24127],[76.64597,31.24131],[76.64632,31.24132],[76.6464,31.24134],[76.64702,31.24157],[76.64719,31.24161],[76.64759,31.24163],[76.64774,31.2416],[76.64896,31.24094],[76.64908,31.24084],[76.64933,31.24039],[76.64945,31.24032],[76.6496,31.24032],[76.65046,31.24047],[76.65075,31.24034],[76.65092,31.24032],[76.65103,31.24027],[76.65119,31.24004],[76.65129,31.23999],[76.6519,31.24007],[76.65241,31.24005],[76.6533,31.23981],[76.65379,31.23932],[76.65395,31.23915],[76.654,31.23896],[76.65395,31.23806],[76.65494,31.23764],[76.65497,31.23759]]},"properties":{"id":"osm:w614172412","name":"","highway":"tertiary","bridge":false}},{"type":"Feature","geometry":{"type":"LineString","coordinates":[[76.44103,31.22446],[76.44427,31.23327]]},"properties":{"id":"osm:w620306217","name":"","highway":"secondary","bridge":true}},{"type":"Feature","geometry":{"type":"LineString","coordinates":[[76.42176,31.20303],[76.42385,31.20494],[76.42606,31.20708],[76.4289,31.20993],[76.42894,31.20997],[76.43172,31.21277],[76.43223,31.21328],[76.43518,31.21623],[76.43703,31.21809],[76.43781,31.21888],[76.43872,31.21981],[76.43897,31.22014],[76.43921,31.22045],[76.43962,31.22105],[76.44008,31.22186],[76.44049,31.22298],[76.44079,31.2238],[76.44103,31.22446]]},"properties":{"id":"osm:w620306218","name":"","highway":"secondary","bridge":false}},{"type":"Feature","geometry":{"type":"LineString","coordinates":[[76.36933,31.01702],[76.37054,31.01927],[76.37142,31.02087],[76.37144,31.02091],[76.37208,31.02207],[76.37294,31.02335],[76.37429,31.02519],[76.375,31.02616],[76.3771,31.02908],[76.37776,31.03064],[76.37844,31.03207],[76.38001,31.03529],[76.38009,31.03572],[76.38011,31.03727],[76.38011,31.03799],[76.38005,31.03974],[76.37997,31.03999],[76.37966,31.04038],[76.37946,31.04065],[76.37937,31.04076],[76.37893,31.04126],[76.37887,31.04133],[76.37823,31.04215],[76.37816,31.04224],[76.37806,31.04243],[76.37807,31.04283],[76.37809,31.04319],[76.37806,31.04337],[76.37717,31.04456],[76.37546,31.0464],[76.37499,31.0469],[76.3744,31.04753],[76.3738,31.04812],[76.37325,31.04871],[76.37225,31.0499],[76.37127,31.05099],[76.37101,31.05136],[76.37091,31.05162],[76.3709,31.05478],[76.37085,31.05496],[76.37034,31.05583],[76.37017,31.05645],[76.37007,31.05676],[76.36905,31.05819],[76.36827,31.05932],[76.36731,31.06071],[76.36723,31.06092],[76.36725,31.06209],[76.36728,31.06367],[76.36725,31.06383],[76.36627,31.06575],[76.36622,31.06601],[76.36622,31.06605],[76.36624,31.06611],[76.3663,31.06634],[76.36617,31.06663],[76.36617,31.06694],[76.36602,31.06721],[76.36599,31.06726],[76.36575,31.0674],[76.36572,31.0674],[76.36529,31.06748],[76.3649,31.06756],[76.3646,31.06764],[76.36389,31.06767],[76.36297,31.06828],[76.36246,31.06864],[76.36245,31.06914],[76.3625,31.07222],[76.36253,31.07393],[76.36263,31.07566],[76.36261,31.07583],[76.36236,31.07621],[76.36231,31.07632],[76.36223,31.07649],[76.3621,31.07816],[76.36206,31.07851],[76.36154,31.07852],[76.36063,31.07857]]},"properties":{"id":"osm:w625733093","name":"","highway":"tertiary","bridge":false}},{"type":"Feature","geometry":{"type":"LineString","coordinates":[[76.30641,31.05849],[76.30505,31.05755],[76.30417,31.05692],[76.30336,31.05634],[76.3033,31.0563],[76.30262,31.05585],[76.3026,31.05583],[76.30215,31.05553],[76.30202,31.05545],[76.30189,31.05543],[76.30175,31.05546],[76.30151,31.05556],[76.30079,31.05584],[76.30068,31.05588],[76.30014,31.05609],[76.29886,31.05652],[76.29881,31.05656],[76.2982,31.05755],[76.29809,31.0576]]},"properties":{"id":"osm:w625733112","name":"","highway":"tertiary","bridge":false}},{"type":"Feature","geometry":{"type":"LineString","coordinates":[[76.41261,31.15861],[76.4123,31.15848]]},"properties":{"id":"osm:w625733114","name":"","highway":"tertiary","bridge":true}},{"type":"Feature","geometry":{"type":"LineString","coordinates":[[76.4123,31.15848],[76.41209,31.15837],[76.41166,31.15796],[76.41143,31.15774],[76.41088,31.15755],[76.41034,31.15738],[76.41014,31.15722],[76.41008,31.15709],[76.41011,31.15696],[76.41026,31.15669],[76.41029,31.15648],[76.41026,31.15629],[76.41028,31.15607],[76.41033,31.15586],[76.4103,31.15578],[76.41024,31.15573],[76.41002,31.15554],[76.40997,31.15546],[76.40993,31.1552],[76.40982,31.15458],[76.40975,31.15447],[76.40947,31.15423],[76.40902,31.15412],[76.40887,31.15406],[76.40876,31.1538],[76.40868,31.15322],[76.40865,31.15317],[76.40784,31.15295],[76.40766,31.15292],[76.40757,31.15289],[76.40741,31.15278],[76.407,31.15221],[76.40696,31.15212],[76.40698,31.15195],[76.40705,31.15165],[76.40704,31.15155],[76.40691,31.15142],[76.40632,31.15108],[76.40564,31.15099],[76.40534,31.15104],[76.40496,31.15117],[76.40472,31.15138],[76.40464,31.15142],[76.40421,31.1515],[76.40339,31.15175],[76.40328,31.15175],[76.40323,31.15169],[76.40321,31.15161],[76.4031,31.15092],[76.40299,31.15085],[76.40288,31.15084],[76.4026,31.15107],[76.40249,31.15109],[76.40236,31.15103],[76.40225,31.15102],[76.40216,31.15109],[76.40187,31.15123],[76.40095,31.15132],[76.40063,31.15151],[76.40054,31.15151],[76.40046,31.15145],[76.40047,31.15137],[76.4006,31.15108],[76.40059,31.15101],[76.4005,31.15099],[76.4001,31.15115],[76.3999,31.15123],[76.39968,31.15122],[76.39882,31.15084],[76.39856,31.15059],[76.39818,31.15038],[76.3979,31.15005],[76.39762,31.14986],[76.39757,31.14978],[76.39756,31.14968],[76.39796,31.14889],[76.398,31.14872],[76.39801,31.14863],[76.39779,31.14838],[76.3975,31.14823],[76.39745,31.14807],[76.39739,31.14787],[76.39727,31.14779],[76.3962,31.14748],[76.39613,31.14739],[76.39591,31.14706],[76.3957,31.14696],[76.3953,31.14692],[76.39473,31.14702],[76.39383,31.14691],[76.39361,31.14678],[76.39329,31.1464],[76.39311,31.14635],[76.3929,31.1464],[76.39158,31.14703],[76.39064,31.14748],[76.39017,31.1479],[76.39002,31.14793],[76.38974,31.14792],[76.38933,31.1478],[76.38916,31.14784],[76.38896,31.14796],[76.38818,31.14829],[76.38793,31.14854],[76.38776,31.14885],[76.38763,31.1489],[76.38736,31.1489],[76.38731,31.14894],[76.38699,31.14974],[76.38696,31.15012],[76.38732,31.1507],[76.38733,31.15083],[76.38673,31.15173],[76.38628,31.15197],[76.38614,31.15197],[76.38601,31.15193],[76.38577,31.15189],[76.38533,31.15208],[76.38515,31.15211],[76.38484,31.15203],[76.38427,31.15187],[76.3841,31.15188],[76.38363,31.15229],[76.38357,31.15253],[76.38344,31.15273],[76.38289,31.15309],[76.38284,31.15316],[76.38278,31.15345],[76.38263,31.15354],[76.38188,31.15379],[76.38178,31.15378],[76.3817,31.15371],[76.38142,31.15276],[76.38145,31.15265],[76.38164,31.15189],[76.38157,31.15162],[76.38108,31.1511],[76.38087,31.15096],[76.38031,31.15086],[76.37992,31.15036],[76.37984,31.15021],[76.37987,31.14949],[76.37981,31.1494],[76.37944,31.14904],[76.37935,31.1489],[76.37936,31.14853],[76.37941,31.14808],[76.37936,31.14801],[76.3784,31.14748],[76.3779,31.14733],[76.37777,31.14723],[76.37733,31.14672],[76.3771,31.14669],[76.37661,31.14668],[76.37638,31.14666],[76.37603,31.14633],[76.37596,31.14617],[76.37614,31.14542],[76.37623,31.14518],[76.37623,31.14511],[76.37585,31.14486],[76.37566,31.1447],[76.37556,31.14468],[76.37484,31.14463],[76.37476,31.1446],[76.3743,31.14432],[76.3741,31.14426],[76.37405,31.14419],[76.37386,31.14383],[76.37373,31.14377],[76.37352,31.14374],[76.37279,31.14381],[76.37206,31.14418],[76.37195,31.14419],[76.37183,31.14415],[76.37162,31.14398],[76.3715,31.14397],[76.37108,31.14408],[76.37088,31.14408],[76.37064,31.14406],[76.37041,31.14384],[76.37033,31.14355],[76.37035,31.14337],[76.3706,31.14303],[76.37061,31.14292],[76.37053,31.14274],[76.37041,31.14265],[76.37024,31.14264],[76.36973,31.14277],[76.36966,31.14288],[76.36965,31.14299],[76.36948,31.14317],[76.36932,31.14323],[76.3692,31.14323],[76.36914,31.14317],[76.36886,31.14266],[76.36885,31.14256],[76.36902,31.1422],[76.36916,31.14207],[76.36921,31.14197],[76.36915,31.14121],[76.3691,31.14115],[76.36899,31.14116],[76.36893,31.14123],[76.36874,31.14174],[76.3686,31.14183],[76.36844,31.14186],[76.36825,31.14188],[76.36717,31.14242],[76.36691,31.14247],[76.3668,31.14243],[76.36658,31.14213],[76.36599,31.14143],[76.36579,31.14135],[76.3656,31.14133],[76.36515,31.14146],[76.36503,31.14142],[76.36501,31.14135],[76.36501,31.14108],[76.36464,31.14052],[76.36463,31.14041],[76.36478,31.13995],[76.36479,31.13991],[76.3645,31.13953],[76.36402,31.13907],[76.36385,31.13887],[76.36382,31.13876],[76.36388,31.13863],[76.36419,31.13837],[76.36425,31.13822],[76.36418,31.13808],[76.36365,31.1377],[76.36334,31.13763],[76.36322,31.13756],[76.36322,31.13738],[76.36326,31.13709],[76.36317,31.13669],[76.36305,31.1366],[76.36253,31.13647],[76.36238,31.13651],[76.36166,31.13685],[76.36141,31.1369],[76.36115,31.13688],[76.36089,31.13683],[76.36045,31.13689],[76.36024,31.13683],[76.36007,31.13675],[76.3598,31.13679],[76.35964,31.13683],[76.3594,31.13683],[76.35867,31.13674],[76.3578,31.13672],[76.35621,31.13674],[76.35607,31.13681]]},"properties":{"id":"osm:w625733116","name":"","highway":"tertiary","bridge":false}},{"type":"Feature","geometry":{"type":"LineString","coordinates":[[76.4149,31.16072],[76.41445,31.16061]]},"properties":{"id":"osm:w625733118","name":"","highway":"tertiary","bridge":true}},{"type":"Feature","geometry":{"type":"LineString","coordinates":[[76.41445,31.16061],[76.41432,31.16051],[76.41426,31.16039],[76.41411,31.1601],[76.41398,31.15999],[76.41377,31.15986],[76.41358,31.1598],[76.41296,31.15946],[76.4128,31.15931],[76.41274,31.15919],[76.41278,31.15889],[76.41273,31.15876],[76.41261,31.15861]]},"properties":{"id":"osm:w625733119","name":"","highway":"tertiary","bridge":false}},{"type":"Feature","geometry":{"type":"LineString","coordinates":[[76.47839,31.16841],[76.47597,31.1679],[76.47452,31.16752],[76.47311,31.16703],[76.47174,31.16664],[76.47076,31.16651],[76.46853,31.16648],[76.46798,31.16652],[76.46771,31.16655],[76.46701,31.1666],[76.46514,31.16704],[76.46223,31.16737],[76.45633,31.16806],[76.45116,31.16881],[76.44863,31.16917],[76.44772,31.16933],[76.44484,31.17015],[76.44153,31.17108],[76.44083,31.17115],[76.43916,31.17123],[76.43849,31.17126],[76.4382,31.17124],[76.43426,31.17054],[76.43216,31.17025],[76.42851,31.16946],[76.42786,31.16934],[76.42581,31.16904],[76.42496,31.16881],[76.42417,31.16845],[76.42184,31.16721],[76.42039,31.16608],[76.4201,31.16585],[76.41916,31.1651],[76.41875,31.16491],[76.4181,31.16472],[76.41765,31.16453],[76.41732,31.16432],[76.41709,31.16401],[76.41678,31.1638],[76.41632,31.16351],[76.41617,31.16333],[76.41552,31.16209],[76.415,31.16081],[76.4149,31.16072]]},"properties":{"id":"osm:w625733120","name":"","highway":"tertiary","bridge":false}},{"type":"Feature","geometry":{"type":"LineString","coordinates":[[76.30244,31.06239],[76.30297,31.06265],[76.30421,31.06316],[76.30424,31.06318],[76.30503,31.06347],[76.30545,31.06363],[76.3061,31.06389],[76.30649,31.06404],[76.30718,31.0643],[76.30744,31.06444],[76.30758,31.06453],[76.3077,31.06462],[76.3083,31.06535],[76.30859,31.06572],[76.30899,31.0661],[76.30905,31.06617],[76.30933,31.06652],[76.30979,31.06701],[76.31027,31.06758],[76.31121,31.06871],[76.31136,31.06887],[76.31182,31.0694],[76.3123,31.06993],[76.31239,31.07003],[76.31434,31.07201],[76.31576,31.07348],[76.31632,31.07406],[76.31677,31.07452],[76.31725,31.075],[76.31767,31.07544],[76.31867,31.07652],[76.31919,31.07706],[76.32081,31.07877],[76.32143,31.07946],[76.32281,31.08102],[76.32291,31.08119],[76.32375,31.08257],[76.32478,31.08518],[76.32529,31.08602],[76.32552,31.08635],[76.32555,31.08638],[76.32585,31.08682],[76.32595,31.08697],[76.32603,31.08709],[76.3264,31.08764],[76.32734,31.08895],[76.32847,31.0903],[76.32896,31.09097],[76.33051,31.09294],[76.33057,31.09302],[76.33101,31.09357],[76.33299,31.09617],[76.33336,31.09685],[76.33402,31.09853],[76.33453,31.10001],[76.33461,31.10044],[76.33468,31.10079],[76.33485,31.1017],[76.33498,31.10207],[76.33506,31.10231],[76.33519,31.10262],[76.33578,31.10402],[76.33632,31.10497],[76.33741,31.10661],[76.33821,31.1077],[76.33846,31.10811],[76.33862,31.10834],[76.33893,31.10875],[76.33895,31.10878],[76.34022,31.11089],[76.34063,31.11153],[76.34101,31.11215],[76.34174,31.11348],[76.34297,31.11577],[76.34336,31.11641],[76.34354,31.11673],[76.34421,31.11742],[76.34487,31.11806],[76.34505,31.11829],[76.34584,31.12036],[76.346,31.12078],[76.34648,31.12203],[76.34663,31.12244],[76.34795,31.12475],[76.34882,31.12638],[76.34884,31.12642],[76.34891,31.12666],[76.349,31.1273],[76.34948,31.12863],[76.34962,31.12885],[76.35114,31.13031],[76.35132,31.13053],[76.35241,31.13234],[76.35351,31.13382],[76.35427,31.13483],[76.35443,31.13504],[76.35566,31.13641],[76.35607,31.13681],[76.35616,31.1369],[76.35613,31.13695],[76.35508,31.13795],[76.35297,31.13985],[76.35199,31.14075],[76.35017,31.14205],[76.34936,31.14268],[76.34806,31.14371],[76.34766,31.14396],[76.34731,31.14426],[76.34597,31.14515],[76.34561,31.1456],[76.34538,31.14609],[76.34526,31.14622],[76.34372,31.14728],[76.34314,31.14765],[76.34301,31.14772],[76.34277,31.14848],[76.3427,31.14878],[76.34234,31.15013],[76.34234,31.15015],[76.34283,31.15028]]},"properties":{"id":"osm:w625733125","name":"","highway":"tertiary","bridge":false}},{"type":"Feature","geometry":{"type":"LineString","coordinates":[[76.30235,31.06246],[76.30244,31.06239],[76.30357,31.06127],[76.30424,31.06062],[76.30489,31.05999],[76.30586,31.05908],[76.30599,31.05895],[76.3061,31.05884],[76.30641,31.05849],[76.3075,31.05726],[76.30906,31.05555],[76.30971,31.0547],[76.31054,31.05362],[76.31228,31.05145],[76.31408,31.04959],[76.31483,31.04891],[76.31803,31.04678],[76.31998,31.04551],[76.32108,31.0448],[76.32227,31.04405],[76.32249,31.0439],[76.32258,31.04385],[76.32288,31.04365],[76.32306,31.04343],[76.32413,31.04281],[76.32594,31.04178],[76.3274,31.04101],[76.32803,31.04069],[76.32902,31.04019],[76.33085,31.03919],[76.3318,31.0387],[76.33398,31.03758],[76.33428,31.03743],[76.3348,31.03719],[76.33487,31.03709],[76.33487,31.03703],[76.33475,31.03372],[76.33476,31.03291],[76.3348,31.03216],[76.33483,31.03132],[76.33485,31.03058],[76.33484,31.03022],[76.33487,31.02971],[76.33488,31.02963],[76.33486,31.02949]]},"properties":{"id":"osm:w625733126","name":"","highway":"tertiary","bridge":false}},{"type":"Feature","geometry":{"type":"LineString","coordinates":[[76.48079,31.1176],[76.48176,31.11785],[76.48467,31.11854],[76.49231,31.12045],[76.49279,31.12058],[76.49343,31.12103],[76.4968,31.12399]]},"properties":{"id":"osm:w625769732","name":"","highway":"tertiary","bridge":false}},{"type":"Feature","geometry":{"type":"LineString","coordinates":[[76.49153,31.10401],[76.49146,31.10404],[76.49141,31.10408],[76.4913,31.10456],[76.49125,31.10459],[76.49077,31.1046],[76.49068,31.10464],[76.49037,31.10581],[76.49028,31.10584],[76.48953,31.10578],[76.4894,31.10582],[76.48933,31.10589],[76.48861,31.10715],[76.4879,31.10815],[76.48697,31.10968],[76.48651,31.11046],[76.48595,31.11142],[76.48511,31.11293],[76.48392,31.11494],[76.48353,31.11553],[76.48344,31.11559],[76.48328,31.11558],[76.48225,31.11517]]},"properties":{"id":"osm:w625769734","name":"","highway":"tertiary","bridge":false}},{"type":"Feature","geometry":{"type":"LineString","coordinates":[[76.48225,31.11517],[76.48162,31.1161],[76.48115,31.11694],[76.48079,31.1176]]},"properties":{"id":"osm:w625769735","name":"","highway":"tertiary","bridge":false}},{"type":"Feature","geometry":{"type":"LineString","coordinates":[[76.58585,31.14738],[76.58501,31.14736]]},"properties":{"id":"osm:w625775098","name":"","highway":"tertiary","bridge":true}},{"type":"Feature","geometry":{"type":"LineString","coordinates":[[76.58501,31.14736],[76.58494,31.14736],[76.58486,31.1473],[76.58481,31.14621],[76.58473,31.14613],[76.58467,31.14613],[76.5846,31.14618],[76.58443,31.14675],[76.58437,31.14679],[76.58418,31.1468],[76.58298,31.14649],[76.58226,31.14631],[76.58164,31.14616],[76.58146,31.14609],[76.58123,31.14579],[76.5809,31.14552],[76.5808,31.14542],[76.5806,31.1451],[76.58046,31.14502],[76.58003,31.14486],[76.57959,31.14458],[76.57893,31.14422],[76.57855,31.14411],[76.57847,31.14408]]},"properties":{"id":"osm:w625775100","name":"","highway":"tertiary","bridge":false}},{"type":"Feature","geometry":{"type":"LineString","coordinates":[[76.63006,31.08748],[76.63157,31.08907],[76.63193,31.08949],[76.63288,31.09048],[76.63439,31.09161],[76.63479,31.09196],[76.63489,31.09203],[76.6354,31.09209],[76.63572,31.09225],[76.63673,31.0925],[76.6369,31.09259],[76.63715,31.09291],[76.63744,31.09313],[76.63758,31.09316],[76.63816,31.09316],[76.63902,31.09353],[76.63976,31.09435],[76.64015,31.09455],[76.6406,31.09463],[76.64148,31.09469],[76.64267,31.09487],[76.64331,31.095],[76.64346,31.095],[76.64378,31.09449],[76.6439,31.09448],[76.64402,31.09452],[76.64447,31.09494],[76.64454,31.09517],[76.64465,31.09522],[76.64533,31.09535],[76.64788,31.09557],[76.65011,31.09564],[76.65187,31.09565],[76.65374,31.09557],[76.65404,31.09548],[76.6542,31.09535],[76.6546,31.09485],[76.65522,31.09456],[76.65555,31.09449],[76.65786,31.09438],[76.65962,31.09425],[76.65997,31.09424],[76.66011,31.09427],[76.66026,31.09436],[76.66166,31.09575],[76.66238,31.09636],[76.66249,31.09639],[76.66468,31.0968],[76.66542,31.09686],[76.66652,31.09685],[76.66713,31.09703],[76.66903,31.09804],[76.67015,31.09863],[76.6704,31.0987],[76.67067,31.09875],[76.6729,31.0988],[76.67332,31.09887],[76.67351,31.09886],[76.67398,31.09882],[76.67466,31.09893],[76.67522,31.09912],[76.67546,31.09914],[76.67563,31.09913],[76.67584,31.09908],[76.67608,31.09892],[76.67631,31.09888],[76.67736,31.09888],[76.67755,31.09894],[76.67778,31.099],[76.67793,31.09899],[76.67807,31.09891],[76.67822,31.09883],[76.67902,31.09882],[76.67925,31.09879],[76.67988,31.0985],[76.68013,31.09851],[76.68048,31.09861],[76.68065,31.09861],[76.68074,31.09857],[76.68103,31.09839],[76.68252,31.09822],[76.68345,31.09807],[76.68401,31.09803],[76.6843,31.09807],[76.68482,31.09826],[76.68506,31.09828],[76.68554,31.09827],[76.68558,31.09828],[76.68598,31.09837],[76.6864,31.09834],[76.68682,31.09839],[76.68734,31.09863],[76.68754,31.0987]]},"properties":{"id":"osm:w625775101","name":"","highway":"tertiary","bridge":false}},{"type":"Feature","geometry":{"type":"LineString","coordinates":[[76.62514,31.08897],[76.62364,31.08944]]},"properties":{"id":"osm:w625775104","name":"","highway":"primary","bridge":true}},{"type":"Feature","geometry":{"type":"LineString","coordinates":[[76.62364,31.08944],[76.62349,31.08948],[76.62256,31.08976],[76.61974,31.09062],[76.61949,31.0907],[76.61923,31.09083],[76.61901,31.09109],[76.61756,31.0934],[76.61738,31.09358],[76.61715,31.0937],[76.61469,31.09437],[76.61436,31.09446],[76.61424,31.09454],[76.61421,31.09456],[76.61416,31.09459]]},"properties":{"id":"osm:w625775105","name":"","highway":"primary","bridge":false}},{"type":"Feature","geometry":{"type":"LineString","coordinates":[[76.62966,31.20115],[76.62915,31.20223]]},"properties":{"id":"osm:w625787479","name":"","highway":"tertiary","bridge":true}},{"type":"Feature","geometry":{"type":"LineString","coordinates":[[76.62915,31.20223],[76.62881,31.20295],[76.62877,31.20316],[76.62869,31.20367],[76.62868,31.20405],[76.62859,31.2042],[76.62821,31.20468],[76.62796,31.20507],[76.62775,31.20533]]},"properties":{"id":"osm:w625787480","name":"","highway":"tertiary","bridge":false}},{"type":"Feature","geometry":{"type":"LineString","coordinates":[[76.64435,31.17806],[76.64391,31.17863]]},"properties":{"id":"osm:w625787481","name":"","highway":"tertiary","bridge":true}},{"type":"Feature","geometry":{"type":"LineString","coordinates":[[76.64391,31.17863],[76.643,31.17979],[76.64258,31.18047],[76.64234,31.18087],[76.64219,31.18094],[76.64096,31.1813],[76.64072,31.18143],[76.64014,31.18253],[76.6401,31.18292],[76.64014,31.18303],[76.64075,31.18374],[76.6408,31.18395],[76.64074,31.18425],[76.64057,31.18461],[76.64011,31.18535],[76.63974,31.18619],[76.63876,31.18763],[76.63796,31.18887],[76.63793,31.18926],[76.63791,31.18974],[76.63739,31.19081],[76.63742,31.19117],[76.63732,31.19137],[76.63718,31.19163],[76.63697,31.19195],[76.63603,31.19358],[76.63583,31.19378],[76.63447,31.1949],[76.63342,31.19584],[76.63203,31.19732],[76.63094,31.19884],[76.63039,31.19971],[76.62966,31.20115]]},"properties":{"id":"osm:w625787482","name":"","highway":"tertiary","bridge":false}},{"type":"Feature","geometry":{"type":"LineString","coordinates":[[76.64693,31.16496],[76.64664,31.16543]]},"properties":{"id":"osm:w625787486","name":"","highway":"tertiary","bridge":true}},{"type":"Feature","geometry":{"type":"LineString","coordinates":[[76.64664,31.16543],[76.64664,31.16556],[76.64684,31.16566],[76.64711,31.16581],[76.6475,31.1667],[76.6477,31.16718],[76.64771,31.1673],[76.64756,31.16799],[76.64747,31.16812],[76.64696,31.16861],[76.64677,31.16893],[76.64664,31.16919],[76.64628,31.16962],[76.6462,31.16996],[76.64625,31.17053],[76.64622,31.17073],[76.64579,31.17175],[76.64579,31.17192],[76.64585,31.17281],[76.64573,31.17345],[76.6456,31.1736],[76.64539,31.17359],[76.6448,31.17356],[76.64458,31.17372],[76.64456,31.17389],[76.64462,31.17406],[76.64481,31.17431],[76.64532,31.17472],[76.64619,31.17581],[76.64616,31.17614],[76.64576,31.17666],[76.6451,31.17745],[76.64435,31.17806]]},"properties":{"id":"osm:w625787487","name":"","highway":"tertiary","bridge":false}},{"type":"Feature","geometry":{"type":"LineString","coordinates":[[76.65563,31.13652],[76.65498,31.13733]]},"properties":{"id":"osm:w625787488","name":"","highway":"tertiary","bridge":true}},{"type":"Feature","geometry":{"type":"LineString","coordinates":[[76.65498,31.13733],[76.65432,31.13825],[76.65338,31.1395],[76.6532,31.13959],[76.65299,31.13965],[76.65245,31.13966],[76.65139,31.13925],[76.6512,31.13925],[76.65101,31.13936],[76.65092,31.13949],[76.65089,31.1401],[76.65072,31.14042],[76.65069,31.14056],[76.65077,31.14071],[76.65079,31.14077],[76.65082,31.1409],[76.6507,31.14109],[76.65014,31.14146],[76.64947,31.14165],[76.64936,31.14178],[76.64921,31.14205],[76.64875,31.14269],[76.64831,31.1432],[76.64809,31.14345],[76.64791,31.14379],[76.64791,31.14397],[76.64795,31.14439],[76.64788,31.14541],[76.64772,31.14574],[76.64697,31.14668],[76.6462,31.14733],[76.64487,31.1481],[76.64422,31.14848],[76.64369,31.14904],[76.643,31.14944],[76.64278,31.14987],[76.64249,31.1505],[76.6412,31.15212],[76.64105,31.1522],[76.64059,31.15222],[76.63977,31.15227],[76.63954,31.15234],[76.63936,31.15249],[76.63888,31.15343],[76.63872,31.1538],[76.63856,31.15427],[76.63865,31.15453],[76.63962,31.15508],[76.64191,31.15645],[76.64252,31.15772],[76.64304,31.15849],[76.64346,31.15897],[76.6446,31.16137],[76.64507,31.16264],[76.64536,31.16307],[76.64543,31.16358],[76.64549,31.16378],[76.64686,31.16446],[76.64697,31.16461],[76.64696,31.16482],[76.64693,31.16496]]},"properties":{"id":"osm:w625787489","name":"","highway":"tertiary","bridge":false}},{"type":"Feature","geometry":{"type":"LineString","coordinates":[[76.66363,31.13053],[76.66321,31.13045],[76.66299,31.13046],[76.66285,31.13053],[76.6626,31.13088],[76.66242,31.131],[76.66203,31.1311],[76.66188,31.13114],[76.66088,31.13171],[76.66013,31.13186],[76.65994,31.13198],[76.65975,31.13231],[76.65958,31.13266],[76.65937,31.13296],[76.65893,31.13332],[76.65806,31.13436],[76.65786,31.13454],[76.65776,31.13459],[76.65763,31.13459],[76.65723,31.13446],[76.65708,31.13453],[76.65651,31.13538],[76.65563,31.13652]]},"properties":{"id":"osm:w625787490","name":"","highway":"tertiary","bridge":false}},{"type":"Feature","geometry":{"type":"LineString","coordinates":[[76.56532,31.15083],[76.56734,31.15095],[76.57046,31.15115],[76.5712,31.1512]]},"properties":{"id":"osm:w625787496","name":"","highway":"tertiary","bridge":false}},{"type":"Feature","geometry":{"type":"LineString","coordinates":[[76.55818,31.15061],[76.56028,31.15068],[76.56532,31.15083]]},"properties":{"id":"osm:w625787497","name":"","highway":"tertiary","bridge":true}},{"type":"Feature","geometry":{"type":"LineString","coordinates":[[76.55501,31.15221],[76.55646,31.151],[76.55656,31.15094],[76.55688,31.15076],[76.55726,31.15064],[76.55771,31.15061],[76.55818,31.15061]]},"properties":{"id":"osm:w625787498","name":"","highway":"tertiary","bridge":false}},{"type":"Feature","geometry":{"type":"LineString","coordinates":[[76.47927,31.16583],[76.4801,31.16626],[76.48047,31.1664],[76.4806,31.16638],[76.48224,31.16583],[76.48418,31.1652],[76.48482,31.16499],[76.48679,31.16432],[76.48901,31.16356],[76.4897,31.16334],[76.48974,31.16333],[76.49306,31.16222],[76.49382,31.16206],[76.4976,31.16128],[76.50274,31.16028],[76.50573,31.15967],[76.50736,31.15934],[76.50966,31.15889],[76.51139,31.15855],[76.51333,31.15824],[76.51588,31.15791],[76.51915,31.15752],[76.5219,31.1572],[76.52558,31.15675],[76.52593,31.1567],[76.52708,31.15632],[76.52969,31.15601],[76.53034,31.15594],[76.5306,31.15591],[76.53467,31.15543],[76.53704,31.15547],[76.53719,31.15547],[76.53732,31.15547],[76.53983,31.15516],[76.5413,31.15502],[76.54372,31.15479],[76.54481,31.15467],[76.54729,31.1544],[76.55066,31.1539],[76.55305,31.15358],[76.55328,31.15352],[76.55358,31.15341],[76.55501,31.15221]]},"properties":{"id":"osm:w625787499","name":"","highway":"tertiary","bridge":false}},{"type":"Feature","geometry":{"type":"LineString","coordinates":[[76.45442,31.37666],[76.45452,31.37663],[76.4547,31.3766],[76.45486,31.37658],[76.45517,31.37639],[76.45672,31.37509],[76.45719,31.37487],[76.45773,31.37482],[76.45805,31.37475],[76.459,31.37434],[76.45952,31.37418],[76.45971,31.37417],[76.45989,31.37425],[76.46037,31.37451],[76.46077,31.37454],[76.4613,31.37437],[76.46183,31.37396],[76.46195,31.37388],[76.46214,31.37385],[76.46236,31.37381],[76.46267,31.37359],[76.46333,31.37291],[76.46353,31.37292],[76.46372,31.37313],[76.46382,31.37326],[76.46402,31.37329],[76.46445,31.37326],[76.46465,31.37307],[76.46465,31.37248],[76.4644,31.37218],[76.46426,31.3717],[76.46426,31.3716],[76.4648,31.37083],[76.46481,31.3707],[76.46516,31.37023],[76.46544,31.37012],[76.46554,31.37008],[76.46567,31.36993],[76.46575,31.36976],[76.46612,31.36946],[76.46693,31.36868],[76.46705,31.36863],[76.46718,31.36863],[76.46731,31.3687],[76.46742,31.36883],[76.46757,31.36881],[76.4685,31.36819],[76.46863,31.36792],[76.46859,31.36782],[76.46829,31.3676],[76.46821,31.36754],[76.46826,31.36734],[76.46915,31.36613],[76.46932,31.36598],[76.46952,31.36586],[76.46965,31.36562],[76.47046,31.365],[76.47064,31.36492],[76.47081,31.36494],[76.471,31.36505],[76.47124,31.36525],[76.47137,31.36529],[76.47148,31.36526],[76.47159,31.36517],[76.47186,31.36464],[76.47187,31.36453],[76.47178,31.36427],[76.47175,31.3642],[76.47174,31.36409],[76.47178,31.36397],[76.47213,31.36366],[76.47234,31.36358],[76.47242,31.3635],[76.47239,31.36337],[76.47234,31.36324],[76.47242,31.36308],[76.47309,31.36242],[76.47401,31.36161],[76.47485,31.36103],[76.47497,31.36103],[76.47517,31.36105],[76.47537,31.36101],[76.47544,31.36093],[76.47546,31.36076],[76.47552,31.36056],[76.47568,31.36019],[76.47617,31.35955],[76.47792,31.35769],[76.47908,31.35658],[76.47996,31.35577],[76.48023,31.3556],[76.4806,31.35528],[76.48093,31.35492],[76.48136,31.35423],[76.48192,31.35381],[76.48273,31.35325],[76.48306,31.35313],[76.48338,31.35294],[76.48404,31.35216],[76.48463,31.35118],[76.48491,31.3505],[76.48538,31.35002],[76.48583,31.34933],[76.48622,31.34834],[76.48671,31.34711],[76.48708,31.34619],[76.48708,31.34596],[76.48703,31.34577],[76.48704,31.34565],[76.48711,31.34558],[76.48734,31.34539],[76.48768,31.34489],[76.48823,31.34407],[76.48866,31.3437],[76.48889,31.34356],[76.489,31.34332],[76.48901,31.34315],[76.48904,31.34289],[76.4891,31.34259],[76.48907,31.34248],[76.48896,31.3424],[76.48877,31.34238],[76.48865,31.3423],[76.48864,31.3422],[76.48905,31.34157],[76.48917,31.34134],[76.4894,31.3403],[76.48945,31.34],[76.48953,31.3398],[76.48949,31.33958],[76.4896,31.33927],[76.49045,31.33813],[76.49096,31.33759],[76.4914,31.33714],[76.49147,31.33711],[76.49175,31.33705],[76.49289,31.33642],[76.49301,31.33629],[76.4931,31.33611],[76.49314,31.33591],[76.49337,31.33577],[76.49354,31.33556],[76.4938,31.33482],[76.49383,31.33469],[76.4935,31.33398],[76.49354,31.33388],[76.49482,31.33283],[76.49492,31.33271],[76.49492,31.33252],[76.49495,31.33244],[76.49512,31.33236],[76.49554,31.33227],[76.49585,31.33216],[76.49596,31.33199],[76.49605,31.33182],[76.49639,31.33172],[76.49657,31.33162],[76.49666,31.3315],[76.49698,31.33108],[76.49756,31.3305],[76.49767,31.33017],[76.49759,31.32964],[76.49767,31.32934],[76.49786,31.32907],[76.49789,31.32871],[76.49786,31.32861],[76.4978,31.32833],[76.49757,31.32812],[76.4975,31.32799],[76.49744,31.32786],[76.49728,31.32786],[76.49706,31.32785],[76.49699,31.32779],[76.49703,31.32765],[76.49718,31.32741],[76.4975,31.32714],[76.49781,31.32703],[76.49802,31.32693],[76.49816,31.32672],[76.49825,31.32647],[76.49862,31.32569],[76.49862,31.32545],[76.49854,31.32475],[76.49859,31.32404],[76.49853,31.32389],[76.49853,31.32371]]},"properties":{"id":"osm:w625805828","name":"","highway":"tertiary","bridge":false}},{"type":"Feature","geometry":{"type":"LineString","coordinates":[[76.45442,31.37666],[76.45416,31.3769],[76.45382,31.37724],[76.45368,31.37734],[76.45357,31.37736],[76.45346,31.37736],[76.45335,31.3773],[76.45316,31.37713],[76.453,31.3771],[76.45287,31.37714],[76.45204,31.37795],[76.45193,31.37804],[76.45183,31.37805],[76.45173,31.37804],[76.45138,31.37782],[76.45124,31.37783],[76.45106,31.37796],[76.45094,31.37797],[76.45089,31.37791],[76.45087,31.37781],[76.45085,31.37771],[76.45078,31.37763],[76.45057,31.37756],[76.45039,31.37756],[76.44978,31.37805],[76.44968,31.37844],[76.44958,31.3785],[76.44941,31.37849],[76.4493,31.3784],[76.44925,31.37832],[76.44839,31.378],[76.44823,31.37801],[76.44808,31.37805],[76.44789,31.37803],[76.44778,31.37802],[76.44767,31.37807],[76.4474,31.37829],[76.44724,31.37828],[76.44698,31.37821],[76.44691,31.37814],[76.44688,31.37801],[76.4469,31.37778],[76.44684,31.37768],[76.44683,31.3776],[76.44685,31.3772],[76.44677,31.37693],[76.44666,31.37636],[76.44666,31.37618],[76.4467,31.37602],[76.44668,31.37593],[76.44663,31.37587],[76.44641,31.37587],[76.44631,31.37585],[76.44625,31.37581],[76.44606,31.37539],[76.44592,31.37525],[76.44566,31.37518],[76.44541,31.37519],[76.44519,31.37521],[76.44512,31.3753],[76.44488,31.37571],[76.44444,31.37638],[76.44424,31.37659],[76.44423,31.37668],[76.44418,31.37681],[76.44412,31.37688],[76.44376,31.37706],[76.44364,31.37714],[76.44346,31.37737],[76.44295,31.37761],[76.44276,31.37782],[76.44274,31.378],[76.44277,31.37806],[76.44292,31.37817],[76.44299,31.37822],[76.44302,31.37829],[76.44301,31.37836],[76.44294,31.37844],[76.44289,31.37844],[76.44279,31.37841],[76.44264,31.37836],[76.4425,31.37834],[76.44236,31.37841],[76.4422,31.37857],[76.44196,31.37891],[76.44161,31.37911],[76.44146,31.37909],[76.44137,31.37901],[76.44127,31.37868],[76.44114,31.37851],[76.441,31.37847],[76.44072,31.37856],[76.44051,31.3787],[76.4404,31.37881],[76.44027,31.37936],[76.44028,31.37953],[76.44035,31.37965],[76.44045,31.37974],[76.44041,31.38011],[76.44036,31.38025],[76.44034,31.38045],[76.44033,31.38064],[76.44,31.38095],[76.43973,31.3818],[76.43936,31.38245],[76.43939,31.38264],[76.43948,31.38287],[76.43941,31.38295],[76.43928,31.38296],[76.43903,31.38292],[76.43883,31.38296],[76.43873,31.38301],[76.43831,31.38354],[76.43806,31.38411],[76.43793,31.38419],[76.43766,31.3843],[76.43753,31.3845],[76.43743,31.38454],[76.43718,31.38452],[76.43684,31.38452]]},"properties":{"id":"osm:w625805829","name":"","highway":"tertiary","bridge":false}},{"type":"Feature","geometry":{"type":"LineString","coordinates":[[76.54089,31.30492],[76.54135,31.30591],[76.54134,31.30617],[76.54103,31.30677],[76.54063,31.30755],[76.54056,31.30799],[76.54066,31.30872],[76.54055,31.30938],[76.54036,31.30963],[76.54035,31.30975],[76.54043,31.3098],[76.54064,31.30984],[76.54072,31.30991],[76.54089,31.3103],[76.54112,31.31049],[76.54117,31.31063],[76.5411,31.31082],[76.5407,31.311],[76.53978,31.31165],[76.53965,31.31168],[76.53922,31.31198],[76.53895,31.31199],[76.53835,31.31205],[76.53812,31.31211],[76.53772,31.31212],[76.53659,31.3128],[76.53655,31.31289],[76.53635,31.3139],[76.53625,31.3143],[76.53619,31.31451],[76.53616,31.31495],[76.53623,31.31524],[76.53632,31.31557],[76.53624,31.31604],[76.53623,31.31675],[76.53627,31.31699],[76.53622,31.31711],[76.5358,31.31766],[76.53577,31.31781],[76.53588,31.31809],[76.53586,31.31835],[76.53514,31.31922],[76.5351,31.3194],[76.53548,31.31997],[76.53619,31.3205],[76.53625,31.32062],[76.53627,31.32101],[76.53657,31.32153],[76.53657,31.32196],[76.53578,31.32288],[76.53531,31.32306],[76.53484,31.32321],[76.53476,31.32332],[76.53445,31.32443],[76.53431,31.32464],[76.53423,31.325],[76.53403,31.32523],[76.53283,31.32622],[76.53254,31.32685],[76.53237,31.32689],[76.53218,31.32687],[76.5319,31.32673],[76.5315,31.32671],[76.53062,31.3269],[76.53035,31.32706],[76.53015,31.32731],[76.52948,31.32755],[76.52899,31.32763],[76.52855,31.32782],[76.52816,31.32812],[76.52795,31.32824],[76.52779,31.32852],[76.52713,31.32884],[76.52686,31.32882],[76.52673,31.32882],[76.52655,31.32898],[76.52657,31.32915],[76.52667,31.32927],[76.52704,31.3296],[76.52743,31.33059],[76.52738,31.33101],[76.5273,31.3311],[76.5256,31.33165],[76.52495,31.33175],[76.52433,31.33187],[76.52368,31.33197],[76.52305,31.33224],[76.52287,31.33222],[76.52274,31.3322],[76.52265,31.33224],[76.52258,31.33239],[76.52266,31.33256],[76.52287,31.33283],[76.52285,31.33298],[76.52281,31.33326],[76.52292,31.33415],[76.52321,31.33433],[76.52321,31.33469],[76.52337,31.33477],[76.52375,31.33479],[76.5241,31.33483],[76.52422,31.33492],[76.52434,31.33529],[76.52436,31.33548],[76.52389,31.33675],[76.52384,31.33779],[76.52386,31.33815],[76.52378,31.33826],[76.52357,31.33829],[76.52334,31.33834],[76.52225,31.33905],[76.52208,31.3391],[76.52184,31.33912],[76.52175,31.33924],[76.52174,31.33938],[76.52107,31.34014],[76.52096,31.34019],[76.52069,31.34024],[76.52029,31.34041],[76.52013,31.34047],[76.51959,31.34051],[76.51933,31.34064],[76.51907,31.34082],[76.51887,31.34088],[76.51843,31.34086],[76.51805,31.34083],[76.51784,31.34084],[76.51753,31.34112],[76.51711,31.34118],[76.51684,31.34125],[76.51645,31.34157],[76.51618,31.34191],[76.51565,31.34228],[76.51546,31.34237],[76.51504,31.34286],[76.51474,31.34352],[76.51458,31.34365],[76.51455,31.3438],[76.51449,31.34413],[76.51436,31.34427],[76.51397,31.34447],[76.51381,31.34482],[76.5136,31.34492],[76.51319,31.34501],[76.51306,31.34504],[76.51294,31.34529],[76.51258,31.34551],[76.51255,31.34562],[76.5125,31.34586],[76.51229,31.34601],[76.51203,31.34612],[76.5114,31.34636],[76.51085,31.34677],[76.51071,31.34691],[76.51052,31.34724],[76.50966,31.34811],[76.50927,31.34826],[76.50888,31.34836],[76.50797,31.34899],[76.50789,31.34918],[76.50785,31.34931],[76.50675,31.35014],[76.50646,31.35021],[76.50601,31.35019],[76.50535,31.3501],[76.50492,31.35006],[76.50319,31.35033],[76.50212,31.35039],[76.5014,31.35049],[76.50113,31.35055],[76.50091,31.35079],[76.50062,31.35082],[76.50045,31.3508],[76.50014,31.35099],[76.49994,31.35127],[76.49996,31.35149],[76.49997,31.35167],[76.49921,31.35268],[76.4992,31.35303],[76.49925,31.3537],[76.49899,31.3542],[76.49879,31.35442],[76.49873,31.35458],[76.49869,31.35532],[76.49859,31.35556],[76.49833,31.35579],[76.49824,31.35606],[76.49811,31.3566],[76.49764,31.35751],[76.49764,31.3577],[76.4977,31.35789],[76.49709,31.35911],[76.49653,31.35974],[76.49636,31.35987],[76.49633,31.36007],[76.49619,31.36038],[76.49567,31.36128],[76.49487,31.36202],[76.49397,31.36264],[76.49371,31.36271],[76.49356,31.36288],[76.49284,31.36395],[76.49264,31.36419],[76.49262,31.3644],[76.49259,31.36454],[76.4922,31.36537],[76.4922,31.36558],[76.492,31.366],[76.49172,31.36617],[76.49125,31.36627],[76.49113,31.36641],[76.49117,31.36657],[76.49113,31.36672],[76.49104,31.36679],[76.4906,31.36687],[76.49038,31.36709],[76.4903,31.36726],[76.49025,31.36748],[76.49015,31.36772],[76.48993,31.36787],[76.48949,31.36813],[76.48938,31.36834],[76.48914,31.36849],[76.4891,31.3687],[76.48904,31.36886],[76.48877,31.36901],[76.48844,31.36912],[76.48767,31.36963],[76.48743,31.37],[76.48729,31.37097],[76.48737,31.3712],[76.48748,31.37135],[76.48745,31.3715],[76.48733,31.3716],[76.48715,31.37168],[76.48708,31.3719],[76.48689,31.37208],[76.48668,31.37218],[76.48663,31.37237],[76.48668,31.37295],[76.48659,31.37318],[76.48625,31.37366],[76.48623,31.37385],[76.48615,31.37412],[76.48599,31.37434],[76.48595,31.37449],[76.48584,31.37472],[76.4853,31.37529],[76.48526,31.37553],[76.48528,31.3757],[76.48527,31.3758],[76.48512,31.37585],[76.48494,31.37584],[76.4848,31.3758],[76.48456,31.3758],[76.48446,31.37591],[76.48405,31.37658],[76.48393,31.37673],[76.48393,31.37735],[76.48399,31.37829],[76.48389,31.37901],[76.48375,31.37918],[76.48359,31.3792],[76.48342,31.37915],[76.48326,31.37913],[76.4829,31.37915],[76.48239,31.37935],[76.48231,31.37946],[76.48212,31.37988],[76.48186,31.38007],[76.4816,31.38014],[76.48147,31.38018],[76.48143,31.3804],[76.48138,31.38064],[76.48128,31.3807],[76.48109,31.38068],[76.48073,31.38038],[76.48041,31.38025],[76.48012,31.38015],[76.47986,31.38012],[76.47963,31.38017],[76.47923,31.38031],[76.47894,31.38036],[76.47879,31.38043],[76.47868,31.38088],[76.47854,31.38096],[76.47837,31.38102],[76.47712,31.38128],[76.477,31.38133],[76.4766,31.38193],[76.47608,31.38242],[76.47604,31.38278],[76.47601,31.38299],[76.47563,31.38362],[76.47552,31.38378],[76.47543,31.38413],[76.47527,31.38421],[76.47518,31.38429],[76.47513,31.38436],[76.47515,31.38464],[76.47493,31.38527],[76.47499,31.38566],[76.47493,31.38583],[76.47476,31.38612],[76.47456,31.38625],[76.47437,31.3865],[76.4742,31.38663],[76.47393,31.38667],[76.47373,31.38678],[76.47325,31.38716],[76.47316,31.38723],[76.47292,31.38728],[76.47265,31.3873],[76.47254,31.38745],[76.47255,31.38761],[76.47261,31.38782],[76.47178,31.38892],[76.47144,31.38934],[76.47083,31.39048],[76.47078,31.39065],[76.47077,31.39087],[76.47079,31.39115],[76.47096,31.39136],[76.47096,31.39146],[76.47087,31.39155],[76.47076,31.39159],[76.47065,31.39162],[76.47061,31.39179],[76.47047,31.39244],[76.47033,31.39255],[76.47011,31.39263],[76.46987,31.39271],[76.46964,31.39314],[76.46958,31.39358],[76.46947,31.39369],[76.46898,31.39401],[76.46874,31.39407],[76.46845,31.39408],[76.46832,31.39414],[76.46806,31.39478],[76.46787,31.39494],[76.46762,31.39521],[76.46743,31.39549],[76.46719,31.39567],[76.46691,31.39571],[76.46587,31.39641],[76.46547,31.39652],[76.46536,31.39659],[76.46517,31.39687],[76.46493,31.39734],[76.46471,31.39741],[76.4644,31.39739],[76.46421,31.39737],[76.46409,31.39741],[76.46399,31.39746],[76.46368,31.39752],[76.46355,31.39757],[76.46318,31.39799],[76.46275,31.3983],[76.46263,31.39834],[76.46213,31.39842],[76.46196,31.39849],[76.46183,31.39859],[76.46176,31.39873],[76.46175,31.39894],[76.46185,31.39963],[76.46224,31.40017],[76.46224,31.40031],[76.46216,31.40049],[76.46181,31.40091],[76.46157,31.40101],[76.46125,31.40114],[76.46113,31.40127],[76.46099,31.40179],[76.46081,31.40195],[76.46,31.40234]]},"properties":{"id":"osm:w625805830","name":"","highway":"tertiary","bridge":false}},{"type":"Feature","geometry":{"type":"LineString","coordinates":[[76.57079,31.26872],[76.57044,31.26871]]},"properties":{"id":"osm:w625805834","name":"","highway":"tertiary","bridge":true}},{"type":"Feature","geometry":{"type":"LineString","coordinates":[[76.57044,31.26871],[76.57021,31.26861],[76.56999,31.26836],[76.56974,31.26822],[76.5694,31.26811],[76.56911,31.26812],[76.56883,31.26813],[76.5685,31.26816],[76.56837,31.26828],[76.56799,31.26881],[76.56751,31.26984],[76.5674,31.27015],[76.56729,31.27025],[76.56623,31.27063],[76.56591,31.2706],[76.56569,31.27051],[76.56534,31.27031],[76.56513,31.27028],[76.56484,31.27011],[76.56447,31.2701],[76.56376,31.27019],[76.56345,31.2703],[76.56306,31.27064],[76.56281,31.27085],[76.56266,31.27088],[76.56253,31.27086],[76.56245,31.2708],[76.56238,31.27068],[76.56213,31.2705],[76.56118,31.27014],[76.56098,31.27003],[76.56086,31.26981],[76.56065,31.26961],[76.56041,31.26956],[76.56014,31.26956],[76.55985,31.26964],[76.55811,31.27042],[76.55777,31.27048],[76.5575,31.27034],[76.55733,31.27016],[76.55694,31.26952],[76.55677,31.26945],[76.55651,31.26942],[76.55584,31.2693],[76.5554,31.26931],[76.55517,31.26935],[76.55431,31.26975],[76.55415,31.26981],[76.55345,31.26994],[76.55314,31.27009],[76.55302,31.27016],[76.55261,31.27045],[76.55242,31.27063],[76.55227,31.27074],[76.55173,31.27087],[76.55159,31.27088],[76.55128,31.27082],[76.55102,31.27088],[76.55082,31.27105],[76.55057,31.27129],[76.55035,31.27143],[76.5499,31.27156],[76.54976,31.27167],[76.54942,31.27188],[76.54931,31.27193],[76.549,31.27236],[76.54888,31.27261],[76.54878,31.27266],[76.54868,31.27265],[76.54848,31.27238],[76.5482,31.2722],[76.5479,31.27218],[76.54774,31.27227],[76.54771,31.27236],[76.54777,31.27277],[76.5477,31.27357],[76.54759,31.27369],[76.54716,31.27393],[76.54695,31.27412],[76.54644,31.27436],[76.54614,31.27487],[76.54535,31.27531],[76.54502,31.27603],[76.54483,31.27621],[76.5444,31.27646],[76.54413,31.27653],[76.54365,31.27669],[76.54341,31.27685],[76.54322,31.27699],[76.54275,31.27734],[76.54227,31.27764],[76.5421,31.27772],[76.54201,31.27771],[76.54187,31.27761],[76.54183,31.27758],[76.54154,31.27749],[76.5413,31.27756],[76.54039,31.27777],[76.54027,31.27786],[76.54024,31.27794],[76.54014,31.27817],[76.54003,31.27827],[76.53989,31.27828],[76.53982,31.27828],[76.53973,31.27819],[76.53967,31.27809],[76.53955,31.27806],[76.53945,31.27809],[76.5389,31.27841],[76.53876,31.27843],[76.53866,31.27837],[76.53855,31.27835],[76.53828,31.27837],[76.53787,31.27866],[76.53776,31.27882],[76.53764,31.27885],[76.53752,31.27883],[76.53717,31.27874],[76.53663,31.27883],[76.53605,31.27895],[76.53547,31.27936],[76.53532,31.27962],[76.53517,31.27976],[76.53498,31.2798],[76.53484,31.27975],[76.53471,31.27961],[76.53452,31.27949],[76.53411,31.27943],[76.534,31.27937],[76.53385,31.27932],[76.53373,31.27935],[76.53346,31.27955],[76.53223,31.28025],[76.5321,31.2804],[76.53172,31.28061],[76.53165,31.2807],[76.53154,31.28098],[76.53139,31.28109],[76.53124,31.28112],[76.53102,31.28108],[76.53087,31.28114],[76.53076,31.28133],[76.53045,31.28182],[76.53034,31.282],[76.52976,31.28271],[76.52957,31.28281],[76.52918,31.28282],[76.52902,31.2829],[76.52869,31.28335],[76.52817,31.28359],[76.52796,31.28389],[76.52741,31.28416],[76.52633,31.28471],[76.52621,31.28472],[76.52613,31.28469],[76.52606,31.2844],[76.52612,31.28394],[76.52602,31.28376],[76.52574,31.28374],[76.52562,31.28378],[76.52544,31.28389],[76.5253,31.28389],[76.52521,31.28385],[76.52493,31.28353],[76.52471,31.28334]]},"properties":{"id":"osm:w625805835","name":"","highway":"tertiary","bridge":false}},{"type":"Feature","geometry":{"type":"LineString","coordinates":[[76.60615,31.22533],[76.60593,31.22567]]},"properties":{"id":"osm:w625805837","name":"","highway":"tertiary","bridge":true}},{"type":"Feature","geometry":{"type":"LineString","coordinates":[[76.60593,31.22567],[76.60582,31.22574],[76.60562,31.22575],[76.60529,31.22575],[76.60485,31.22583],[76.60472,31.22583],[76.6046,31.22583],[76.60403,31.22548],[76.6038,31.22536],[76.60363,31.22532],[76.60347,31.22532],[76.60293,31.22563],[76.60286,31.22572],[76.60244,31.22638],[76.60221,31.22683],[76.60208,31.22694],[76.60184,31.22699],[76.60108,31.22709],[76.60072,31.22707],[76.60053,31.22701],[76.60021,31.22683],[76.60003,31.22685],[76.59997,31.22689],[76.59992,31.22705],[76.59992,31.22725],[76.59984,31.22735],[76.59973,31.22737],[76.59965,31.22737],[76.59941,31.22738],[76.59877,31.22776],[76.59848,31.2279],[76.59815,31.22788],[76.5974,31.22781],[76.59722,31.22785],[76.59717,31.22794],[76.59701,31.22825],[76.59686,31.22847],[76.59678,31.22868],[76.59654,31.22883],[76.59648,31.22889],[76.59645,31.22902],[76.5964,31.22939],[76.59635,31.22947],[76.59534,31.23075],[76.59498,31.2312],[76.59476,31.23174],[76.59467,31.23184],[76.59448,31.23185],[76.59427,31.23169],[76.59412,31.2316],[76.59389,31.2312],[76.59374,31.23116],[76.59356,31.23119],[76.59321,31.23146],[76.59303,31.23146],[76.59292,31.23141],[76.59273,31.23129],[76.592,31.23089],[76.59176,31.23085],[76.59164,31.23084],[76.59156,31.23085],[76.59153,31.23091],[76.59151,31.23108],[76.59156,31.23144],[76.59147,31.23164],[76.59093,31.23251],[76.59073,31.23283],[76.59027,31.23377],[76.58994,31.23461],[76.58943,31.23547],[76.58946,31.23594],[76.58944,31.23612],[76.58892,31.23694],[76.58885,31.2373],[76.58825,31.23832],[76.58781,31.23921],[76.58747,31.23954],[76.58732,31.23979],[76.58691,31.24122],[76.58679,31.24155],[76.58681,31.24171],[76.58708,31.24203],[76.58717,31.24237],[76.58715,31.24362],[76.58711,31.24376],[76.58691,31.24393],[76.58672,31.24411],[76.58663,31.24432],[76.58658,31.24477],[76.5867,31.24506],[76.58681,31.24525],[76.58675,31.24556],[76.58662,31.24575],[76.58653,31.24584],[76.58643,31.246],[76.58625,31.2467],[76.58625,31.24678],[76.58677,31.2472],[76.58683,31.24731],[76.58684,31.24754],[76.5869,31.24767],[76.58693,31.2478],[76.58691,31.24799],[76.58682,31.24811],[76.58608,31.24872],[76.58602,31.24883],[76.58592,31.24964],[76.58609,31.25027],[76.58622,31.25046],[76.58622,31.25057],[76.58617,31.25064],[76.5854,31.25117],[76.58526,31.25136],[76.58503,31.25202],[76.58488,31.25221],[76.58425,31.2527],[76.58392,31.25292],[76.5827,31.25373],[76.58229,31.254],[76.58189,31.25421],[76.58184,31.25431],[76.58184,31.25481],[76.58169,31.25516],[76.58137,31.25552],[76.58109,31.25577],[76.58096,31.25607],[76.58091,31.25612],[76.58072,31.2562],[76.58049,31.2564],[76.58024,31.25671],[76.57975,31.25702],[76.5796,31.25721],[76.5796,31.25762],[76.57962,31.25791],[76.57962,31.25804],[76.57949,31.25824],[76.57931,31.25832],[76.57902,31.25838],[76.57893,31.25836],[76.57885,31.25829],[76.57861,31.25803],[76.57838,31.25797],[76.57829,31.25797],[76.5782,31.25789],[76.57802,31.25776],[76.57769,31.25773],[76.57756,31.25783],[76.57691,31.25844],[76.57662,31.25862],[76.57655,31.25869],[76.57658,31.25904],[76.5763,31.25941],[76.57581,31.25995],[76.57539,31.26044],[76.57539,31.26058],[76.57552,31.26101],[76.57517,31.26174],[76.57502,31.26182],[76.57401,31.26226],[76.57352,31.26271],[76.57307,31.26295],[76.57296,31.26309],[76.5729,31.26378],[76.57236,31.2646],[76.5719,31.26488],[76.57174,31.26556],[76.57171,31.26571],[76.57163,31.26596],[76.5717,31.26649],[76.57154,31.26692],[76.57155,31.26725],[76.57127,31.26759],[76.57102,31.2679],[76.57094,31.26858],[76.57091,31.26867],[76.57079,31.26872]]},"properties":{"id":"osm:w625805838","name":"","highway":"tertiary","bridge":false}},{"type":"Feature","geometry":{"type":"LineString","coordinates":[[76.61783,31.20848],[76.61794,31.20857],[76.61821,31.2088],[76.61855,31.20898],[76.61924,31.20921],[76.61967,31.20943],[76.61977,31.20955],[76.61982,31.20973],[76.61988,31.21017],[76.6201,31.21126],[76.62014,31.21219],[76.62019,31.21232],[76.62083,31.21313],[76.62088,31.2132],[76.62092,31.21379],[76.62091,31.21392],[76.62026,31.21508],[76.61955,31.21625],[76.61929,31.21662],[76.61895,31.21682],[76.61848,31.21716],[76.61734,31.21792],[76.61677,31.21844],[76.61664,31.2185],[76.61583,31.2187],[76.61575,31.2187],[76.61544,31.21863],[76.61534,31.21865],[76.61517,31.21882],[76.61492,31.21901],[76.61424,31.21961],[76.61392,31.21973],[76.61365,31.2198],[76.61343,31.21985],[76.61322,31.21985],[76.61312,31.21989],[76.61252,31.22049],[76.61217,31.22084],[76.61204,31.22097],[76.61177,31.22109],[76.61139,31.22116],[76.61062,31.22127],[76.61047,31.2214],[76.60963,31.22213],[76.60927,31.22253],[76.6092,31.22272],[76.60904,31.22319],[76.60859,31.22405],[76.60797,31.22527],[76.60779,31.2254],[76.60761,31.22543],[76.60739,31.22543],[76.60714,31.22534],[76.6066,31.2252],[76.60634,31.22516],[76.60615,31.22533]]},"properties":{"id":"osm:w625805853","name":"","highway":"tertiary","bridge":false}},{"type":"Feature","geometry":{"type":"LineString","coordinates":[[76.4993,31.28057],[76.49899,31.28066]]},"properties":{"id":"osm:w625805854","name":"","highway":"tertiary","bridge":true}},{"type":"Feature","geometry":{"type":"LineString","coordinates":[[76.49899,31.28066],[76.49883,31.28077],[76.4988,31.28092],[76.49893,31.28132],[76.49895,31.28149],[76.49887,31.28158],[76.49879,31.28159],[76.49867,31.28157],[76.49863,31.28149],[76.4985,31.2811],[76.49855,31.28077],[76.4985,31.28069],[76.49841,31.28067],[76.49784,31.2807],[76.49775,31.28079],[76.49767,31.28097],[76.49752,31.28131],[76.49737,31.28139]]},"properties":{"id":"osm:w625805855","name":"","highway":"tertiary","bridge":false}},{"type":"Feature","geometry":{"type":"LineString","coordinates":[[76.52299,31.2824],[76.52286,31.28275],[76.52272,31.28303],[76.52261,31.28353],[76.52195,31.28424],[76.52129,31.28479],[76.52107,31.28493],[76.52094,31.28502],[76.5208,31.28529],[76.52075,31.28553],[76.52078,31.28576],[76.5207,31.28589],[76.52047,31.28609],[76.52022,31.28651],[76.52009,31.28659],[76.51952,31.28677],[76.51902,31.28704],[76.5186,31.28758],[76.5179,31.28816],[76.51695,31.2887],[76.51678,31.28877],[76.51659,31.28881],[76.51511,31.28877],[76.51383,31.28886],[76.51358,31.28889],[76.51301,31.28855],[76.51245,31.28827],[76.51169,31.28808],[76.51113,31.28777],[76.51067,31.28767],[76.5104,31.28766],[76.50983,31.28724],[76.50845,31.28675],[76.50824,31.28666],[76.50801,31.28637],[76.50779,31.28629],[76.50765,31.28625],[76.50708,31.28543],[76.50638,31.28504],[76.50631,31.2849],[76.50619,31.28455],[76.50593,31.28432],[76.50554,31.28403],[76.50411,31.2832],[76.50303,31.28233],[76.50215,31.28095],[76.50179,31.28025],[76.50173,31.28005],[76.50179,31.27971],[76.50172,31.27954],[76.50165,31.27945],[76.50147,31.27952],[76.50136,31.27965],[76.50103,31.28029],[76.50085,31.28031],[76.50069,31.2803],[76.50049,31.28019],[76.5004,31.28007],[76.50011,31.27969],[76.49998,31.27971],[76.49992,31.27981],[76.49964,31.28041],[76.49952,31.28049],[76.4993,31.28057]]},"properties":{"id":"osm:w625805856","name":"","highway":"tertiary","bridge":false}},{"type":"Feature","geometry":{"type":"LineString","coordinates":[[76.55143,31.29862],[76.55138,31.29868],[76.55141,31.29874],[76.55154,31.29884],[76.55176,31.29894],[76.55188,31.29905],[76.55205,31.29937],[76.55218,31.29969],[76.5522,31.29984],[76.552,31.30006],[76.55127,31.3004],[76.5503,31.30066],[76.54985,31.3007],[76.54947,31.30082],[76.54921,31.30088],[76.54864,31.3008],[76.54847,31.30082],[76.54812,31.30111],[76.54797,31.30138],[76.54778,31.30197],[76.54737,31.30224],[76.54704,31.30235],[76.54693,31.3024],[76.54693,31.30278],[76.54691,31.30296],[76.54679,31.30304],[76.54658,31.30309],[76.54643,31.30309],[76.54614,31.30305],[76.54564,31.30298],[76.54543,31.30285],[76.54484,31.30229],[76.54455,31.30221],[76.5443,31.30204],[76.54391,31.30158],[76.54335,31.30143],[76.54304,31.30147],[76.54282,31.3015],[76.54261,31.30145],[76.54224,31.30107],[76.54189,31.3009],[76.54168,31.3009],[76.54153,31.30089],[76.54143,31.30078],[76.5413,31.30044],[76.54111,31.30023],[76.54064,31.3001],[76.54054,31.29983],[76.54013,31.29925],[76.53985,31.29912],[76.53955,31.29892],[76.53924,31.29842],[76.53922,31.29823],[76.53978,31.2974],[76.53996,31.29733],[76.54015,31.2973],[76.54027,31.29709],[76.54019,31.2969],[76.54004,31.29684],[76.53974,31.29679],[76.5394,31.29673],[76.53894,31.29634],[76.53863,31.29626],[76.5384,31.29602],[76.53821,31.29572],[76.53829,31.29553],[76.53834,31.29537],[76.53826,31.29523],[76.53807,31.29513],[76.53766,31.29498],[76.53738,31.29461],[76.53715,31.29447],[76.5367,31.29399],[76.5366,31.29365],[76.5366,31.2934],[76.5368,31.29265],[76.53697,31.29244],[76.53731,31.29229],[76.53745,31.29205],[76.53768,31.29184],[76.53798,31.29166],[76.53817,31.29145],[76.53831,31.29124],[76.53842,31.29116],[76.53886,31.29106],[76.539,31.29096],[76.53979,31.29002],[76.53993,31.28986],[76.54004,31.2898],[76.54021,31.28976],[76.54124,31.28901],[76.5426,31.28816],[76.5428,31.2881],[76.54323,31.28822],[76.54344,31.28838],[76.5437,31.28845],[76.54383,31.28857],[76.54385,31.28872],[76.54387,31.2888],[76.54393,31.28885]]},"properties":{"id":"osm:w625805857","name":"","highway":"secondary","bridge":false}},{"type":"Feature","geometry":{"type":"LineString","coordinates":[[76.52294,31.28148],[76.52299,31.2824],[76.52307,31.28243],[76.52321,31.2825],[76.52384,31.28311],[76.52402,31.28314],[76.52428,31.28311],[76.52464,31.28298],[76.52474,31.28298]]},"properties":{"id":"osm:w625805858","name":"","highway":"tertiary","bridge":false}},{"type":"Feature","geometry":{"type":"LineString","coordinates":[[76.52748,31.24809],[76.53048,31.24781],[76.53068,31.24772],[76.53215,31.24652],[76.53239,31.24644],[76.53273,31.24646],[76.53427,31.24704],[76.53557,31.24806],[76.53685,31.249],[76.53733,31.24934],[76.53767,31.24944],[76.53968,31.24999],[76.53998,31.25023],[76.54012,31.25046],[76.54013,31.25072],[76.53937,31.2524],[76.53934,31.25265],[76.53944,31.25276],[76.53993,31.25293],[76.54081,31.25304],[76.54244,31.25311],[76.54283,31.25309],[76.54309,31.25306],[76.54368,31.25279],[76.54377,31.25263],[76.54377,31.25252],[76.54344,31.25196],[76.54341,31.25168],[76.54321,31.25149],[76.54317,31.25138],[76.54323,31.25128],[76.54464,31.25092],[76.54495,31.25076],[76.54513,31.25076],[76.54533,31.25095],[76.54589,31.25127],[76.54599,31.25127],[76.54606,31.25121],[76.54604,31.25114],[76.54573,31.25081],[76.54572,31.25071],[76.54574,31.25065],[76.54681,31.25034],[76.54713,31.25019],[76.54727,31.25021],[76.54735,31.25027],[76.54755,31.25074],[76.54812,31.25098],[76.54846,31.25125],[76.54862,31.25125],[76.54867,31.25116],[76.54862,31.25108],[76.54832,31.25073],[76.54797,31.25047],[76.54792,31.25037],[76.54825,31.24998],[76.54931,31.24993],[76.54982,31.24987],[76.55,31.24992],[76.55081,31.25103],[76.55103,31.25114],[76.55194,31.25176],[76.55221,31.25195],[76.55228,31.25196],[76.55353,31.25208],[76.55444,31.25196],[76.55579,31.25189],[76.55735,31.25196],[76.55879,31.2523],[76.55916,31.25246],[76.55932,31.25246],[76.55993,31.25231],[76.5621,31.25335],[76.56388,31.25456],[76.56469,31.25499],[76.56553,31.25504],[76.56567,31.25498],[76.56587,31.25485],[76.56596,31.25485],[76.56636,31.25515],[76.56656,31.25514],[76.56784,31.25504],[76.56981,31.25497],[76.57063,31.25524],[76.57123,31.25545],[76.57167,31.25546],[76.57249,31.25535],[76.5727,31.25539],[76.57287,31.25545],[76.57299,31.25545],[76.57366,31.25517],[76.57381,31.25506],[76.57397,31.25455],[76.57415,31.25446],[76.57437,31.25448],[76.57455,31.25438],[76.57497,31.25384],[76.57497,31.25374],[76.57498,31.25346],[76.57573,31.25272],[76.57591,31.25263],[76.57607,31.25264],[76.57672,31.25287],[76.57679,31.25286],[76.57684,31.25285],[76.57703,31.25271],[76.57718,31.25259],[76.57748,31.25258],[76.57768,31.25262],[76.57778,31.25275],[76.57792,31.25284],[76.57809,31.25293],[76.57818,31.253],[76.57833,31.25342],[76.57906,31.25401],[76.57965,31.25498],[76.58014,31.25542],[76.58029,31.25551],[76.58065,31.25555],[76.58109,31.25577]]},"properties":{"id":"osm:w625805859","name":"","highway":"tertiary","bridge":false}},{"type":"Feature","geometry":{"type":"LineString","coordinates":[[76.5305,31.2503],[76.5308,31.25003],[76.53157,31.24934],[76.53238,31.24906],[76.53289,31.24902],[76.53323,31.24907],[76.53451,31.24958],[76.5354,31.25022],[76.5359,31.2509],[76.53612,31.25153],[76.53615,31.25181],[76.53605,31.25246],[76.53584,31.25302],[76.53576,31.25323],[76.5353,31.25378],[76.53488,31.25401],[76.5345,31.25412],[76.53409,31.25416],[76.5335,31.25414]]},"properties":{"id":"osm:w625805860","name":"","highway":"tertiary","bridge":false}},{"type":"Feature","geometry":{"type":"LineString","coordinates":[[76.5122,31.24177],[76.51165,31.24164]]},"properties":{"id":"osm:w625805861","name":"","highway":"secondary","bridge":true}},{"type":"Feature","geometry":{"type":"LineString","coordinates":[[76.51247,31.24182],[76.51241,31.24181],[76.5122,31.24177]]},"properties":{"id":"osm:w625805862","name":"","highway":"secondary","bridge":false}},{"type":"Feature","geometry":{"type":"LineString","coordinates":[[76.51299,31.24194],[76.51247,31.24182]]},"properties":{"id":"osm:w625805863","name":"","highway":"secondary","bridge":true}},{"type":"Feature","geometry":{"type":"LineString","coordinates":[[76.53091,31.25105],[76.5305,31.2503],[76.52955,31.24914],[76.52888,31.24865],[76.52816,31.24831],[76.52748,31.24809],[76.52712,31.24798],[76.52545,31.2475],[76.52334,31.24689],[76.52308,31.24678],[76.52292,31.24668],[76.52182,31.2458],[76.52149,31.24549],[76.52122,31.24528],[76.52092,31.2452],[76.5208,31.24516],[76.51841,31.24479],[76.51801,31.24468],[76.51762,31.24453],[76.51628,31.24402],[76.51494,31.24302],[76.51464,31.24279],[76.51437,31.24259],[76.51402,31.24228],[76.51389,31.24222],[76.51383,31.24219],[76.51372,31.24215],[76.51341,31.24206],[76.51305,31.24195],[76.51299,31.24194]]},"properties":{"id":"osm:w625805864","name":"","highway":"secondary","bridge":false}},{"type":"Feature","geometry":{"type":"LineString","coordinates":[[76.28675,31.40684],[76.28727,31.40589],[76.2875,31.40547],[76.28861,31.4034],[76.28932,31.40219],[76.28955,31.40194],[76.29085,31.40063],[76.29109,31.40021],[76.29122,31.39984],[76.29204,31.3978],[76.29216,31.39758],[76.29227,31.39745],[76.29245,31.39736],[76.29361,31.39713],[76.29377,31.39707],[76.29391,31.39697],[76.29414,31.39639],[76.29428,31.39622],[76.29527,31.39546],[76.29658,31.39353],[76.29751,31.39251],[76.29787,31.392],[76.29825,31.39146],[76.29959,31.38956],[76.29977,31.38915],[76.30014,31.38818],[76.30062,31.38691],[76.30104,31.38557],[76.30127,31.38441],[76.30164,31.38383],[76.30374,31.38133],[76.30461,31.38012],[76.30657,31.37827],[76.30789,31.37702],[76.30863,31.37638],[76.30892,31.37621],[76.31091,31.37463],[76.31098,31.37453],[76.31107,31.37438],[76.31191,31.37188],[76.3122,31.37126],[76.31225,31.37109],[76.31245,31.37042],[76.31257,31.37017],[76.31277,31.36992],[76.31354,31.36908],[76.31356,31.36896],[76.31355,31.36884],[76.31351,31.36868],[76.31338,31.36837],[76.31336,31.36812],[76.31358,31.36734],[76.3137,31.36677],[76.3137,31.36674],[76.31375,31.36622],[76.31384,31.36567],[76.31388,31.36544],[76.31397,31.36526],[76.31409,31.36503],[76.31422,31.36472],[76.31431,31.36445],[76.31436,31.36409],[76.31442,31.36362],[76.31445,31.3634],[76.31467,31.36157]]},"properties":{"id":"osm:w625963518","name":"SH 25","highway":"secondary","bridge":false}},{"type":"Feature","geometry":{"type":"LineString","coordinates":[[76.3047,31.45695],[76.30457,31.45708],[76.30427,31.45748],[76.30345,31.45856],[76.30323,31.45881],[76.30277,31.45936],[76.30247,31.45975],[76.3022,31.45994],[76.30215,31.45997],[76.30209,31.46],[76.30202,31.46004],[76.30161,31.46058],[76.30155,31.46101],[76.30148,31.46111],[76.30121,31.4612],[76.3008,31.4613],[76.30067,31.46139],[76.30058,31.46151]]},"properties":{"id":"osm:w625963527","name":"","highway":"tertiary","bridge":false}},{"type":"Feature","geometry":{"type":"LineString","coordinates":[[76.31585,31.18276],[76.31646,31.1828],[76.31753,31.18336],[76.31777,31.18345],[76.31788,31.18346],[76.318,31.1834],[76.31853,31.18296],[76.32003,31.18141],[76.32127,31.17985],[76.32327,31.17766],[76.32433,31.17629],[76.32498,31.17531],[76.32609,31.17256],[76.32725,31.16958],[76.3278,31.16837],[76.32789,31.16815],[76.32801,31.16783],[76.3282,31.16727],[76.32858,31.16588],[76.32859,31.16584],[76.32758,31.16552],[76.32755,31.16548],[76.32789,31.1646],[76.32815,31.16393],[76.32824,31.1639],[76.33005,31.16458],[76.33038,31.1647],[76.33101,31.16494],[76.33109,31.16493],[76.33119,31.16488],[76.33145,31.16469]]},"properties":{"id":"osm:w640501795","name":"","highway":"tertiary","bridge":false}},{"type":"Feature","geometry":{"type":"LineString","coordinates":[[76.26701,31.11491],[76.26923,31.11584],[76.2693,31.11587],[76.27006,31.11596],[76.2726,31.11617],[76.27494,31.11637],[76.27561,31.11642],[76.27588,31.11645],[76.27641,31.11649],[76.27795,31.11663],[76.28014,31.11664],[76.28193,31.11662],[76.28505,31.11666],[76.28592,31.11682],[76.28588,31.11693],[76.28595,31.11697],[76.28749,31.11724],[76.28747,31.1195],[76.28748,31.12314],[76.28753,31.12468],[76.28754,31.1251],[76.28756,31.12688],[76.2876,31.12782],[76.28764,31.12787],[76.28981,31.12845],[76.28982,31.12846],[76.28988,31.12854],[76.28988,31.12865],[76.2894,31.12973],[76.2894,31.12979],[76.2894,31.12984],[76.28953,31.12994],[76.29139,31.13095],[76.29141,31.13101],[76.291,31.13163],[76.29095,31.13175],[76.29099,31.13264],[76.29101,31.13277],[76.29111,31.13285],[76.29172,31.13284],[76.29173,31.13446],[76.29183,31.13675],[76.2919,31.13801],[76.2919,31.13928],[76.29195,31.13932],[76.29396,31.13929],[76.29731,31.1392],[76.29745,31.13921],[76.29751,31.13926],[76.29758,31.14152],[76.29769,31.14464],[76.29767,31.14657],[76.29767,31.14697],[76.29777,31.14708],[76.29986,31.14735],[76.2999,31.14874],[76.29988,31.15085],[76.30003,31.15435],[76.30006,31.1547],[76.30033,31.15528],[76.30018,31.15594],[76.30022,31.15616],[76.30011,31.15705]]},"properties":{"id":"osm:w640501806","name":"","highway":"tertiary","bridge":false}},{"type":"Feature","geometry":{"type":"LineString","coordinates":[[76.30011,31.15705],[76.29938,31.15691],[76.29705,31.15748],[76.29542,31.15989],[76.29539,31.15993],[76.29419,31.16125],[76.2913,31.16554],[76.29,31.16766],[76.29014,31.17088],[76.29015,31.1711],[76.29021,31.17401],[76.28862,31.17407],[76.28844,31.17407],[76.28734,31.17407],[76.28735,31.17447],[76.28737,31.17509],[76.28743,31.17675],[76.28374,31.17683],[76.28335,31.17691],[76.28128,31.17866],[76.27856,31.17871],[76.27845,31.17877],[76.27844,31.17935],[76.27788,31.17998],[76.2762,31.18144],[76.27613,31.18149],[76.27618,31.18368],[76.27618,31.18373],[76.2762,31.18468],[76.27621,31.1854],[76.27622,31.18545],[76.27635,31.18764],[76.27638,31.18859],[76.27638,31.18974],[76.27629,31.19087],[76.27624,31.19148],[76.27533,31.19579]]},"properties":{"id":"osm:w640501808","name":"","highway":"tertiary","bridge":false}},{"type":"Feature","geometry":{"type":"LineString","coordinates":[[76.49018,30.94088],[76.48996,30.94023],[76.48979,30.94],[76.48951,30.93977],[76.48775,30.93888],[76.48721,30.9385]]},"properties":{"id":"osm:w640595396","name":"Bela-Ropar Road","highway":"tertiary","bridge":false}},{"type":"Feature","geometry":{"type":"LineString","coordinates":[[76.49372,30.94515],[76.49163,30.94391],[76.49127,30.94362],[76.49094,30.94318],[76.49081,30.94285]]},"properties":{"id":"osm:w640595397","name":"Bela-Ropar Road","highway":"tertiary","bridge":false}},{"type":"Feature","geometry":{"type":"LineString","coordinates":[[76.49081,30.94285],[76.49018,30.94088]]},"properties":{"id":"osm:w640595398","name":"Bela-Ropar Road","highway":"tertiary","bridge":true}},{"type":"Feature","geometry":{"type":"LineString","coordinates":[[76.5195,30.96224],[76.5199,30.9627],[76.52063,30.96362],[76.52148,30.96463],[76.52149,30.96464],[76.52206,30.96539],[76.52262,30.96599],[76.52263,30.96599],[76.52264,30.966],[76.52266,30.966],[76.52267,30.966],[76.5234,30.96582],[76.52381,30.96573],[76.52458,30.96556],[76.52568,30.96526],[76.52577,30.96524],[76.52689,30.96492],[76.52692,30.96492],[76.52843,30.96478],[76.52888,30.96474],[76.52917,30.96471],[76.53031,30.96459],[76.53033,30.96459],[76.53034,30.96459],[76.53037,30.9646],[76.53039,30.96461],[76.5304,30.96462],[76.53041,30.96464],[76.53098,30.96632],[76.53117,30.96677],[76.53162,30.96662],[76.53172,30.9666]]},"properties":{"id":"osm:w640595399","name":"Bela-Ropar Road","highway":"tertiary","bridge":false}},{"type":"Feature","geometry":{"type":"LineString","coordinates":[[76.47459,30.91087],[76.47481,30.91097],[76.47556,30.91151],[76.47699,30.91268],[76.4787,30.91377],[76.48066,30.91515],[76.48372,30.91735],[76.48883,30.92104],[76.48928,30.9212],[76.48992,30.92135],[76.4902,30.92146],[76.49052,30.92162]]},"properties":{"id":"osm:w640615466","name":"Ropar-Doraha Road","highway":"trunk","bridge":false}},{"type":"Feature","geometry":{"type":"LineString","coordinates":[[76.51095,30.93642],[76.51195,30.93712]]},"properties":{"id":"osm:w640615472","name":"Ropar-Doraha Road","highway":"trunk","bridge":true}},{"type":"Feature","geometry":{"type":"LineString","coordinates":[[76.49081,30.92185],[76.49113,30.92212],[76.49136,30.92247],[76.49178,30.92309],[76.49519,30.92562],[76.4993,30.92858],[76.50277,30.93107],[76.50395,30.93192],[76.5065,30.93375],[76.5087,30.93527],[76.50978,30.93569],[76.51051,30.93609],[76.51095,30.93642]]},"properties":{"id":"osm:w640615473","name":"Ropar-Doraha Road","highway":"trunk","bridge":false}},{"type":"Feature","geometry":{"type":"LineString","coordinates":[[76.52232,30.94511],[76.52376,30.94651],[76.52556,30.94844],[76.52628,30.94934],[76.52679,30.94997],[76.52686,30.95007],[76.52803,30.95169],[76.52859,30.95247],[76.5292,30.95353],[76.52924,30.95359],[76.52927,30.95361],[76.52931,30.95363],[76.52938,30.95364],[76.52944,30.95364],[76.52985,30.95351],[76.53002,30.95345],[76.53027,30.95342],[76.53036,30.95342]]},"properties":{"id":"osm:w640615474","name":"Ropar-Doraha Road","highway":"primary","bridge":false}},{"type":"Feature","geometry":{"type":"LineString","coordinates":[[76.49052,30.92162],[76.49081,30.92185]]},"properties":{"id":"osm:w640615475","name":"Ropar-Doraha Road","highway":"trunk","bridge":true}},{"type":"Feature","geometry":{"type":"LineString","coordinates":[[76.59773,30.92475],[76.59386,30.92321],[76.59332,30.92307],[76.59063,30.92294],[76.58978,30.9228],[76.58918,30.92265],[76.58567,30.92151],[76.58486,30.92122],[76.5841,30.92077],[76.58339,30.92027],[76.5817,30.91892],[76.58003,30.91761],[76.57924,30.91693],[76.57832,30.91639],[76.5779,30.91627],[76.57459,30.91534],[76.57357,30.91519],[76.57329,30.91515],[76.57259,30.91508],[76.57157,30.91492],[76.57118,30.9149],[76.5708,30.91489],[76.57033,30.91474],[76.5699,30.91455],[76.56934,30.91434],[76.56878,30.91421],[76.56765,30.91418],[76.56655,30.91415],[76.56566,30.91415],[76.56544,30.91418],[76.56525,30.91432],[76.5649,30.91463],[76.56428,30.91524],[76.564,30.9154],[76.56363,30.91545],[76.56352,30.91547],[76.56163,30.91585],[76.56047,30.91613],[76.55887,30.91681],[76.55761,30.91741],[76.55747,30.91748],[76.55639,30.91796],[76.55576,30.91824],[76.55308,30.91924],[76.55241,30.91938],[76.54707,30.9204],[76.54688,30.92041],[76.54671,30.92042],[76.54647,30.92036],[76.54301,30.9193],[76.54287,30.91925]]},"properties":{"id":"osm:w643137124","name":"","highway":"tertiary","bridge":false}},{"type":"Feature","geometry":{"type":"LineString","coordinates":[[76.59884,30.92516],[76.59773,30.92475]]},"properties":{"id":"osm:w643137125","name":"","highway":"tertiary","bridge":true}},{"type":"Feature","geometry":{"type":"LineString","coordinates":[[76.52517,30.93177],[76.52505,30.93003]]},"properties":{"id":"osm:w643164350","name":"Morinda Rupnagar SH","highway":"tertiary","bridge":true}},{"type":"Feature","geometry":{"type":"LineString","coordinates":[[76.52556,30.94844],[76.52555,30.94637],[76.52551,30.94413],[76.52546,30.94305],[76.52546,30.94286],[76.52536,30.94039],[76.52534,30.94029],[76.52534,30.93828],[76.52534,30.9382],[76.52534,30.93547],[76.52534,30.93484],[76.52534,30.93426],[76.52517,30.93177]]},"properties":{"id":"osm:w643164353","name":"Morinda Rupnagar SH","highway":"tertiary","bridge":false}},{"type":"Feature","geometry":{"type":"LineString","coordinates":[[76.53538,30.96166],[76.53541,30.96105],[76.53633,30.95996],[76.53652,30.95973],[76.53656,30.95949],[76.53686,30.95775],[76.53695,30.95737],[76.53735,30.95573]]},"properties":{"id":"osm:w643164425","name":"","highway":"tertiary","bridge":false}},{"type":"Feature","geometry":{"type":"LineString","coordinates":[[76.53538,30.96166],[76.53528,30.96171],[76.53524,30.96178],[76.53516,30.96459],[76.53517,30.96468]]},"properties":{"id":"osm:w643164427","name":"","highway":"tertiary","bridge":false}},{"type":"Feature","geometry":{"type":"LineString","coordinates":[[76.54651,30.96302],[76.54606,30.9628]]},"properties":{"id":"osm:w643164428","name":"","highway":"tertiary","bridge":true}},{"type":"Feature","geometry":{"type":"LineString","coordinates":[[76.54657,30.96304],[76.54651,30.96302]]},"properties":{"id":"osm:w643164429","name":"","highway":"tertiary","bridge":false}},{"type":"Feature","geometry":{"type":"LineString","coordinates":[[76.54606,30.9628],[76.54598,30.9628],[76.54571,30.96328],[76.54565,30.96334],[76.54502,30.96353],[76.54296,30.96417],[76.54271,30.96418],[76.54075,30.96422],[76.53881,30.96427],[76.53856,30.96422],[76.53776,30.96381],[76.53642,30.96335],[76.53637,30.96334]]},"properties":{"id":"osm:w643164430","name":"","highway":"tertiary","bridge":false}},{"type":"Feature","geometry":{"type":"LineString","coordinates":[[76.53311,31.02914],[76.53556,31.02908],[76.53564,31.02901],[76.53549,31.02535],[76.53555,31.02525],[76.53609,31.0252],[76.53617,31.02512],[76.53612,31.02408],[76.53614,31.02396],[76.53624,31.02391],[76.53719,31.02382],[76.53732,31.02378],[76.53771,31.0232],[76.53771,31.02197],[76.53772,31.02193],[76.53773,31.02189],[76.53788,31.0217],[76.53944,31.02061],[76.54088,31.01958],[76.54184,31.0189],[76.54192,31.01879],[76.54253,31.01764],[76.54284,31.01707],[76.54318,31.01654],[76.54356,31.01589]]},"properties":{"id":"osm:w643164460","name":"","highway":"tertiary","bridge":false}},{"type":"Feature","geometry":{"type":"LineString","coordinates":[[76.52846,30.98079],[76.5282,30.9811],[76.52798,30.98117],[76.52672,30.98239],[76.52449,30.98431],[76.52251,30.98567],[76.52244,30.9858],[76.5225,30.98592],[76.52257,30.98608],[76.52292,30.98689],[76.5257,30.98764],[76.52606,30.98792],[76.52808,30.99014],[76.5301,30.99227],[76.5313,30.9932],[76.5322,30.99381],[76.53255,30.99428],[76.53336,30.99542],[76.53363,30.99577],[76.53492,30.99742],[76.53514,30.9977],[76.53603,30.99873],[76.5373,31.00027],[76.53854,31.00125],[76.54222,31.00334],[76.54289,31.00384],[76.54311,31.00412],[76.54314,31.00417],[76.54353,31.00514],[76.54362,31.00537],[76.54385,31.00598],[76.54435,31.00683],[76.54442,31.00714],[76.54447,31.00757],[76.54456,31.00835],[76.54529,31.01066],[76.54532,31.01074],[76.54535,31.01106],[76.54534,31.01127],[76.54491,31.01245],[76.54431,31.01413],[76.54368,31.01562],[76.54356,31.01589],[76.54423,31.01754],[76.54505,31.01876],[76.54529,31.01927],[76.54602,31.02183],[76.54632,31.02284],[76.54674,31.02427],[76.54702,31.02603]]},"properties":{"id":"osm:w643164461","name":"","highway":"tertiary","bridge":false}},{"type":"Feature","geometry":{"type":"LineString","coordinates":[[76.52807,30.98087],[76.52679,30.98105]]},"properties":{"id":"osm:w643164464","name":"","highway":"secondary","bridge":true}},{"type":"Feature","geometry":{"type":"LineString","coordinates":[[76.52679,30.98105],[76.52662,30.98107],[76.52532,30.98124],[76.52423,30.98153],[76.52375,30.98173],[76.52334,30.98199],[76.52256,30.98272],[76.52026,30.98529],[76.52017,30.98539]]},"properties":{"id":"osm:w643164465","name":"","highway":"secondary","bridge":false}},{"type":"Feature","geometry":{"type":"LineString","coordinates":[[76.53289,30.96647],[76.53172,30.9666]]},"properties":{"id":"osm:w643164468","name":"Bela-Ropar Road","highway":"tertiary","bridge":true}},{"type":"Feature","geometry":{"type":"LineString","coordinates":[[76.53342,30.96651],[76.53297,30.96646],[76.53289,30.96647]]},"properties":{"id":"osm:w643164469","name":"Bela-Ropar Road","highway":"tertiary","bridge":false}},{"type":"Feature","geometry":{"type":"LineString","coordinates":[[76.52692,30.96492],[76.52664,30.96421],[76.52639,30.96352],[76.52628,30.96321],[76.52624,30.9631],[76.52617,30.96291],[76.52602,30.96246],[76.52593,30.96216],[76.52552,30.96112],[76.52527,30.96051],[76.52509,30.96001],[76.52497,30.95969],[76.52476,30.95909],[76.52461,30.9587],[76.52449,30.95837],[76.52388,30.95674],[76.52386,30.95668],[76.52384,30.95665],[76.52363,30.95616],[76.52354,30.95585],[76.52341,30.9555],[76.52336,30.95537],[76.52333,30.95532],[76.52316,30.95475],[76.52308,30.95453],[76.52279,30.95345],[76.52271,30.95318],[76.52259,30.95279],[76.52245,30.95242],[76.52223,30.95182],[76.52197,30.95116],[76.5217,30.95048],[76.5216,30.95023],[76.52119,30.9492],[76.52083,30.94833],[76.51996,30.9473],[76.51824,30.94731],[76.518,30.94734]]},"properties":{"id":"osm:w643164485","name":"","highway":"tertiary","bridge":false}},{"type":"Feature","geometry":{"type":"LineString","coordinates":[[76.52318,30.96606],[76.52336,30.96586],[76.5234,30.96582]]},"properties":{"id":"osm:w643164487","name":"","highway":"tertiary","bridge":false}},{"type":"Feature","geometry":{"type":"LineString","coordinates":[[76.52291,30.96616],[76.52292,30.9662],[76.52294,30.96623],[76.52297,30.96625],[76.523,30.96627],[76.52304,30.96627],[76.52308,30.96627],[76.52312,30.96626],[76.52315,30.96625],[76.52318,30.96622],[76.5232,30.96619],[76.52321,30.96616],[76.52321,30.96613],[76.5232,30.96609],[76.52318,30.96606],[76.52315,30.96604],[76.52311,30.96602],[76.52307,30.96602],[76.52303,30.96602],[76.523,30.96602],[76.52296,30.96604],[76.52293,30.96607],[76.52292,30.9661],[76.52291,30.96613],[76.52291,30.96616]]},"properties":{"id":"osm:w643164488","name":"","highway":"tertiary","bridge":false}},{"type":"Feature","geometry":{"type":"LineString","coordinates":[[76.49905,30.97479],[76.49919,30.9741],[76.4994,30.97364],[76.49994,30.97304],[76.50113,30.97178],[76.50123,30.97163],[76.50135,30.97138],[76.50157,30.97091],[76.50158,30.97084]]},"properties":{"id":"osm:w643164490","name":"","highway":"tertiary","bridge":false}},{"type":"Feature","geometry":{"type":"LineString","coordinates":[[76.50152,30.97079],[76.50149,30.97081],[76.50096,30.97139],[76.50012,30.97233],[76.49924,30.97326],[76.49888,30.97385],[76.49883,30.97399],[76.49858,30.97477]]},"properties":{"id":"osm:w643164491","name":"","highway":"tertiary","bridge":false}},{"type":"Feature","geometry":{"type":"LineString","coordinates":[[76.52291,30.96613],[76.52264,30.966],[76.52205,30.96602],[76.52158,30.96603],[76.52116,30.96603],[76.52057,30.96605],[76.51992,30.96604],[76.51951,30.96607],[76.51944,30.96607],[76.51882,30.96606],[76.51847,30.96605],[76.51821,30.96604],[76.51805,30.96603],[76.5176,30.96601],[76.51711,30.96598],[76.51684,30.96597],[76.51662,30.96599],[76.51616,30.96599],[76.51573,30.96599],[76.51555,30.96599],[76.51507,30.96598],[76.51479,30.96598],[76.51451,30.96598],[76.51417,30.96598],[76.51345,30.96601],[76.51341,30.96602],[76.51305,30.96603],[76.51242,30.96601],[76.51213,30.966],[76.51181,30.96599],[76.51149,30.96593],[76.51108,30.96587],[76.51099,30.96584],[76.51057,30.96567],[76.50974,30.96546],[76.50902,30.96532],[76.50831,30.96516],[76.50738,30.96493],[76.50715,30.96487],[76.506,30.96453]]},"properties":{"id":"osm:w643164494","name":"","highway":"tertiary","bridge":false}},{"type":"Feature","geometry":{"type":"LineString","coordinates":[[76.59325,31.07388],[76.59309,31.07391],[76.59279,31.07393],[76.59154,31.07387]]},"properties":{"id":"osm:w643193871","name":"","highway":"tertiary","bridge":false}},{"type":"Feature","geometry":{"type":"LineString","coordinates":[[76.59378,31.07374],[76.59325,31.07388]]},"properties":{"id":"osm:w643193873","name":"","highway":"tertiary","bridge":true}},{"type":"Feature","geometry":{"type":"LineString","coordinates":[[76.59653,31.05248],[76.59654,31.05253]]},"properties":{"id":"osm:w643193875","name":"","highway":"tertiary","bridge":false}},{"type":"Feature","geometry":{"type":"LineString","coordinates":[[76.59601,31.04976],[76.59653,31.05248]]},"properties":{"id":"osm:w643193876","name":"","highway":"tertiary","bridge":true}},{"type":"Feature","geometry":{"type":"LineString","coordinates":[[76.59654,31.05253],[76.59661,31.05266],[76.59668,31.05278],[76.5968,31.05285],[76.59697,31.05348],[76.59711,31.05385],[76.59737,31.05438],[76.59747,31.05449],[76.59765,31.05458],[76.59822,31.05503],[76.59832,31.05513]]},"properties":{"id":"osm:w643193877","name":"","highway":"tertiary","bridge":false}},{"type":"Feature","geometry":{"type":"LineString","coordinates":[[76.59325,31.0276],[76.59326,31.02789],[76.59334,31.02855],[76.59349,31.02922],[76.59349,31.02941],[76.59331,31.02992],[76.5932,31.03005],[76.59307,31.03016],[76.59289,31.03028],[76.59262,31.03045],[76.59233,31.03082],[76.59211,31.03138],[76.59212,31.03182],[76.59232,31.03228],[76.59258,31.03266],[76.59288,31.03322],[76.59317,31.03397],[76.59372,31.03707],[76.59395,31.03814],[76.59462,31.0414],[76.59518,31.04436],[76.59585,31.04756],[76.59618,31.0492],[76.59601,31.04953],[76.59599,31.04966],[76.59601,31.04976]]},"properties":{"id":"osm:w643193878","name":"","highway":"tertiary","bridge":false}},{"type":"Feature","geometry":{"type":"LineString","coordinates":[[76.59697,31.05348],[76.59715,31.0546],[76.59709,31.05533],[76.59663,31.05627],[76.59587,31.05692],[76.59517,31.05738],[76.59264,31.05852],[76.59167,31.05897],[76.59085,31.05959],[76.59002,31.06054],[76.58989,31.06075]]},"properties":{"id":"osm:w643193879","name":"","highway":"tertiary","bridge":false}},{"type":"Feature","geometry":{"type":"LineString","coordinates":[[76.59466,31.06025],[76.59368,31.06045],[76.59298,31.06066],[76.59274,31.06069],[76.59053,31.06084],[76.59022,31.06084],[76.58989,31.06075]]},"properties":{"id":"osm:w643193880","name":"","highway":"tertiary","bridge":false}},{"type":"Feature","geometry":{"type":"LineString","coordinates":[[76.59832,31.05513],[76.59838,31.05521],[76.59862,31.05561]]},"properties":{"id":"osm:w643193882","name":"","highway":"tertiary","bridge":false}},{"type":"Feature","geometry":{"type":"LineString","coordinates":[[76.59851,31.05496],[76.59847,31.05512],[76.59843,31.05514],[76.59839,31.05514],[76.59832,31.05513]]},"properties":{"id":"osm:w643193883","name":"","highway":"tertiary","bridge":false}},{"type":"Feature","geometry":{"type":"LineString","coordinates":[[76.58989,31.06075],[76.58969,31.06107],[76.58935,31.06176],[76.58912,31.06252],[76.58893,31.06345],[76.58899,31.06425],[76.58911,31.06473],[76.58946,31.06549],[76.59016,31.06683],[76.59098,31.06832],[76.59185,31.06999],[76.59252,31.07117],[76.59328,31.07252],[76.59384,31.07372],[76.59378,31.07374]]},"properties":{"id":"osm:w643193885","name":"","highway":"tertiary","bridge":false}},{"type":"Feature","geometry":{"type":"LineString","coordinates":[[76.59483,31.06029],[76.59466,31.06025]]},"properties":{"id":"osm:w643193886","name":"","highway":"tertiary","bridge":false}},{"type":"Feature","geometry":{"type":"LineString","coordinates":[[76.59621,31.06002],[76.59608,31.05999],[76.59594,31.06003],[76.59536,31.06033],[76.59522,31.06037],[76.59507,31.06037],[76.59483,31.06029]]},"properties":{"id":"osm:w643193887","name":"","highway":"tertiary","bridge":false}},{"type":"Feature","geometry":{"type":"LineString","coordinates":[[76.59675,31.06018],[76.59621,31.06002]]},"properties":{"id":"osm:w643193888","name":"","highway":"tertiary","bridge":true}},{"type":"Feature","geometry":{"type":"LineString","coordinates":[[76.53588,30.96331],[76.5358,30.9633],[76.53579,30.96322],[76.53574,30.96266],[76.53538,30.96166]]},"properties":{"id":"osm:w644575776","name":"","highway":"tertiary","bridge":false}},{"type":"Feature","geometry":{"type":"LineString","coordinates":[[76.53637,30.96334],[76.53588,30.96331]]},"properties":{"id":"osm:w644575777","name":"","highway":"tertiary","bridge":true}},{"type":"Feature","geometry":{"type":"LineString","coordinates":[[76.35417,31.29619],[76.35188,31.29893],[76.34937,31.30195],[76.3489,31.30252],[76.34643,31.30551],[76.34596,31.30609],[76.34532,31.30686],[76.34433,31.3081],[76.34235,31.31044],[76.34232,31.31048],[76.34209,31.31075],[76.34115,31.3119],[76.34047,31.31272],[76.34028,31.31295],[76.33975,31.3136],[76.33789,31.31567],[76.33741,31.31629],[76.33688,31.31714],[76.33632,31.31811],[76.33598,31.31869],[76.33579,31.31903],[76.3356,31.31935],[76.33461,31.32101],[76.33402,31.322],[76.33358,31.32276],[76.33278,31.32413],[76.33251,31.32458],[76.33132,31.32654],[76.32992,31.32897],[76.32969,31.32936],[76.32772,31.33261],[76.32752,31.33296],[76.32642,31.33489],[76.32613,31.3354],[76.32597,31.33567],[76.32498,31.33735],[76.3247,31.33783],[76.32387,31.33923],[76.32385,31.33926],[76.32303,31.34061],[76.32295,31.34074],[76.32244,31.34167],[76.32182,31.34266],[76.32027,31.34496],[76.31904,31.34687],[76.31853,31.34778],[76.31853,31.34785]]},"properties":{"id":"osm:w646061314","name":"","highway":"tertiary","bridge":false}},{"type":"Feature","geometry":{"type":"LineString","coordinates":[[76.32011,31.35202],[76.32038,31.35208],[76.32054,31.35211],[76.32092,31.35215],[76.32151,31.35223],[76.32165,31.35225],[76.32285,31.35241],[76.32305,31.35241],[76.32314,31.3524],[76.32328,31.35232],[76.32335,31.35225],[76.32368,31.35113],[76.32374,31.35109],[76.32382,31.35104],[76.3249,31.35098],[76.32497,31.35098],[76.32563,31.35088],[76.32669,31.35072],[76.32738,31.3507],[76.32783,31.35068],[76.3301,31.35048],[76.3304,31.35047],[76.33084,31.3503],[76.33469,31.35012],[76.3357,31.35018],[76.33595,31.35019],[76.33685,31.35028],[76.3369,31.35028],[76.33772,31.35031],[76.33873,31.35046],[76.33898,31.35054],[76.33981,31.3509],[76.34071,31.35144],[76.34144,31.35167],[76.34166,31.35172]]},"properties":{"id":"osm:w646061325","name":"","highway":"tertiary","bridge":false}},{"type":"Feature","geometry":{"type":"LineString","coordinates":[[76.31853,31.34785],[76.31865,31.34788],[76.32049,31.3482],[76.32062,31.34827],[76.32066,31.34839],[76.32055,31.34942],[76.32049,31.34995],[76.32049,31.34998],[76.32049,31.35009],[76.3205,31.35046],[76.32039,31.35089],[76.32011,31.35202],[76.32004,31.35251],[76.31996,31.35307],[76.3198,31.35417],[76.31958,31.35577]]},"properties":{"id":"osm:w646061326","name":"","highway":"tertiary","bridge":false}},{"type":"Feature","geometry":{"type":"LineString","coordinates":[[76.3211,31.36967],[76.32112,31.37189],[76.32106,31.37203],[76.32098,31.37222],[76.32098,31.37236],[76.32098,31.37272],[76.32097,31.37306],[76.32092,31.37317],[76.32081,31.37324],[76.32071,31.37328],[76.32063,31.3733],[76.32055,31.37342],[76.32053,31.37355],[76.32055,31.37596],[76.32055,31.37688],[76.32056,31.3776],[76.32061,31.37972],[76.32061,31.38032],[76.32059,31.38144],[76.32058,31.3819],[76.32062,31.3821],[76.32131,31.38289],[76.32195,31.384],[76.32265,31.38522],[76.32269,31.38528],[76.32309,31.38598],[76.32329,31.38639],[76.3244,31.38825],[76.32483,31.38902],[76.32485,31.38921],[76.32482,31.38949],[76.32454,31.39195],[76.32461,31.39243],[76.32469,31.39259],[76.3254,31.39377],[76.32549,31.39402],[76.32564,31.39481],[76.32571,31.39502],[76.32605,31.39563],[76.32611,31.39575],[76.32631,31.39672],[76.32633,31.39688],[76.32663,31.39726],[76.32757,31.39853],[76.32769,31.39875],[76.32774,31.39898],[76.32798,31.39956],[76.32813,31.40022],[76.32826,31.4004],[76.3297,31.4024],[76.32998,31.40263],[76.3308,31.40309],[76.33186,31.40369],[76.33222,31.40389],[76.3327,31.40397],[76.33279,31.40397],[76.33296,31.40397],[76.33376,31.40407],[76.33596,31.40455],[76.3373,31.40469],[76.33747,31.40469],[76.33764,31.40464],[76.33788,31.40452],[76.33799,31.40449],[76.3382,31.40452],[76.34013,31.40483],[76.34117,31.40503],[76.3418,31.40505],[76.34224,31.40507],[76.34274,31.4051],[76.34324,31.40513],[76.34332,31.40512]]},"properties":{"id":"osm:w646061329","name":"","highway":"primary","bridge":false}},{"type":"Feature","geometry":{"type":"LineString","coordinates":[[76.34482,31.39718],[76.34422,31.39751],[76.34408,31.39761],[76.34383,31.39777],[76.34338,31.39795],[76.34238,31.39853],[76.34193,31.3988],[76.34045,31.39971],[76.33899,31.40046],[76.33857,31.40085],[76.33851,31.40099],[76.3384,31.4023],[76.33839,31.40241],[76.33828,31.40367],[76.3382,31.40452]]},"properties":{"id":"osm:w646061330","name":"","highway":"tertiary","bridge":false}},{"type":"Feature","geometry":{"type":"LineString","coordinates":[[76.36064,31.40776],[76.36014,31.40763],[76.35995,31.40757],[76.35982,31.40752],[76.35964,31.40743],[76.35948,31.40736],[76.35907,31.40691],[76.35867,31.40673],[76.35839,31.40649],[76.35782,31.40626],[76.3573,31.40612],[76.35699,31.40606],[76.35677,31.40604],[76.35666,31.40608],[76.35609,31.40667],[76.35592,31.40667],[76.35563,31.40665],[76.35497,31.4065],[76.35471,31.4063],[76.35447,31.40617],[76.3544,31.40615],[76.35433,31.40614],[76.35373,31.4061],[76.35314,31.4061],[76.35264,31.4061],[76.35231,31.40609],[76.35113,31.40605],[76.35093,31.40606],[76.35017,31.40622],[76.34964,31.40622],[76.34872,31.40623],[76.3465,31.40626],[76.34331,31.40628],[76.343,31.40628],[76.34278,31.40628],[76.3427,31.40628]]},"properties":{"id":"osm:w646061337","name":"","highway":"secondary","bridge":false}},{"type":"Feature","geometry":{"type":"LineString","coordinates":[[76.3912,31.27469],[76.3913,31.27484],[76.39131,31.27498],[76.39127,31.27505],[76.3907,31.27541],[76.39063,31.27551],[76.39062,31.2756],[76.39072,31.27569],[76.39116,31.27573],[76.3916,31.27573],[76.39612,31.27567]]},"properties":{"id":"osm:w646071827","name":"","highway":"tertiary","bridge":false}},{"type":"Feature","geometry":{"type":"LineString","coordinates":[[76.39035,31.27384],[76.3912,31.27469]]},"properties":{"id":"osm:w646071828","name":"","highway":"tertiary","bridge":true}},{"type":"Feature","geometry":{"type":"LineString","coordinates":[[76.50699,31.26],[76.50715,31.25982],[76.50743,31.25954],[76.50756,31.25936],[76.50771,31.25922],[76.50822,31.25885],[76.50929,31.25814],[76.5095,31.25803],[76.50981,31.25793],[76.51059,31.25789],[76.51097,31.2578],[76.51121,31.25774],[76.51163,31.25751],[76.51183,31.25736],[76.51208,31.257],[76.5123,31.25668],[76.51244,31.2565],[76.5126,31.25613],[76.51291,31.25576],[76.51311,31.25534],[76.51318,31.25507],[76.51315,31.25441],[76.51306,31.25379],[76.513,31.25314],[76.513,31.2531],[76.51313,31.25207],[76.51333,31.25063],[76.51335,31.24961],[76.51323,31.24891],[76.51293,31.24756],[76.51264,31.24632],[76.51263,31.24605],[76.51266,31.24584],[76.51306,31.24485],[76.51323,31.24446],[76.51331,31.24374],[76.51299,31.24287],[76.51293,31.24239],[76.51305,31.24195]]},"properties":{"id":"osm:w646320292","name":"","highway":"tertiary","bridge":false}},{"type":"Feature","geometry":{"type":"LineString","coordinates":[[76.56046,31.20247],[76.56045,31.20257],[76.56043,31.20268]]},"properties":{"id":"osm:w646320355","name":"","highway":"tertiary","bridge":true}},{"type":"Feature","geometry":{"type":"LineString","coordinates":[[76.57723,31.18461],[76.57717,31.18468],[76.57706,31.18473],[76.57673,31.18477],[76.57592,31.18485],[76.57499,31.18488],[76.57472,31.18487],[76.57462,31.18489],[76.57435,31.18539],[76.5743,31.18548],[76.57355,31.18679],[76.57287,31.18814],[76.57243,31.18904],[76.57197,31.18962],[76.57188,31.18969],[76.57167,31.18984],[76.57129,31.1901],[76.57072,31.19035],[76.57009,31.19048],[76.56823,31.19046],[76.56734,31.19044],[76.56704,31.19048],[76.56679,31.19054],[76.56664,31.19063],[76.566,31.19095],[76.56579,31.1911],[76.56561,31.19127],[76.56519,31.19185],[76.5649,31.19247],[76.56485,31.19268],[76.5644,31.19429],[76.56396,31.19575],[76.56377,31.19612],[76.56349,31.19651],[76.56295,31.19703],[76.56199,31.19788],[76.56151,31.1983],[76.56117,31.19886],[76.56101,31.19931],[76.56067,31.20134],[76.56056,31.20186],[76.56046,31.20247]]},"properties":{"id":"osm:w646320356","name":"","highway":"tertiary","bridge":false}},{"type":"Feature","geometry":{"type":"LineString","coordinates":[[76.56043,31.20268],[76.56035,31.20308],[76.56016,31.20403],[76.56015,31.20419],[76.56017,31.2043],[76.56051,31.20507],[76.56075,31.20587],[76.56091,31.20683],[76.56092,31.20709],[76.56083,31.20728],[76.56017,31.20815],[76.56008,31.20828],[76.55957,31.20892],[76.55942,31.20899],[76.55931,31.20914],[76.55914,31.20967],[76.559,31.21009],[76.55858,31.21079],[76.55816,31.21148],[76.55797,31.21179],[76.5573,31.21351],[76.55641,31.21595],[76.55612,31.21638],[76.55544,31.21703],[76.55489,31.21738],[76.55433,31.21776],[76.55408,31.21792],[76.55377,31.21819],[76.55363,31.21836],[76.55321,31.21907],[76.55284,31.2197],[76.55242,31.22035],[76.55194,31.22093],[76.55162,31.22132],[76.55079,31.22225],[76.55048,31.22263],[76.55012,31.22299],[76.54976,31.22324],[76.54927,31.22355],[76.54858,31.22376],[76.54729,31.2241],[76.54578,31.22462],[76.54438,31.22533],[76.54381,31.22568],[76.5436,31.22591],[76.54336,31.2263],[76.54301,31.22735],[76.5426,31.22792],[76.54206,31.22836],[76.54111,31.22907],[76.54063,31.22921],[76.54033,31.22925],[76.5395,31.2292],[76.53798,31.22911],[76.53784,31.2291],[76.53762,31.22909],[76.53721,31.22907],[76.53662,31.22916],[76.536,31.22934],[76.53527,31.22971],[76.53498,31.22991],[76.53464,31.23018],[76.53411,31.2308],[76.53317,31.23196],[76.53243,31.23279],[76.53207,31.23298],[76.5318,31.23305],[76.53121,31.23312],[76.53049,31.23319],[76.53016,31.23325],[76.52996,31.23332],[76.52943,31.23363],[76.52788,31.23452],[76.52703,31.23483],[76.52532,31.23531],[76.5239,31.23568],[76.52345,31.23588],[76.52325,31.236],[76.52227,31.23679],[76.52129,31.23766],[76.52042,31.23838],[76.51965,31.23897],[76.51921,31.23918],[76.51887,31.23927],[76.51834,31.23939],[76.51704,31.23956],[76.51557,31.2397],[76.51469,31.23985],[76.51443,31.23996],[76.51394,31.24034],[76.51355,31.24067],[76.51334,31.24097],[76.5131,31.24171],[76.51305,31.24195]]},"properties":{"id":"osm:w646320378","name":"","highway":"tertiary","bridge":false}},{"type":"Feature","geometry":{"type":"LineString","coordinates":[[76.47766,31.17028],[76.4776,31.17045],[76.47743,31.17089],[76.47723,31.17165],[76.47728,31.17176],[76.47735,31.17195],[76.47739,31.17209],[76.47742,31.17219],[76.47735,31.17332],[76.47737,31.17367],[76.4774,31.17397],[76.47732,31.1741],[76.47672,31.17453],[76.47668,31.17456],[76.47662,31.1746],[76.47652,31.17484],[76.4765,31.17495],[76.47622,31.17644],[76.47588,31.17725],[76.47522,31.17867],[76.47497,31.17879],[76.47452,31.17971],[76.47433,31.18006],[76.47374,31.18114],[76.47352,31.18139],[76.47341,31.18143],[76.47315,31.18194],[76.47262,31.18328],[76.47212,31.18435],[76.47198,31.18452],[76.47139,31.1851],[76.47016,31.1879],[76.46935,31.18957],[76.46933,31.18963],[76.4695,31.19025],[76.46949,31.19034],[76.4694,31.19049],[76.46895,31.19106],[76.46757,31.19286],[76.46728,31.19328],[76.46675,31.19378],[76.4667,31.19379],[76.46532,31.19288],[76.46526,31.19288],[76.46508,31.19326],[76.46458,31.19427],[76.46381,31.19546],[76.46288,31.19689],[76.46189,31.19855],[76.46101,31.20003],[76.46068,31.20069],[76.45931,31.20219],[76.45788,31.20372],[76.45782,31.20375],[76.45699,31.20335],[76.45692,31.20336],[76.4566,31.20412],[76.45652,31.20415],[76.45633,31.20418],[76.45624,31.20423],[76.45587,31.20484],[76.45576,31.20486],[76.45303,31.20489],[76.44979,31.20494],[76.44941,31.20492],[76.44934,31.20489],[76.44863,31.20444],[76.44698,31.20408],[76.44508,31.20374],[76.44494,31.20373],[76.44489,31.20377],[76.44453,31.20428],[76.44382,31.20523],[76.44255,31.20626],[76.44241,31.20743],[76.44217,31.20816],[76.44192,31.20884],[76.44138,31.21026],[76.44092,31.21147],[76.44046,31.21268],[76.44007,31.21372],[76.43944,31.21542],[76.43942,31.21549],[76.43918,31.21614],[76.43905,31.21629],[76.439,31.21638],[76.439,31.21778],[76.43896,31.21782],[76.43703,31.21809]]},"properties":{"id":"osm:w646909888","name":"","highway":"tertiary","bridge":false}},{"type":"Feature","geometry":{"type":"LineString","coordinates":[[76.47683,31.22644],[76.47582,31.2263],[76.47475,31.22559],[76.47474,31.22553],[76.47512,31.22491],[76.47523,31.2249],[76.47675,31.22489],[76.47682,31.22638],[76.47683,31.22644]]},"properties":{"id":"osm:w646909905","name":"","highway":"tertiary","bridge":false}},{"type":"Feature","geometry":{"type":"LineString","coordinates":[[76.47683,31.22644],[76.47697,31.22682],[76.47712,31.22705],[76.47714,31.22919],[76.47716,31.23144],[76.47721,31.23247],[76.47778,31.23287],[76.47868,31.23352],[76.47944,31.23407],[76.47962,31.23428],[76.48117,31.23541],[76.48123,31.23547],[76.48124,31.23549],[76.48126,31.23584],[76.48118,31.23624],[76.48096,31.23751],[76.48087,31.23803],[76.48086,31.23915],[76.48086,31.23931],[76.48088,31.23987],[76.48142,31.23986],[76.48316,31.23987],[76.48313,31.23838]]},"properties":{"id":"osm:w646909906","name":"","highway":"tertiary","bridge":false}},{"type":"Feature","geometry":{"type":"LineString","coordinates":[[76.45691,31.14128],[76.46091,31.14499],[76.46215,31.14612],[76.46253,31.14668],[76.46281,31.14722],[76.46466,31.14921],[76.46481,31.1493],[76.46775,31.15018],[76.46784,31.15025],[76.4684,31.15174],[76.46843,31.15631],[76.46917,31.15633],[76.46922,31.15636],[76.46926,31.15737],[76.46925,31.15811],[76.4693,31.15819],[76.47011,31.15876],[76.47137,31.1601],[76.47324,31.16149],[76.47568,31.16336],[76.47633,31.16385],[76.47778,31.16494],[76.47828,31.16531],[76.47901,31.16573],[76.47927,31.16583]]},"properties":{"id":"osm:w646941564","name":"","highway":"tertiary","bridge":false}},{"type":"Feature","geometry":{"type":"LineString","coordinates":[[76.49153,31.10401],[76.49203,31.10343],[76.49285,31.10263],[76.49321,31.10217],[76.49363,31.10164],[76.49475,31.10003],[76.4948,31.09981],[76.49482,31.0973],[76.49481,31.09693],[76.49512,31.09637],[76.4952,31.09631],[76.49533,31.09585],[76.49545,31.0958],[76.4955,31.0958],[76.49758,31.09699],[76.4976,31.09727],[76.4977,31.09733],[76.49996,31.09854],[76.5001,31.09853],[76.50017,31.09833],[76.50032,31.09825],[76.50382,31.09821],[76.50629,31.09814],[76.50908,31.09814],[76.50916,31.09813],[76.50886,31.09722],[76.5089,31.09711],[76.5094,31.09719],[76.50951,31.09718],[76.50946,31.09584],[76.50959,31.09576],[76.51123,31.09611],[76.51146,31.09608],[76.51235,31.09583],[76.51237,31.09574],[76.51249,31.09497],[76.51254,31.09486],[76.51401,31.09396],[76.51406,31.09118],[76.51394,31.0882],[76.51398,31.08808],[76.51503,31.08769],[76.5152,31.08755],[76.51623,31.08483],[76.51733,31.0821],[76.51872,31.07894],[76.51956,31.0773],[76.51958,31.07708],[76.51949,31.07265],[76.51959,31.06903],[76.51947,31.06729],[76.51949,31.06498],[76.51958,31.06486],[76.52125,31.06342],[76.52156,31.06268],[76.52172,31.06202],[76.5217,31.06183],[76.52147,31.06156],[76.52001,31.06036],[76.51961,31.05987],[76.51958,31.0597],[76.51921,31.05925],[76.5192,31.05828],[76.51913,31.05801]]},"properties":{"id":"osm:w646941586","name":"","highway":"tertiary","bridge":false}},{"type":"Feature","geometry":{"type":"LineString","coordinates":[[76.4968,31.12399],[76.50037,31.12392],[76.50427,31.12391],[76.50469,31.12386]]},"properties":{"id":"osm:w646941593","name":"","highway":"tertiary","bridge":false}},{"type":"Feature","geometry":{"type":"LineString","coordinates":[[76.50469,31.12386],[76.5048,31.12379],[76.50519,31.1236],[76.5053,31.1236],[76.50651,31.12364],[76.50707,31.12393],[76.50797,31.12394],[76.50828,31.12402],[76.5086,31.12413],[76.50928,31.12431],[76.50914,31.12528],[76.50898,31.12634],[76.50898,31.12687],[76.50895,31.12743],[76.50901,31.12757],[76.50994,31.12757],[76.51255,31.12755],[76.51454,31.1287],[76.51523,31.12926],[76.5157,31.12954],[76.51599,31.12967]]},"properties":{"id":"osm:w646941604","name":"","highway":"tertiary","bridge":false}},{"type":"Feature","geometry":{"type":"LineString","coordinates":[[76.30792,31.45321],[76.30787,31.45313],[76.30785,31.45303],[76.30783,31.45286],[76.30783,31.45272],[76.30788,31.45268],[76.30791,31.45266],[76.30813,31.45255],[76.30902,31.45217],[76.30966,31.45183],[76.30969,31.45181],[76.3103,31.45135],[76.31055,31.45123],[76.31118,31.45113],[76.31121,31.4511],[76.31124,31.45108],[76.31128,31.45105],[76.31132,31.45103],[76.31133,31.45102],[76.31132,31.45101],[76.31128,31.451],[76.31101,31.45097],[76.31081,31.45097],[76.31061,31.45095],[76.30998,31.4508],[76.30994,31.45079],[76.30993,31.45077],[76.30974,31.45026],[76.30973,31.45024],[76.3097,31.45024],[76.3094,31.45025],[76.309,31.45022],[76.30875,31.45017],[76.30859,31.45009],[76.30854,31.45],[76.3079,31.44922],[76.30777,31.44917],[76.30766,31.44909],[76.30748,31.44896],[76.30734,31.44886],[76.30722,31.44878],[76.30714,31.44876],[76.30702,31.44875],[76.30685,31.44875],[76.30667,31.44874],[76.30659,31.4487],[76.30645,31.4486],[76.30626,31.44847],[76.30607,31.4484],[76.30593,31.44838],[76.30567,31.4484],[76.30511,31.44845],[76.30473,31.44848],[76.30433,31.44849],[76.30409,31.44847],[76.30385,31.44846],[76.30337,31.44846],[76.30308,31.44848],[76.30273,31.44849],[76.30248,31.44846],[76.30219,31.4484],[76.30163,31.44833],[76.30148,31.44828],[76.30101,31.44818],[76.30047,31.44809],[76.29995,31.448],[76.29983,31.44799],[76.29976,31.44797],[76.29971,31.44784],[76.2997,31.44777],[76.29967,31.44771],[76.29964,31.44768],[76.2996,31.44764],[76.29957,31.44762],[76.29953,31.44761],[76.29947,31.44762],[76.29928,31.44769],[76.29895,31.44784],[76.29882,31.44794],[76.29872,31.44802],[76.29852,31.44802],[76.29841,31.448],[76.29835,31.44796],[76.29826,31.44791],[76.2982,31.44787],[76.29809,31.44778],[76.29795,31.4477],[76.29787,31.4477],[76.29781,31.44774],[76.29769,31.44786],[76.29744,31.44813],[76.29724,31.4484],[76.29709,31.44865]]},"properties":{"id":"osm:w649330907","name":"","highway":"tertiary","bridge":false}},{"type":"Feature","geometry":{"type":"LineString","coordinates":[[76.31333,31.4484],[76.31352,31.44817],[76.31417,31.44737],[76.31438,31.44709],[76.31461,31.4468],[76.31552,31.44569],[76.31566,31.44552],[76.31568,31.4455],[76.31572,31.44546],[76.31718,31.44364],[76.3178,31.44292],[76.31827,31.44231],[76.31862,31.44185],[76.31868,31.44171]]},"properties":{"id":"osm:w649330908","name":"","highway":"tertiary","bridge":false}},{"type":"Feature","geometry":{"type":"LineString","coordinates":[[76.47461,31.25036],[76.47445,31.25023],[76.47439,31.25018],[76.4743,31.25016],[76.47415,31.25015],[76.47243,31.25017],[76.47108,31.2502],[76.47097,31.25021],[76.47092,31.25021],[76.47088,31.2502],[76.47082,31.25021],[76.47085,31.25009],[76.47137,31.24921],[76.47202,31.248],[76.47252,31.24709],[76.47281,31.24653],[76.47341,31.24538],[76.47395,31.24428],[76.47453,31.2432],[76.47517,31.24194],[76.47592,31.2405],[76.47606,31.24022],[76.47642,31.2395],[76.47658,31.23916],[76.47672,31.23888],[76.47679,31.23871],[76.47685,31.23852],[76.47703,31.23786],[76.47711,31.2376]]},"properties":{"id":"osm:w682210371","name":"","highway":"tertiary","bridge":false}},{"type":"Feature","geometry":{"type":"LineString","coordinates":[[76.50396,31.23056],[76.50467,31.22947],[76.50524,31.22854]]},"properties":{"id":"osm:w682339896","name":"","highway":"tertiary","bridge":false}},{"type":"Feature","geometry":{"type":"LineString","coordinates":[[76.50319,31.23352],[76.50369,31.23311],[76.50412,31.23278],[76.50429,31.23272],[76.50456,31.23264],[76.50493,31.23256],[76.50506,31.23249],[76.50522,31.23245],[76.50536,31.2324],[76.50576,31.23222],[76.5058,31.23218],[76.50585,31.23203],[76.50594,31.23191],[76.50612,31.23174],[76.50632,31.23157],[76.50658,31.2314],[76.50672,31.23129],[76.50687,31.23116],[76.50693,31.23106],[76.50709,31.23077],[76.50728,31.23076],[76.5075,31.23075],[76.50772,31.23074],[76.5082,31.23067],[76.50847,31.2306],[76.5111,31.22969],[76.51125,31.22965],[76.5122,31.22958],[76.51227,31.22956],[76.51232,31.22954],[76.51246,31.22947]]},"properties":{"id":"osm:w682339898","name":"Park Street","highway":"secondary","bridge":false}},{"type":"Feature","geometry":{"type":"LineString","coordinates":[[76.48124,31.22489],[76.48113,31.22493],[76.48084,31.22504],[76.48063,31.22514],[76.48064,31.22644],[76.47683,31.22644]]},"properties":{"id":"osm:w682339914","name":"","highway":"tertiary","bridge":false}},{"type":"Feature","geometry":{"type":"LineString","coordinates":[[76.49324,31.23821],[76.49273,31.23752],[76.49252,31.23722],[76.49248,31.23713],[76.4925,31.23694],[76.49252,31.23655]]},"properties":{"id":"osm:w682340190","name":"","highway":"tertiary","bridge":false}},{"type":"Feature","geometry":{"type":"LineString","coordinates":[[76.54446,31.28866],[76.54453,31.2886],[76.54455,31.28852],[76.54455,31.28835],[76.54422,31.28788],[76.54418,31.2877],[76.54425,31.28684],[76.54435,31.28625],[76.54453,31.2859],[76.54469,31.28534],[76.54478,31.28504],[76.54515,31.28475],[76.54543,31.28447],[76.54563,31.28428],[76.54625,31.28383],[76.54643,31.2836],[76.54664,31.28321],[76.54708,31.28303],[76.5472,31.28292],[76.54716,31.28272],[76.54711,31.28248],[76.54727,31.28196],[76.54725,31.28164],[76.54696,31.28115],[76.54685,31.28112],[76.54676,31.28117],[76.54669,31.28133],[76.54676,31.28146],[76.54702,31.28166],[76.5471,31.28195],[76.54684,31.2826],[76.54674,31.28277],[76.54633,31.28291],[76.54614,31.28315],[76.54576,31.2835],[76.54511,31.28377],[76.5449,31.28378],[76.5447,31.28372],[76.5446,31.2836],[76.54463,31.28337],[76.54456,31.28315],[76.54403,31.28289],[76.54379,31.28282],[76.54337,31.28278],[76.54312,31.2827],[76.54282,31.28262],[76.54262,31.28267],[76.54238,31.28274],[76.54209,31.28271],[76.54163,31.28287],[76.54114,31.28265],[76.54098,31.28261],[76.54067,31.28268],[76.54047,31.28281],[76.54039,31.28308],[76.5403,31.28313],[76.54013,31.28311],[76.53996,31.28299],[76.53959,31.28293],[76.53921,31.28291],[76.53895,31.28303],[76.53782,31.28344],[76.53757,31.2835],[76.53747,31.28362],[76.53711,31.28384],[76.53694,31.28398],[76.53681,31.28396],[76.53667,31.28376],[76.53649,31.28369],[76.53633,31.28369],[76.53575,31.28376],[76.53556,31.28372],[76.53533,31.28358],[76.53526,31.28358],[76.53514,31.28366],[76.53502,31.28382],[76.53476,31.28395],[76.53438,31.28401],[76.53395,31.28392],[76.53368,31.28374],[76.53358,31.28372],[76.53336,31.28374],[76.53307,31.28387],[76.53291,31.28389],[76.53272,31.28389],[76.53257,31.28396],[76.53244,31.28442],[76.53236,31.28449],[76.53222,31.2845],[76.53209,31.28447],[76.53181,31.28424],[76.53154,31.28412],[76.53139,31.28412],[76.53054,31.28443],[76.53009,31.28459],[76.52981,31.2849],[76.52965,31.28496],[76.52921,31.28507],[76.52915,31.28516],[76.52907,31.28593],[76.5292,31.28653],[76.52917,31.2866],[76.52891,31.28685],[76.52877,31.28691],[76.52778,31.28701],[76.52721,31.28733],[76.52703,31.28736],[76.5261,31.28714],[76.52585,31.28708],[76.52577,31.2871],[76.52528,31.28721],[76.52514,31.28722],[76.52476,31.28714],[76.52452,31.28717],[76.52371,31.28763],[76.52302,31.28846],[76.52294,31.28849],[76.52278,31.28848],[76.52258,31.28833],[76.52252,31.2882],[76.52269,31.28756],[76.52274,31.28747],[76.52317,31.28715],[76.52325,31.28698],[76.5232,31.28672],[76.523,31.28645],[76.52298,31.28634],[76.52305,31.286],[76.52309,31.28593],[76.52318,31.28587],[76.52354,31.28574],[76.52365,31.28564],[76.52378,31.28538],[76.52384,31.28525],[76.52393,31.28511],[76.52431,31.28462],[76.52443,31.28419],[76.52459,31.28376],[76.5247,31.28339],[76.52471,31.28334],[76.52474,31.28314],[76.52474,31.28298]]},"properties":{"id":"osm:w682417279","name":"","highway":"secondary","bridge":false}},{"type":"Feature","geometry":{"type":"LineString","coordinates":[[76.54393,31.28885],[76.54446,31.28866]]},"properties":{"id":"osm:w682417280","name":"","highway":"secondary","bridge":true}},{"type":"Feature","geometry":{"type":"LineString","coordinates":[[76.31979,31.44093],[76.31981,31.44091],[76.32014,31.44029],[76.32047,31.43962],[76.32071,31.43913],[76.32089,31.43876],[76.32166,31.43733],[76.32212,31.43643],[76.32275,31.43522]]},"properties":{"id":"osm:w704250362","name":"NH503","highway":"trunk","bridge":false}},{"type":"Feature","geometry":{"type":"LineString","coordinates":[[76.32275,31.43522],[76.32295,31.43484],[76.32393,31.433],[76.325,31.43093],[76.32526,31.43046],[76.32538,31.43022],[76.32566,31.42975],[76.32652,31.42864],[76.32716,31.42787],[76.32743,31.42764],[76.32776,31.42748],[76.32817,31.42734],[76.32916,31.42712],[76.33021,31.42689],[76.33224,31.42646],[76.33287,31.4263],[76.33337,31.42609],[76.3338,31.42578],[76.3342,31.42537],[76.33437,31.42514],[76.33458,31.42483],[76.33583,31.42294],[76.33674,31.42162],[76.33676,31.42158],[76.3373,31.42076],[76.33753,31.42027],[76.33789,31.41893],[76.33793,31.41879],[76.33864,31.41605],[76.33887,31.41516],[76.33912,31.41446],[76.33923,31.4142],[76.33975,31.41301],[76.3399,31.41266],[76.34066,31.41089],[76.34143,31.40918],[76.3415,31.40904],[76.34171,31.40857],[76.34195,31.40806],[76.34224,31.40744],[76.34278,31.40628],[76.34316,31.40548],[76.34332,31.40512],[76.34338,31.405],[76.34394,31.40382],[76.3441,31.40349],[76.34445,31.40276]]},"properties":{"id":"osm:w704250363","name":"NH503","highway":"trunk","bridge":false}},{"type":"Feature","geometry":{"type":"LineString","coordinates":[[76.56596,31.1829],[76.56595,31.18251],[76.56597,31.18225],[76.56599,31.18218],[76.56601,31.18205],[76.56609,31.18183],[76.5662,31.18163],[76.56628,31.18148],[76.5664,31.18118],[76.56653,31.18087],[76.56665,31.18054],[76.5668,31.18017],[76.5669,31.17991],[76.56701,31.1798]]},"properties":{"id":"osm:w704266673","name":"NH503","highway":"trunk","bridge":false}},{"type":"Feature","geometry":{"type":"LineString","coordinates":[[76.59848,31.05368],[76.59827,31.05246]]},"properties":{"id":"osm:w704266674","name":"NH205","highway":"trunk","bridge":false}},{"type":"Feature","geometry":{"type":"LineString","coordinates":[[76.60134,31.06965],[76.60124,31.06908],[76.60121,31.06892],[76.60105,31.06806],[76.60065,31.06607],[76.60023,31.06366],[76.60005,31.06285],[76.59977,31.06153],[76.59967,31.06099],[76.5996,31.06061],[76.59941,31.05923],[76.59923,31.05806],[76.59899,31.05667]]},"properties":{"id":"osm:w704266676","name":"NH205","highway":"trunk","bridge":false}},{"type":"Feature","geometry":{"type":"LineString","coordinates":[[76.53238,30.96019],[76.53232,30.96002],[76.53203,30.95943],[76.53186,30.95901],[76.53167,30.95834],[76.53156,30.95784],[76.53135,30.95716],[76.53107,30.95625],[76.53089,30.95569],[76.53063,30.95483],[76.53049,30.95433],[76.5304,30.95393],[76.53035,30.9535],[76.53036,30.95342],[76.53039,30.95312],[76.53043,30.95288],[76.53055,30.95248],[76.53085,30.95175],[76.53134,30.95046],[76.53136,30.95039],[76.53176,30.94938],[76.53223,30.94822],[76.53277,30.94697],[76.53327,30.94584],[76.53379,30.94455],[76.53433,30.94334],[76.53527,30.94124],[76.53547,30.94062],[76.53551,30.94053],[76.53558,30.94033],[76.53572,30.94001],[76.5358,30.93984],[76.53601,30.93934],[76.53619,30.93887],[76.53652,30.93812],[76.53662,30.93787]]},"properties":{"id":"osm:w704266677","name":"NH205","highway":"trunk","bridge":false}},{"type":"Feature","geometry":{"type":"LineString","coordinates":[[76.58973,31.01834],[76.58906,31.01792],[76.58678,31.0165],[76.5865,31.01632],[76.58543,31.01566],[76.58438,31.015],[76.58387,31.01467],[76.58242,31.01373],[76.58166,31.01326],[76.58037,31.01246],[76.57949,31.01191],[76.57866,31.01141],[76.5783,31.01121],[76.57787,31.01096],[76.57769,31.01084],[76.57753,31.01075],[76.57684,31.01032],[76.57615,31.00988],[76.57495,31.0091],[76.57352,31.00824],[76.57279,31.00785],[76.57206,31.00751],[76.5716,31.00736],[76.5713,31.00731],[76.57102,31.00724],[76.57081,31.00714],[76.57057,31.00699],[76.57019,31.00665],[76.57004,31.00645],[76.56974,31.00603],[76.56928,31.0056],[76.56866,31.00516],[76.56856,31.0051]]},"properties":{"id":"osm:w704266680","name":"NH205","highway":"trunk","bridge":false}},{"type":"Feature","geometry":{"type":"LineString","coordinates":[[76.58168,31.13538],[76.58199,31.13477],[76.58206,31.13464],[76.58286,31.13317],[76.58317,31.13255]]},"properties":{"id":"osm:w704266681","name":"NH205","highway":"trunk","bridge":false}},{"type":"Feature","geometry":{"type":"LineString","coordinates":[[76.60873,31.09054],[76.60823,31.08992],[76.60806,31.08971],[76.60709,31.08846],[76.60638,31.08758],[76.60577,31.08679],[76.60563,31.08661],[76.60559,31.08656],[76.60557,31.08653],[76.60456,31.08524],[76.60311,31.08342],[76.60261,31.08276],[76.6011,31.08082],[76.60043,31.07999],[76.59944,31.07866],[76.59918,31.07817],[76.59898,31.07755],[76.59884,31.07705],[76.59878,31.07662],[76.59882,31.07598],[76.59892,31.07531],[76.59918,31.07462],[76.59945,31.07412],[76.60081,31.07192],[76.60115,31.07124],[76.60131,31.07078],[76.60137,31.07024],[76.60134,31.06965]]},"properties":{"id":"osm:w704266682","name":"NH205","highway":"trunk","bridge":false}},{"type":"Feature","geometry":{"type":"LineString","coordinates":[[76.3718,31.01654],[76.37127,31.01662]]},"properties":{"id":"osm:w719639495","name":"NH344A","highway":"trunk","bridge":true}},{"type":"Feature","geometry":{"type":"LineString","coordinates":[[76.43305,31.00479],[76.43235,31.00474],[76.43189,31.00466],[76.431,31.00452],[76.42949,31.00424],[76.42791,31.00402],[76.42735,31.00396],[76.42672,31.0039],[76.42596,31.00381],[76.425,31.00376],[76.42397,31.00386],[76.42312,31.00397],[76.42187,31.00428],[76.4206,31.0046],[76.41908,31.00516],[76.41174,31.00803],[76.4104,31.00856],[76.40921,31.00885],[76.40853,31.00894],[76.40775,31.00897]]},"properties":{"id":"osm:w719639496","name":"NH344A","highway":"trunk","bridge":false}},{"type":"Feature","geometry":{"type":"LineString","coordinates":[[76.30948,31.44104],[76.30826,31.44103]]},"properties":{"id":"osm:w759079215","name":"","highway":"secondary","bridge":true}},{"type":"Feature","geometry":{"type":"LineString","coordinates":[[76.31868,31.44171],[76.31745,31.44146],[76.31704,31.44136],[76.31632,31.44107],[76.31487,31.44054],[76.31271,31.44095],[76.31083,31.44115],[76.31044,31.44116],[76.30999,31.44109],[76.30948,31.44104]]},"properties":{"id":"osm:w759079216","name":"","highway":"secondary","bridge":false}},{"type":"Feature","geometry":{"type":"LineString","coordinates":[[76.399,31.33666],[76.3987,31.337]]},"properties":{"id":"osm:w759158088","name":"NH503","highway":"trunk","bridge":true}},{"type":"Feature","geometry":{"type":"LineString","coordinates":[[76.40723,31.32669],[76.40641,31.32777],[76.40583,31.32848],[76.40565,31.32872],[76.40451,31.33022],[76.40229,31.33296],[76.4021,31.33318],[76.40124,31.33414],[76.40003,31.3355],[76.39933,31.33629],[76.399,31.33666]]},"properties":{"id":"osm:w759158089","name":"NH503","highway":"trunk","bridge":false}},{"type":"Feature","geometry":{"type":"LineString","coordinates":[[76.53958,31.43311],[76.5398,31.43279],[76.54012,31.43243],[76.54061,31.43174],[76.54093,31.43139],[76.54148,31.4309],[76.54207,31.43022],[76.54277,31.42944],[76.5431,31.42905],[76.54344,31.42864],[76.54376,31.42838],[76.54408,31.42796],[76.54438,31.42756],[76.5445,31.42739],[76.54496,31.4264],[76.5456,31.42569],[76.54601,31.42509],[76.5463,31.42456],[76.54661,31.4242],[76.54667,31.42403],[76.54662,31.42313],[76.54665,31.42266],[76.54676,31.4218],[76.5468,31.42146],[76.54694,31.42104],[76.54713,31.42057],[76.54742,31.42009],[76.54778,31.4196],[76.54828,31.41902],[76.54842,31.41877],[76.54856,31.41852],[76.54878,31.41824],[76.54897,31.418],[76.54914,31.41765],[76.54929,31.41741],[76.54983,31.41694],[76.55012,31.41676],[76.55048,31.41672],[76.55086,31.41671],[76.55104,31.41664],[76.55115,31.41654],[76.55158,31.41617],[76.55187,31.41608],[76.55243,31.41595],[76.55299,31.41574],[76.55321,31.41555],[76.55329,31.41541],[76.55337,31.41511],[76.55347,31.41487],[76.55367,31.41448],[76.5538,31.41416],[76.55404,31.41355],[76.55418,31.41342],[76.55434,31.41341],[76.55449,31.41344],[76.55462,31.41346],[76.55478,31.41343],[76.5549,31.41334],[76.55501,31.4132],[76.55514,31.41314],[76.55531,31.41316],[76.55553,31.41321],[76.55623,31.41346],[76.55669,31.41374],[76.55705,31.41399],[76.55725,31.4142],[76.55741,31.41434],[76.55765,31.41441],[76.558,31.41444],[76.55825,31.41445],[76.55835,31.4144],[76.55839,31.4143],[76.55836,31.41417],[76.55827,31.41385],[76.5583,31.41359],[76.5584,31.41344],[76.55849,31.41337],[76.55845,31.41327],[76.55827,31.41318],[76.55818,31.41309],[76.5581,31.41289],[76.55802,31.41255],[76.55804,31.41232],[76.55813,31.41215],[76.55833,31.41192],[76.55861,31.41155],[76.55875,31.41143],[76.5589,31.41138],[76.55899,31.4114],[76.55904,31.41146],[76.55905,31.41156],[76.55909,31.41172],[76.55916,31.41182],[76.55926,31.41185],[76.55941,31.41186],[76.55961,31.41185],[76.5597,31.41191],[76.55976,31.41199],[76.55987,31.41213],[76.55997,31.4122],[76.5601,31.41231],[76.56011,31.41236],[76.5601,31.4126],[76.56014,31.41274],[76.56019,31.41284],[76.56028,31.41292],[76.56035,31.41293],[76.56048,31.4129],[76.56063,31.41285],[76.56074,31.41291],[76.56091,31.41311],[76.56099,31.41321],[76.56123,31.41331],[76.56141,31.41336],[76.56153,31.41333],[76.5616,31.41326],[76.56178,31.41319],[76.56193,31.41323],[76.56205,31.41329],[76.56217,31.41339],[76.56235,31.41354],[76.56247,31.41358],[76.56255,31.41355],[76.5626,31.41346],[76.56276,31.4132],[76.56292,31.41308],[76.56323,31.41304],[76.56375,31.41294],[76.56388,31.41287],[76.56433,31.41259],[76.56462,31.41242],[76.56482,31.41231],[76.56505,31.41215],[76.56531,31.41192],[76.56547,31.4117],[76.56551,31.41154],[76.5655,31.41134],[76.56541,31.41107],[76.56527,31.4108],[76.5653,31.41054],[76.56536,31.41044],[76.56571,31.41008],[76.56589,31.40991],[76.56611,31.4098],[76.56629,31.40961],[76.56634,31.40947],[76.56637,31.40913],[76.56645,31.40844],[76.56648,31.40798],[76.5665,31.40774],[76.5666,31.40755],[76.56671,31.40746],[76.56681,31.40746],[76.56686,31.40751],[76.56688,31.4076],[76.56688,31.4077],[76.5669,31.40775],[76.56693,31.40782],[76.567,31.40786],[76.56707,31.40787],[76.56712,31.40787],[76.56727,31.40778],[76.56755,31.40768],[76.56778,31.4076],[76.56791,31.40754],[76.56812,31.40758],[76.56834,31.40763],[76.56851,31.40759],[76.56872,31.40749],[76.5688,31.40737],[76.56882,31.40716],[76.56891,31.40703],[76.56904,31.4069],[76.56913,31.40674],[76.56922,31.40663],[76.56934,31.40654],[76.56937,31.40642],[76.56929,31.40631],[76.56914,31.40623],[76.56908,31.40611],[76.56889,31.40598],[76.56876,31.40594],[76.56866,31.40583],[76.56868,31.4057],[76.56881,31.40563],[76.56896,31.40557],[76.56908,31.40546],[76.5691,31.40536],[76.56904,31.40519],[76.56903,31.40499],[76.56912,31.4048],[76.56935,31.40467],[76.56958,31.40464],[76.56983,31.40464],[76.57009,31.40458],[76.57031,31.40443],[76.57054,31.40421],[76.57076,31.40404],[76.57096,31.40393],[76.5712,31.40375],[76.57153,31.40365],[76.57204,31.40344],[76.57231,31.40329],[76.5725,31.40303],[76.57262,31.40278],[76.57275,31.40258],[76.57288,31.40236],[76.57305,31.40215],[76.57335,31.40195],[76.57346,31.40182],[76.57358,31.40175],[76.57374,31.4017],[76.57388,31.40169],[76.57409,31.40173],[76.57431,31.40174],[76.57447,31.40178],[76.57451,31.40188],[76.57451,31.40202],[76.57451,31.40212],[76.57455,31.40228],[76.57458,31.40238],[76.57455,31.40252],[76.5744,31.40269],[76.57432,31.40279],[76.57433,31.40283],[76.57436,31.4029],[76.57447,31.40303],[76.57453,31.40319],[76.57457,31.40325],[76.57468,31.4033],[76.57486,31.40331],[76.57496,31.40335],[76.57503,31.40342],[76.57499,31.40355],[76.57491,31.40371],[76.57483,31.40378],[76.57465,31.40378],[76.57454,31.40383],[76.57442,31.404],[76.57433,31.40421],[76.57434,31.40436],[76.57436,31.40451],[76.57446,31.40463],[76.57462,31.40465],[76.57485,31.40465],[76.57503,31.40469],[76.57508,31.40476],[76.57502,31.40501],[76.57492,31.40524],[76.57491,31.40532],[76.57494,31.40539],[76.57503,31.4054],[76.57517,31.4054],[76.57527,31.40543],[76.57532,31.40552],[76.57531,31.40567],[76.57529,31.40581],[76.57524,31.40592],[76.57512,31.40624],[76.57517,31.40639],[76.57533,31.40652],[76.57557,31.40673],[76.57564,31.40683],[76.57564,31.40703],[76.57571,31.40741],[76.5758,31.40753],[76.57589,31.40761],[76.57607,31.40767],[76.57617,31.40764],[76.57631,31.40756],[76.57653,31.40756],[76.57669,31.40761],[76.57698,31.40769],[76.5771,31.40767],[76.57716,31.40762],[76.57714,31.40754],[76.57709,31.40737],[76.57709,31.40715],[76.57723,31.40695],[76.57744,31.40674],[76.57771,31.40655],[76.57783,31.40652],[76.57808,31.40654],[76.5783,31.40654],[76.5784,31.4065],[76.57842,31.40639],[76.57845,31.40619],[76.57856,31.40603],[76.57866,31.40595],[76.57874,31.40593],[76.57883,31.40597],[76.57893,31.40621],[76.57904,31.4064],[76.57922,31.40659],[76.57945,31.40672],[76.57962,31.4068],[76.57972,31.40681],[76.57987,31.40675],[76.58015,31.40669],[76.58032,31.40668],[76.58071,31.40672],[76.58104,31.40681],[76.58162,31.40705],[76.58178,31.40715],[76.58186,31.40727],[76.58192,31.4074],[76.58198,31.40771],[76.58205,31.40787],[76.58215,31.40805],[76.58231,31.40836],[76.58258,31.40887],[76.58278,31.40922],[76.58295,31.40954],[76.58309,31.40969],[76.58319,31.40974],[76.58349,31.40987],[76.58375,31.40999],[76.58386,31.41009],[76.58399,31.41016],[76.58413,31.41021],[76.58425,31.4102],[76.58443,31.41011],[76.58466,31.41005],[76.58484,31.41009],[76.58491,31.41029],[76.58492,31.41039],[76.58503,31.4105],[76.58513,31.41061],[76.58516,31.41071],[76.58514,31.41082],[76.58514,31.41098],[76.58523,31.41109],[76.58538,31.41114],[76.58557,31.41115],[76.58574,31.41113],[76.58593,31.41106],[76.5862,31.41102],[76.58628,31.41109],[76.58636,31.41121],[76.58655,31.41131],[76.58715,31.41158],[76.5872,31.41167],[76.58717,31.41177],[76.58709,31.41203],[76.58711,31.41211],[76.58721,31.41232],[76.58739,31.41258],[76.58757,31.41269],[76.58776,31.41276],[76.58795,31.41271],[76.58812,31.41261],[76.58836,31.41233],[76.58853,31.4121],[76.58864,31.41189],[76.58888,31.41136],[76.58909,31.41109],[76.58927,31.4109],[76.58939,31.41062],[76.58965,31.41039],[76.58997,31.41015],[76.59015,31.40993],[76.5903,31.40971],[76.59047,31.40965],[76.5906,31.40967],[76.5907,31.40974],[76.59089,31.40981],[76.59106,31.40981],[76.59118,31.40976],[76.59139,31.40956],[76.59156,31.40944],[76.59171,31.40942],[76.59178,31.40946],[76.59182,31.40958],[76.5919,31.40978],[76.59198,31.40992],[76.59215,31.41],[76.59224,31.41005],[76.59235,31.41021],[76.5925,31.4103],[76.5927,31.41037],[76.59287,31.41039],[76.59325,31.41053],[76.59335,31.41066],[76.5934,31.41086],[76.59342,31.41101],[76.59351,31.41111],[76.59372,31.41119],[76.59405,31.41121],[76.59465,31.41121],[76.595,31.41127],[76.59528,31.41139],[76.59548,31.41151],[76.59586,31.4116],[76.59616,31.41178],[76.5965,31.41201],[76.59702,31.41218],[76.59733,31.41228],[76.59761,31.41227],[76.59806,31.41217],[76.59844,31.41201],[76.59864,31.41201],[76.5988,31.41208],[76.599,31.41214],[76.59923,31.41214],[76.59934,31.41207],[76.5994,31.41189],[76.59946,31.4116],[76.59969,31.41138],[76.59989,31.41127],[76.60011,31.41109],[76.60022,31.41093],[76.60022,31.41045],[76.6003,31.41014],[76.60042,31.40998],[76.60068,31.40983],[76.60091,31.40979],[76.60116,31.40984],[76.60138,31.40993],[76.60167,31.40993],[76.60196,31.40991],[76.60223,31.40989],[76.6025,31.4099],[76.60284,31.40989],[76.60308,31.40985],[76.60327,31.40974],[76.60349,31.40968],[76.60383,31.40967],[76.60407,31.40972],[76.60433,31.40974],[76.60449,31.40972],[76.60483,31.40963],[76.60493,31.40959],[76.60569,31.4096],[76.60591,31.40966],[76.60602,31.40975],[76.60609,31.40983],[76.60622,31.40991],[76.60643,31.40994],[76.60656,31.40996],[76.60679,31.41011],[76.60693,31.41016],[76.60707,31.41023],[76.60723,31.4104],[76.60734,31.4105],[76.60747,31.41055],[76.60754,31.41052],[76.60763,31.41046],[76.60773,31.41036],[76.60786,31.41036],[76.60802,31.41047],[76.60815,31.41061],[76.60844,31.41073],[76.60885,31.41085],[76.60908,31.41098],[76.60916,31.41117],[76.60917,31.41131],[76.60907,31.41165],[76.6091,31.41184],[76.60921,31.4122],[76.60922,31.41246],[76.60925,31.41262],[76.60931,31.41281],[76.60936,31.41303],[76.6094,31.41312],[76.60942,31.41315],[76.6095,31.41314],[76.60953,31.41311],[76.60956,31.41294],[76.60961,31.41277],[76.60972,31.41268],[76.60981,31.41265]]},"properties":{"id":"osm:w759161427","name":"","highway":"secondary","bridge":false}},{"type":"Feature","geometry":{"type":"LineString","coordinates":[[76.53952,31.43319],[76.53958,31.43311]]},"properties":{"id":"osm:w759161428","name":"","highway":"secondary","bridge":true}},{"type":"Feature","geometry":{"type":"LineString","coordinates":[[76.5243,31.45498],[76.52457,31.45501],[76.52483,31.45503],[76.52489,31.45504],[76.52509,31.45496],[76.52529,31.45477],[76.52552,31.45443],[76.52576,31.45417],[76.52604,31.45403],[76.52629,31.45391],[76.52642,31.45371],[76.52648,31.45351],[76.52658,31.45332],[76.52675,31.45322],[76.52762,31.45316],[76.52784,31.45316],[76.528,31.45303],[76.52805,31.45291],[76.52793,31.45278],[76.52767,31.45271],[76.52748,31.45263],[76.52738,31.45244],[76.52736,31.45225],[76.52749,31.45203],[76.52759,31.45191],[76.52767,31.45169],[76.52805,31.45135],[76.52808,31.45119],[76.52797,31.45094],[76.52781,31.45057],[76.52783,31.45025],[76.52794,31.44997],[76.52803,31.44973],[76.528,31.4495],[76.52811,31.44933],[76.52806,31.44903],[76.52813,31.44886],[76.52837,31.44878],[76.52854,31.4487],[76.52856,31.44859],[76.52847,31.44841],[76.52849,31.44816],[76.52858,31.44788],[76.52861,31.4476],[76.52869,31.44736],[76.52908,31.44693],[76.52938,31.44654],[76.52951,31.44627],[76.52959,31.44606],[76.5297,31.44588],[76.52998,31.44571],[76.53015,31.44568],[76.53037,31.44568],[76.53046,31.44558],[76.53047,31.44549],[76.53043,31.44531],[76.53056,31.44517],[76.53072,31.44499],[76.5307,31.44478],[76.53063,31.44451],[76.53075,31.44424],[76.5308,31.44396],[76.53098,31.44349],[76.53137,31.44263],[76.53167,31.44234],[76.53218,31.44196],[76.53237,31.44167],[76.5325,31.44113],[76.53257,31.44083],[76.53275,31.44068],[76.53298,31.44058],[76.53309,31.44048],[76.53321,31.44019],[76.53338,31.43999],[76.53375,31.4398],[76.53415,31.43964],[76.53457,31.4394],[76.53481,31.43907],[76.53494,31.43864],[76.53498,31.4383],[76.53516,31.43809],[76.53539,31.43786],[76.53582,31.43709],[76.53652,31.43611],[76.53679,31.43578],[76.53725,31.43513],[76.53749,31.43493],[76.53805,31.43454],[76.53848,31.43427],[76.53881,31.43397],[76.53916,31.43357],[76.53952,31.43319]]},"properties":{"id":"osm:w759161430","name":"","highway":"secondary","bridge":false}},{"type":"Feature","geometry":{"type":"LineString","coordinates":[[76.52402,31.45488],[76.5243,31.45498]]},"properties":{"id":"osm:w759161431","name":"","highway":"secondary","bridge":true}},{"type":"Feature","geometry":{"type":"LineString","coordinates":[[76.51942,31.45202],[76.51948,31.45213],[76.51974,31.45236],[76.52032,31.45302],[76.52092,31.45338],[76.52203,31.45408],[76.52262,31.45434],[76.52306,31.45449],[76.52402,31.45488]]},"properties":{"id":"osm:w759161432","name":"","highway":"secondary","bridge":false}},{"type":"Feature","geometry":{"type":"LineString","coordinates":[[76.51671,31.45146],[76.51697,31.45168],[76.5172,31.45174],[76.51741,31.45174],[76.51775,31.45188],[76.51828,31.45198],[76.51877,31.45195],[76.51917,31.45187],[76.51936,31.45192],[76.51942,31.45202]]},"properties":{"id":"osm:w759161433","name":"","highway":"secondary","bridge":false}},{"type":"Feature","geometry":{"type":"LineString","coordinates":[[76.51409,31.45074],[76.51417,31.4507],[76.51441,31.45071],[76.51456,31.45068],[76.51487,31.4505],[76.5151,31.45036],[76.51521,31.45035],[76.51535,31.45038],[76.51582,31.45066],[76.51608,31.45079],[76.51623,31.45083],[76.51642,31.45106],[76.51671,31.45146]]},"properties":{"id":"osm:w759161434","name":"","highway":"secondary","bridge":false}},{"type":"Feature","geometry":{"type":"LineString","coordinates":[[76.51379,31.45109],[76.51409,31.45074]]},"properties":{"id":"osm:w759161435","name":"","highway":"secondary","bridge":true}},{"type":"Feature","geometry":{"type":"LineString","coordinates":[[76.61012,31.41274],[76.61136,31.41314]]},"properties":{"id":"osm:w759177724","name":"","highway":"secondary","bridge":true}},{"type":"Feature","geometry":{"type":"LineString","coordinates":[[76.60981,31.41265],[76.60993,31.41268],[76.61012,31.41274]]},"properties":{"id":"osm:w759177725","name":"","highway":"secondary","bridge":false}},{"type":"Feature","geometry":{"type":"LineString","coordinates":[[76.61136,31.41314],[76.61144,31.4132],[76.61147,31.41347],[76.61151,31.41356],[76.61167,31.41366],[76.61189,31.41381],[76.61205,31.41393],[76.6124,31.41437],[76.61252,31.41446],[76.61264,31.41448],[76.61293,31.41441],[76.61318,31.41433],[76.61393,31.41409],[76.61448,31.41398],[76.61508,31.41384],[76.6155,31.41368],[76.61591,31.41346],[76.6162,31.41334],[76.61647,31.41336],[76.6167,31.41345],[76.61731,31.41378],[76.61756,31.41395],[76.61779,31.41411],[76.61826,31.41428],[76.61857,31.41432],[76.61929,31.41429],[76.61947,31.41422],[76.61973,31.41411],[76.62001,31.41413],[76.62025,31.41409],[76.62061,31.41401],[76.62089,31.41401],[76.62108,31.41403],[76.62122,31.414],[76.62172,31.41384],[76.62216,31.41395],[76.62264,31.41406],[76.62312,31.41406],[76.62386,31.41399],[76.6245,31.41398],[76.6259,31.41392],[76.62681,31.41396],[76.62707,31.41401],[76.62765,31.41427],[76.6279,31.41447],[76.62824,31.41478],[76.62861,31.41499],[76.62876,31.41519],[76.62888,31.41537],[76.62917,31.41561],[76.62966,31.41578],[76.63018,31.41594],[76.63056,31.41594],[76.63099,31.41585],[76.63177,31.41569],[76.63246,31.41575],[76.63294,31.4159],[76.63307,31.41602],[76.6335,31.4164],[76.63395,31.41657],[76.6344,31.41676],[76.63456,31.41677],[76.63494,31.41667],[76.63519,31.41667],[76.63545,31.41669],[76.63581,31.41669],[76.63608,31.41675],[76.63654,31.41701],[76.63685,31.4174],[76.63703,31.41764],[76.63719,31.41775],[76.63733,31.4178],[76.63752,31.41775],[76.63782,31.41762],[76.63808,31.41761],[76.63847,31.41763],[76.63928,31.4176],[76.63995,31.41757],[76.64036,31.41758],[76.64081,31.41766],[76.64123,31.41764],[76.64142,31.41773],[76.64162,31.41793],[76.64181,31.41811],[76.64204,31.41829],[76.64213,31.41838],[76.64221,31.41851],[76.64233,31.4191],[76.64248,31.41928],[76.64284,31.41952],[76.64324,31.41976],[76.64398,31.42022],[76.6445,31.42053],[76.64488,31.42073],[76.64509,31.42087],[76.64516,31.421],[76.64525,31.42117],[76.64535,31.42131],[76.64547,31.42131],[76.64566,31.42123],[76.64593,31.42114],[76.64619,31.42108],[76.64649,31.42108],[76.64674,31.42095],[76.64682,31.42078],[76.64687,31.42052],[76.64687,31.42034],[76.64701,31.42017],[76.64716,31.41993],[76.64723,31.41972],[76.64741,31.41952],[76.64762,31.41926],[76.64761,31.41896],[76.6477,31.41863],[76.64793,31.41827],[76.64841,31.41778],[76.64874,31.41751],[76.64963,31.41653],[76.64986,31.41626],[76.65004,31.41587],[76.65051,31.41558],[76.6506,31.41538],[76.65075,31.41502],[76.65116,31.41448],[76.65139,31.4142],[76.65191,31.41382],[76.6522,31.41355],[76.65234,31.41344],[76.65268,31.4135],[76.65307,31.41337],[76.65352,31.41323],[76.65391,31.41324],[76.65413,31.41314],[76.65447,31.41263],[76.65465,31.41254],[76.65511,31.41252],[76.65537,31.41245],[76.65572,31.41212],[76.65597,31.41196],[76.65625,31.41194],[76.65657,31.41196],[76.65701,31.41203],[76.65725,31.41193],[76.65775,31.4115],[76.65806,31.41131],[76.65851,31.41098],[76.65875,31.41075],[76.65883,31.41058],[76.65894,31.41021],[76.6592,31.41],[76.65945,31.40974],[76.65953,31.40955],[76.65958,31.40936],[76.65946,31.40907],[76.65929,31.40863],[76.65935,31.4084],[76.65956,31.40807],[76.65984,31.40778],[76.66011,31.40769],[76.66043,31.40764],[76.66086,31.40735],[76.66105,31.40728],[76.66145,31.40731],[76.66168,31.40723],[76.66186,31.40701],[76.66213,31.40652],[76.66246,31.40615],[76.66317,31.40585],[76.66428,31.40552],[76.6649,31.40537],[76.66529,31.40527],[76.66545,31.40531],[76.6656,31.40536]]},"properties":{"id":"osm:w759177726","name":"","highway":"secondary","bridge":false}},{"type":"Feature","geometry":{"type":"LineString","coordinates":[[76.62905,31.44487],[76.62916,31.44467]]},"properties":{"id":"osm:w759192337","name":"","highway":"tertiary","bridge":true}},{"type":"Feature","geometry":{"type":"LineString","coordinates":[[76.62555,31.44745],[76.62566,31.44747],[76.62569,31.44744],[76.62573,31.44731],[76.62578,31.44722],[76.62589,31.44715],[76.62599,31.44716],[76.62608,31.44716],[76.62619,31.44705],[76.62626,31.44689],[76.62637,31.44668],[76.6266,31.44638],[76.62664,31.44625],[76.62669,31.44593],[76.62676,31.44578],[76.62684,31.44569],[76.62714,31.44558],[76.62759,31.44544],[76.62785,31.44533],[76.62804,31.44526],[76.62816,31.4452],[76.62837,31.44513],[76.6287,31.44507],[76.6289,31.44502],[76.62905,31.44487]]},"properties":{"id":"osm:w759192338","name":"","highway":"tertiary","bridge":false}},{"type":"Feature","geometry":{"type":"LineString","coordinates":[[76.63689,31.43062],[76.63689,31.43041]]},"properties":{"id":"osm:w759192339","name":"","highway":"tertiary","bridge":true}},{"type":"Feature","geometry":{"type":"LineString","coordinates":[[76.62916,31.44467],[76.62924,31.44454],[76.62931,31.44437],[76.62939,31.44407],[76.62953,31.44383],[76.62956,31.44372],[76.62947,31.44344],[76.62946,31.44333],[76.62953,31.44323],[76.62966,31.44314],[76.62974,31.44305],[76.62976,31.44287],[76.62967,31.44261],[76.62961,31.44239],[76.62959,31.44225],[76.6296,31.4422],[76.62963,31.44219],[76.62966,31.44224],[76.62973,31.44238],[76.62976,31.44248],[76.62982,31.44254],[76.62989,31.44257],[76.63001,31.44253],[76.63013,31.44245],[76.63024,31.44243],[76.63032,31.44244],[76.63038,31.44252],[76.63041,31.44264],[76.63038,31.44277],[76.63033,31.4429],[76.63032,31.44299],[76.63039,31.44304],[76.63052,31.44301],[76.63063,31.4429],[76.63073,31.44271],[76.63085,31.44249],[76.63094,31.44229],[76.63111,31.44208],[76.63152,31.44169],[76.63168,31.44159],[76.63194,31.44154],[76.63224,31.44148],[76.63254,31.44137],[76.63262,31.44128],[76.63266,31.44116],[76.6327,31.44102],[76.63288,31.4408],[76.63348,31.44021],[76.63371,31.43998],[76.6339,31.43981],[76.63407,31.43974],[76.63447,31.43966],[76.63495,31.43953],[76.63529,31.43937],[76.63552,31.43922],[76.63567,31.4391],[76.63593,31.43892],[76.63606,31.43875],[76.63623,31.43846],[76.63628,31.43834],[76.63649,31.43802],[76.6365,31.43781],[76.63646,31.43757],[76.63651,31.43726],[76.63653,31.43697],[76.63663,31.43659],[76.63669,31.43621],[76.63669,31.43583],[76.63683,31.43527],[76.63686,31.43495],[76.6368,31.43442],[76.63656,31.43392],[76.63639,31.43354],[76.63629,31.43325],[76.63616,31.43274],[76.63601,31.43234],[76.63597,31.43202],[76.63591,31.43179],[76.63596,31.43144],[76.63619,31.43116],[76.63634,31.431],[76.63669,31.4309],[76.63685,31.43084],[76.63687,31.43078],[76.63689,31.43062]]},"properties":{"id":"osm:w759192340","name":"","highway":"tertiary","bridge":false}},{"type":"Feature","geometry":{"type":"LineString","coordinates":[[76.63689,31.43041],[76.63687,31.4303],[76.6368,31.43018],[76.63649,31.43016],[76.63641,31.43013],[76.63631,31.42978],[76.63619,31.42921],[76.63615,31.42895],[76.63619,31.42883],[76.63648,31.42872],[76.63665,31.42874],[76.63678,31.42885],[76.63679,31.42913],[76.63695,31.42935],[76.63726,31.42958],[76.63768,31.42958],[76.63802,31.42955],[76.6383,31.4295],[76.63879,31.4292],[76.639,31.42901],[76.63939,31.429],[76.63969,31.42896],[76.64001,31.42885],[76.64051,31.42879],[76.64091,31.4287],[76.64108,31.42856],[76.64135,31.42822],[76.64153,31.42798],[76.64162,31.42783],[76.64199,31.42762],[76.64206,31.42751],[76.64223,31.42709],[76.64234,31.42682],[76.64253,31.42656],[76.64259,31.42643],[76.64252,31.42618],[76.64252,31.42599],[76.64266,31.42582],[76.64296,31.42569],[76.64308,31.42561],[76.64336,31.42531],[76.64361,31.42503],[76.64393,31.42439],[76.64406,31.42401],[76.64425,31.42377],[76.6446,31.42346],[76.64486,31.42324],[76.64511,31.42279],[76.64518,31.42276]]},"properties":{"id":"osm:w759192341","name":"","highway":"tertiary","bridge":false}},{"type":"Feature","geometry":{"type":"LineString","coordinates":[[76.58121,31.4939],[76.58137,31.49381],[76.5815,31.49376],[76.58164,31.49369],[76.58172,31.49363],[76.58179,31.49351],[76.58186,31.49338],[76.58206,31.49332],[76.58242,31.49334],[76.5826,31.49342],[76.58272,31.49357],[76.58282,31.49353],[76.58295,31.49345],[76.58317,31.49341],[76.58354,31.49329],[76.58367,31.4932],[76.584,31.49284],[76.58429,31.49258],[76.58451,31.4924],[76.58481,31.49221],[76.58515,31.49215],[76.58537,31.49203],[76.58566,31.49184],[76.58598,31.49164],[76.5863,31.49137],[76.58649,31.49111],[76.58665,31.49092],[76.58692,31.49069],[76.58713,31.4906],[76.58762,31.49047],[76.5879,31.49037],[76.58799,31.49018],[76.58811,31.48999],[76.58829,31.48998],[76.58866,31.48989],[76.58888,31.48983],[76.58899,31.48977],[76.5892,31.48954],[76.58939,31.48944],[76.58966,31.48938],[76.58985,31.48924],[76.58994,31.48907],[76.59012,31.48894],[76.59032,31.48889],[76.59059,31.48874],[76.59082,31.48849],[76.59093,31.48831],[76.59088,31.488],[76.59068,31.48782],[76.59059,31.48765],[76.59069,31.48747],[76.59093,31.48727],[76.59108,31.48703],[76.59113,31.48673],[76.5914,31.48651],[76.59163,31.48628],[76.59182,31.48582],[76.59188,31.48547],[76.59169,31.48523],[76.59136,31.48497],[76.59122,31.48487],[76.59124,31.48379],[76.59128,31.4831],[76.59141,31.48269],[76.59148,31.48242],[76.59128,31.48217],[76.59113,31.48205],[76.59115,31.48187],[76.59126,31.48178],[76.59152,31.48177],[76.5918,31.48167],[76.59218,31.48143],[76.59262,31.48116],[76.5928,31.48096],[76.59295,31.48056],[76.59305,31.48023],[76.59314,31.47977],[76.59323,31.4795],[76.59336,31.47917],[76.59355,31.47895],[76.59367,31.47882],[76.59373,31.47866],[76.59379,31.47845],[76.59394,31.47831],[76.59401,31.47819],[76.59405,31.47795],[76.59423,31.47762],[76.59443,31.47735],[76.59442,31.47719],[76.59442,31.47705],[76.59446,31.47685],[76.59461,31.47661],[76.59458,31.47626],[76.59463,31.47592],[76.59466,31.47576],[76.59485,31.4755],[76.59528,31.47511],[76.59537,31.47485],[76.59539,31.47453],[76.59552,31.47435],[76.59552,31.47419],[76.59549,31.47392],[76.59559,31.4738],[76.59613,31.47364],[76.5965,31.47349],[76.59675,31.47321],[76.59703,31.47256],[76.59707,31.47228],[76.59715,31.47174],[76.59718,31.47159],[76.59727,31.47141],[76.59768,31.47116],[76.5979,31.47106],[76.59814,31.47103],[76.59837,31.47086],[76.59852,31.47067],[76.59887,31.47001],[76.59898,31.4698],[76.59937,31.46932],[76.59943,31.46917],[76.59948,31.46879],[76.59967,31.46839],[76.59979,31.46811],[76.59998,31.46792],[76.60008,31.46779],[76.60016,31.46748],[76.60033,31.46691],[76.60052,31.46664],[76.60056,31.46652],[76.60058,31.46636],[76.6006,31.46616],[76.60064,31.46592],[76.60072,31.46577],[76.60079,31.46551],[76.60093,31.46526],[76.60108,31.46501],[76.60124,31.46483],[76.6015,31.46464],[76.60161,31.46446],[76.60216,31.46393],[76.60232,31.46366],[76.60245,31.46322],[76.60251,31.46279],[76.60261,31.46202],[76.60273,31.46179],[76.60302,31.46127],[76.60321,31.46107],[76.6033,31.461],[76.60344,31.46069],[76.60351,31.4605],[76.60375,31.46038],[76.60403,31.46034],[76.60429,31.46029],[76.60441,31.46022],[76.60464,31.45998],[76.60475,31.45979],[76.60487,31.45958],[76.60502,31.45925],[76.60543,31.45889],[76.6056,31.45865],[76.60571,31.45847],[76.60584,31.45814],[76.60606,31.45785],[76.60628,31.45769],[76.6065,31.45765],[76.60684,31.4577],[76.60711,31.45772],[76.60723,31.4577],[76.60749,31.45746],[76.60794,31.45714],[76.60817,31.45694],[76.60836,31.4567],[76.60855,31.45651],[76.60876,31.45641],[76.60902,31.45627],[76.60922,31.45611],[76.60933,31.45599],[76.60944,31.45587],[76.60954,31.45569],[76.60955,31.45554],[76.60952,31.4554],[76.6096,31.45528],[76.60972,31.45517],[76.60989,31.45493],[76.61004,31.45467],[76.61009,31.45456],[76.61014,31.4544],[76.61021,31.45432],[76.61038,31.45419],[76.61049,31.45409],[76.61056,31.454],[76.61061,31.45397],[76.61079,31.45381],[76.61091,31.45347],[76.61096,31.45322],[76.61095,31.45298],[76.61101,31.45272],[76.6111,31.45252],[76.61126,31.4523],[76.61135,31.45221],[76.61163,31.45194],[76.61177,31.45178],[76.61188,31.45159],[76.61187,31.45148],[76.61179,31.45128],[76.61174,31.45119],[76.6118,31.45111],[76.61197,31.45101],[76.61213,31.45092],[76.61259,31.45062],[76.61286,31.45037],[76.61311,31.45021],[76.61343,31.45009],[76.61371,31.45002],[76.61401,31.45001],[76.61423,31.44993],[76.61437,31.44979],[76.61457,31.44962],[76.61478,31.44955],[76.61518,31.44949],[76.61529,31.44949],[76.61561,31.44954],[76.61589,31.44958],[76.61623,31.44964],[76.61659,31.44966],[76.61684,31.44971],[76.61703,31.44976],[76.61724,31.44977],[76.61745,31.44968],[76.61798,31.44932],[76.61811,31.44925],[76.61838,31.44917],[76.61868,31.44906],[76.61893,31.44884],[76.61921,31.44863],[76.61966,31.44828],[76.61998,31.44811],[76.6202,31.44804],[76.62031,31.44781],[76.62045,31.44763],[76.62087,31.44735],[76.62128,31.44707],[76.6215,31.44689],[76.62158,31.44675],[76.62178,31.44642],[76.62191,31.44626],[76.62199,31.44622],[76.62214,31.44628],[76.62216,31.44642],[76.62209,31.44668],[76.62197,31.44685],[76.6217,31.44708],[76.62147,31.44732],[76.62144,31.44748],[76.62143,31.44758],[76.62139,31.44768],[76.62129,31.44786],[76.62121,31.44803],[76.62124,31.44814],[76.62143,31.44821],[76.62159,31.44817],[76.6217,31.4481],[76.62181,31.44797],[76.62198,31.44782],[76.62213,31.44772],[76.62231,31.44768],[76.62266,31.44757],[76.62294,31.44737],[76.62313,31.44718],[76.62334,31.44704],[76.62367,31.44694],[76.62385,31.44693],[76.624,31.447]]},"properties":{"id":"osm:w759192885","name":"","highway":"tertiary","bridge":false}},{"type":"Feature","geometry":{"type":"LineString","coordinates":[[76.5148,30.99179],[76.51481,30.9918],[76.51492,30.99191],[76.51506,30.99221],[76.51533,30.99248],[76.51614,30.99312],[76.51707,30.99403],[76.51757,30.99458],[76.51808,30.99522],[76.51985,30.99746],[76.5209,30.99872],[76.52196,31.00011],[76.52318,31.00182],[76.52344,31.00231],[76.52389,31.0033],[76.52427,31.00384],[76.52466,31.00423],[76.52508,31.00465],[76.52531,31.00496],[76.52544,31.00521],[76.52554,31.0056],[76.52571,31.00759],[76.52589,31.00944],[76.52598,31.0102],[76.52605,31.01089],[76.52605,31.01116],[76.52601,31.01139],[76.52591,31.0117],[76.52562,31.01249],[76.52525,31.01349],[76.52506,31.01424],[76.52487,31.01505],[76.52478,31.01543],[76.52469,31.0158],[76.52465,31.01619],[76.52462,31.0165],[76.52458,31.01737],[76.52451,31.01802],[76.52452,31.01825],[76.52459,31.01862],[76.52467,31.019],[76.52477,31.01961],[76.52481,31.01973],[76.52491,31.01983],[76.52506,31.01992],[76.52521,31.02],[76.5253,31.02009],[76.52537,31.02017],[76.52542,31.0203],[76.52546,31.02047],[76.52549,31.02147],[76.52553,31.02234],[76.52548,31.02245],[76.52541,31.02255],[76.52525,31.02265],[76.52486,31.02294],[76.52435,31.02329],[76.52375,31.02373],[76.5233,31.024],[76.52303,31.02415],[76.52279,31.02425],[76.52266,31.02429],[76.52251,31.02431],[76.52236,31.0243],[76.52219,31.02428],[76.52187,31.02422],[76.52171,31.02421],[76.52155,31.02423],[76.52139,31.02431],[76.52123,31.02439],[76.52098,31.02448],[76.52089,31.02456],[76.52077,31.02476],[76.52066,31.02486],[76.52014,31.02524],[76.52003,31.02529],[76.51995,31.02531],[76.51982,31.0253],[76.51961,31.02524],[76.51942,31.02523],[76.51922,31.02525],[76.5191,31.02532],[76.51907,31.02536],[76.51904,31.02544],[76.51908,31.02557],[76.51909,31.02565],[76.51906,31.0257],[76.51893,31.02581],[76.51885,31.02591],[76.51885,31.02598],[76.51891,31.02608],[76.519,31.02621],[76.51902,31.02632],[76.51895,31.02639],[76.5189,31.02646],[76.51878,31.02653],[76.51864,31.02665],[76.51854,31.0268],[76.51847,31.0269],[76.51827,31.027],[76.51794,31.02708],[76.51778,31.02716],[76.51765,31.0273],[76.51764,31.02743],[76.5177,31.02779],[76.51767,31.02791],[76.51765,31.02799],[76.51756,31.02806],[76.51742,31.02811],[76.51724,31.02811],[76.51704,31.02814],[76.51694,31.02822],[76.51692,31.02833],[76.51696,31.02844],[76.51704,31.02848],[76.51729,31.02849],[76.51746,31.02854],[76.51753,31.0286],[76.51753,31.02874],[76.5175,31.02903],[76.51749,31.02924],[76.51757,31.02938],[76.51777,31.02955],[76.51791,31.02971],[76.51796,31.02994],[76.51798,31.03038],[76.51802,31.03052],[76.51813,31.03066],[76.51823,31.03081],[76.51833,31.03103],[76.51837,31.03125],[76.51838,31.03215],[76.51835,31.03298],[76.51833,31.03338],[76.51826,31.03368],[76.51802,31.03436],[76.51792,31.03448],[76.51782,31.03453],[76.5175,31.03467],[76.51695,31.03488],[76.5167,31.03499],[76.51643,31.03519],[76.51614,31.03531],[76.51593,31.03537],[76.51561,31.03541],[76.51535,31.03547],[76.51509,31.03561],[76.51495,31.03576],[76.51472,31.03606],[76.51453,31.03621],[76.51444,31.03632],[76.51437,31.03653],[76.51428,31.03679],[76.51425,31.03693],[76.51426,31.03706],[76.51425,31.03716],[76.51421,31.03726],[76.51418,31.03743],[76.51416,31.03774],[76.51405,31.03829],[76.51405,31.03842],[76.51407,31.03862],[76.5141,31.03877],[76.51412,31.03897],[76.51414,31.03919],[76.51425,31.03938],[76.51458,31.03985],[76.51475,31.04023],[76.51491,31.04069],[76.51504,31.04101],[76.51516,31.04113],[76.51521,31.04123],[76.51519,31.04136],[76.51498,31.04161],[76.51483,31.04185],[76.51462,31.04263],[76.51459,31.04278],[76.51464,31.043],[76.51469,31.04325],[76.51462,31.04347],[76.5145,31.04375],[76.5142,31.04417],[76.51411,31.04446]]},"properties":{"id":"osm:w760089402","name":"MDR55","highway":"secondary","bridge":false}},{"type":"Feature","geometry":{"type":"LineString","coordinates":[[76.51474,30.99174],[76.5148,30.99179]]},"properties":{"id":"osm:w760089403","name":"MDR55","highway":"secondary","bridge":true}},{"type":"Feature","geometry":{"type":"LineString","coordinates":[[76.52202,30.94345],[76.52188,30.94357],[76.52156,30.94385],[76.52135,30.94405]]},"properties":{"id":"osm:w770380109","name":"NH344A","highway":"trunk","bridge":false}},{"type":"Feature","geometry":{"type":"LineString","coordinates":[[76.53558,30.94033],[76.53549,30.9403],[76.53544,30.94028],[76.53515,30.94018],[76.53335,30.93954],[76.5327,30.93931],[76.53223,30.93914],[76.53215,30.93912],[76.53166,30.93889],[76.5312,30.93874],[76.53083,30.93865],[76.53034,30.93863],[76.52983,30.93869],[76.52873,30.93909],[76.52624,30.94],[76.52557,30.9402],[76.52534,30.94029],[76.52501,30.94044],[76.52474,30.94061],[76.52454,30.94078],[76.52363,30.94183],[76.52267,30.94289],[76.52252,30.94301],[76.52247,30.94307],[76.52202,30.94345]]},"properties":{"id":"osm:w770380110","name":"NH344A","highway":"trunk","bridge":false}},{"type":"Feature","geometry":{"type":"LineString","coordinates":[[76.49879,30.97435],[76.49733,30.97824],[76.49626,30.98123],[76.4961,30.98162],[76.49598,30.98182],[76.49585,30.98197],[76.49572,30.98209],[76.49557,30.9822],[76.49531,30.98233],[76.49491,30.98246]]},"properties":{"id":"osm:w770380111","name":"NH344A","highway":"trunk","bridge":true}},{"type":"Feature","geometry":{"type":"LineString","coordinates":[[76.49491,30.98246],[76.49457,30.98254],[76.49312,30.98278]]},"properties":{"id":"osm:w770380112","name":"NH344A","highway":"trunk","bridge":true}},{"type":"Feature","geometry":{"type":"LineString","coordinates":[[76.52009,30.94522],[76.51802,30.94713],[76.5178,30.94737],[76.51479,30.95027],[76.51366,30.95135],[76.51301,30.95195],[76.51236,30.95259],[76.51198,30.95297],[76.51173,30.95323],[76.51138,30.95367],[76.51115,30.95404],[76.51088,30.95461],[76.51079,30.95482],[76.51067,30.95509],[76.50925,30.95824],[76.50902,30.95875],[76.50848,30.95997],[76.50844,30.96003],[76.50711,30.96245],[76.50584,30.96448],[76.50504,30.96562],[76.50252,30.96924],[76.50198,30.97005],[76.50152,30.97079],[76.50146,30.9709],[76.50093,30.97156],[76.50018,30.97241],[76.49934,30.97328],[76.49917,30.97351],[76.49896,30.97392],[76.49879,30.97435]]},"properties":{"id":"osm:w770380113","name":"NH344A","highway":"trunk","bridge":false}},{"type":"Feature","geometry":{"type":"LineString","coordinates":[[76.30706,31.45718],[76.30761,31.45709],[76.30826,31.45702],[76.30911,31.45689],[76.30918,31.45693],[76.3093,31.45728],[76.30934,31.45741],[76.30948,31.45781],[76.3096,31.45814],[76.30969,31.45841],[76.30978,31.45839],[76.31037,31.45822],[76.31047,31.45851],[76.31091,31.45977],[76.31146,31.45963],[76.31193,31.45951],[76.31243,31.45938],[76.3129,31.45926],[76.31333,31.45915],[76.31344,31.45914],[76.31373,31.45996]]},"properties":{"id":"osm:w879303572","name":"","highway":"tertiary","bridge":false}},{"type":"Feature","geometry":{"type":"LineString","coordinates":[[76.30753,31.45374],[76.3074,31.45376],[76.30726,31.45383],[76.30724,31.45384],[76.30698,31.4541],[76.30632,31.45491],[76.30598,31.45534],[76.30563,31.45578],[76.30513,31.45643],[76.30504,31.45656],[76.3049,31.45675]]},"properties":{"id":"osm:w880784049","name":"","highway":"tertiary","bridge":false}},{"type":"Feature","geometry":{"type":"LineString","coordinates":[[76.3049,31.45675],[76.3047,31.45695]]},"properties":{"id":"osm:w880784050","name":"","highway":"tertiary","bridge":true}},{"type":"Feature","geometry":{"type":"LineString","coordinates":[[76.31133,31.45102],[76.31262,31.44928]]},"properties":{"id":"osm:w880788241","name":"","highway":"tertiary","bridge":false}},{"type":"Feature","geometry":{"type":"LineString","coordinates":[[76.31262,31.44928],[76.31333,31.4484]]},"properties":{"id":"osm:w880788242","name":"","highway":"tertiary","bridge":true}},{"type":"Feature","geometry":{"type":"LineString","coordinates":[[76.30826,31.44103],[76.30817,31.44099],[76.30737,31.44055],[76.30656,31.44016],[76.30594,31.43991],[76.30525,31.43964],[76.30472,31.43949],[76.30266,31.439],[76.30218,31.43894],[76.30153,31.439],[76.30067,31.43888],[76.30052,31.43876],[76.30041,31.43858],[76.30027,31.4385],[76.2998,31.43844],[76.29857,31.4382],[76.29672,31.43771],[76.29299,31.43711],[76.29297,31.4371]]},"properties":{"id":"osm:w892654656","name":"","highway":"secondary","bridge":false}},{"type":"Feature","geometry":{"type":"LineString","coordinates":[[76.32949,31.46535],[76.32916,31.46519],[76.32836,31.46497],[76.32831,31.46488],[76.32839,31.46426],[76.32868,31.46401],[76.32877,31.46391],[76.32887,31.46311],[76.32914,31.46254],[76.32917,31.46237],[76.32913,31.46232],[76.32769,31.46232],[76.32737,31.46232],[76.32707,31.46226],[76.32668,31.46224],[76.32641,31.46223],[76.326,31.46222],[76.32589,31.46216],[76.3258,31.46206],[76.32564,31.46185],[76.32537,31.46149],[76.32506,31.461],[76.32483,31.46081],[76.3244,31.46037],[76.32345,31.45948],[76.3218,31.45775],[76.3217,31.4576],[76.32173,31.45726]]},"properties":{"id":"osm:w892777461","name":"","highway":"secondary","bridge":false}},{"type":"Feature","geometry":{"type":"LineString","coordinates":[[76.32173,31.45726],[76.32177,31.45689],[76.32176,31.45676],[76.32169,31.45657],[76.32151,31.45621],[76.32129,31.45583],[76.32101,31.45546],[76.32046,31.45492],[76.31785,31.45218],[76.31695,31.45124],[76.31631,31.45057],[76.31572,31.44993],[76.31557,31.44968],[76.31548,31.44947]]},"properties":{"id":"osm:w892777475","name":"","highway":"secondary","bridge":false}},{"type":"Feature","geometry":{"type":"LineString","coordinates":[[76.29211,31.41741],[76.29196,31.4187],[76.29187,31.41959],[76.29187,31.41963],[76.2919,31.41966],[76.29193,31.41967],[76.29198,31.41967],[76.29239,31.41962],[76.29389,31.41924],[76.2945,31.41929],[76.29572,31.41939],[76.29586,31.41925],[76.29603,31.41915],[76.29721,31.41923],[76.29801,31.41962],[76.29843,31.41971],[76.29887,31.41968],[76.29927,31.41983],[76.29946,31.41978],[76.29957,31.41963],[76.2996,31.41938],[76.29964,31.41917],[76.29956,31.41888],[76.29948,31.41854],[76.29952,31.41836],[76.29985,31.4181],[76.30008,31.41801],[76.30012,31.4178],[76.30023,31.41774],[76.30055,31.41779],[76.30108,31.41808],[76.30136,31.41805],[76.30164,31.41806],[76.30172,31.4181],[76.30209,31.41861],[76.30204,31.4188],[76.30212,31.41911],[76.30208,31.41928],[76.30218,31.41932],[76.30233,31.41931],[76.30247,31.41939],[76.30281,31.41957],[76.30318,31.41965],[76.30355,31.41984],[76.30356,31.42011],[76.3039,31.42036],[76.30443,31.42052],[76.3046,31.42057],[76.3049,31.42093],[76.30545,31.42116],[76.30578,31.42154],[76.30579,31.42159],[76.30578,31.42163],[76.30537,31.42186],[76.30492,31.42183],[76.30454,31.42164],[76.30375,31.42121],[76.30323,31.42102],[76.3029,31.42106],[76.30258,31.42097],[76.30207,31.42049],[76.30193,31.42026],[76.30178,31.42013],[76.30161,31.42009],[76.30098,31.42009],[76.29972,31.41982],[76.29946,31.41978]]},"properties":{"id":"osm:w892988406","name":"","highway":"tertiary","bridge":false}},{"type":"Feature","geometry":{"type":"LineString","coordinates":[[76.2919,31.41966],[76.29184,31.41982],[76.29181,31.42005],[76.29192,31.42035],[76.29223,31.42096],[76.29232,31.42134],[76.29254,31.42163],[76.29299,31.4226],[76.29318,31.42292],[76.29329,31.42321],[76.29338,31.4233],[76.29361,31.42326],[76.29412,31.4233],[76.29522,31.42343],[76.29539,31.42361],[76.29621,31.42365],[76.29663,31.42369],[76.29705,31.42371],[76.29745,31.42373],[76.29778,31.4237],[76.29798,31.42356],[76.29828,31.42355],[76.29828,31.42378],[76.29837,31.424],[76.29872,31.4243],[76.29913,31.42442],[76.29935,31.42444],[76.29931,31.42497],[76.29936,31.42512],[76.29928,31.42542],[76.29934,31.42556],[76.29957,31.42576],[76.3001,31.42588],[76.30069,31.42592],[76.3009,31.42599],[76.30117,31.42599],[76.30146,31.42611],[76.30185,31.42633],[76.30206,31.42639],[76.30264,31.42683],[76.30301,31.42692],[76.30348,31.42747],[76.3035,31.42786],[76.3036,31.42794],[76.30373,31.428],[76.30384,31.42813],[76.30429,31.4291],[76.30433,31.42926],[76.30514,31.42996],[76.30546,31.43011],[76.3057,31.43019],[76.30602,31.43023],[76.30616,31.43033],[76.30628,31.43049],[76.30628,31.43064],[76.3063,31.43092],[76.30666,31.43118],[76.30673,31.43135],[76.30675,31.43193],[76.30678,31.43198],[76.30681,31.432],[76.30684,31.43201],[76.30691,31.43201],[76.30757,31.43201],[76.30781,31.43211],[76.30897,31.4321]]},"properties":{"id":"osm:w892988409","name":"","highway":"tertiary","bridge":false}},{"type":"Feature","geometry":{"type":"LineString","coordinates":[[76.29828,31.42355],[76.29858,31.42355],[76.29933,31.42381],[76.29978,31.42391],[76.3,31.42399],[76.30019,31.42415],[76.30028,31.42419],[76.30038,31.42421],[76.30044,31.42415],[76.30047,31.42408],[76.30028,31.42339],[76.30025,31.42317],[76.30016,31.42305],[76.30014,31.42293],[76.30014,31.42279],[76.30023,31.42266],[76.30027,31.42255],[76.30028,31.42245],[76.30025,31.42217],[76.30024,31.42188],[76.30014,31.42167],[76.30007,31.42147],[76.30004,31.42132],[76.29998,31.4211],[76.29989,31.42101],[76.29973,31.42091],[76.2997,31.42076],[76.29978,31.4206],[76.29984,31.42045],[76.29981,31.42031],[76.29974,31.42017],[76.29946,31.41978]]},"properties":{"id":"osm:w892988410","name":"","highway":"tertiary","bridge":false}},{"type":"Feature","geometry":{"type":"LineString","coordinates":[[76.32184,31.40244],[76.32153,31.40241],[76.32086,31.40217],[76.32001,31.40196],[76.31906,31.40179],[76.31869,31.40144],[76.3177,31.40136],[76.31659,31.40105],[76.31632,31.40077],[76.31628,31.40044],[76.31623,31.39997],[76.31607,31.39955],[76.31596,31.39949],[76.3158,31.39935],[76.31526,31.39913],[76.31481,31.3991],[76.31452,31.39914],[76.31428,31.39915],[76.31406,31.39912],[76.314,31.39912],[76.31395,31.3991],[76.3139,31.39909],[76.31386,31.39907],[76.31383,31.39904],[76.31381,31.39901],[76.31349,31.39848],[76.31348,31.39845],[76.31347,31.39843],[76.31347,31.39841],[76.31347,31.39839],[76.31347,31.39834],[76.3136,31.39778],[76.31356,31.39668],[76.31365,31.39609],[76.31379,31.39551],[76.31377,31.39518],[76.31353,31.39473],[76.31304,31.39381],[76.31254,31.39265],[76.31215,31.3921],[76.31176,31.39197],[76.31132,31.39183],[76.31032,31.39162],[76.30919,31.3915],[76.30887,31.39135],[76.30832,31.39085],[76.30767,31.39024],[76.30733,31.3899],[76.3071,31.38975],[76.30624,31.38938],[76.30391,31.38837],[76.30305,31.38759],[76.30266,31.3874],[76.30062,31.38691]]},"properties":{"id":"osm:w893015885","name":"","highway":"secondary","bridge":false}},{"type":"Feature","geometry":{"type":"LineString","coordinates":[[76.31475,31.36105],[76.31477,31.361],[76.31499,31.35965],[76.31506,31.35936],[76.31524,31.35866],[76.31553,31.35761],[76.31567,31.357],[76.31599,31.35656]]},"properties":{"id":"osm:w893096562","name":"","highway":"secondary","bridge":false}},{"type":"Feature","geometry":{"type":"LineString","coordinates":[[76.31467,31.36157],[76.31475,31.36105]]},"properties":{"id":"osm:w893096563","name":"","highway":"secondary","bridge":true}},{"type":"Feature","geometry":{"type":"LineString","coordinates":[[76.31929,31.35575],[76.31929,31.3562],[76.31934,31.35637],[76.31941,31.35644],[76.31961,31.35662],[76.32017,31.35682],[76.32031,31.35687],[76.32036,31.35697],[76.32034,31.35795],[76.32041,31.35964],[76.32057,31.36162],[76.32059,31.36178],[76.3206,31.36184],[76.32065,31.36222],[76.32088,31.36333],[76.32103,31.3642],[76.32106,31.3649],[76.32111,31.36724],[76.32108,31.36841],[76.3211,31.36944]]},"properties":{"id":"osm:w893096565","name":"","highway":"tertiary","bridge":false}},{"type":"Feature","geometry":{"type":"LineString","coordinates":[[76.3211,31.36944],[76.3211,31.36967]]},"properties":{"id":"osm:w893096566","name":"","highway":"tertiary","bridge":true}},{"type":"Feature","geometry":{"type":"LineString","coordinates":[[76.36789,31.4425],[76.36783,31.44228]]},"properties":{"id":"osm:w893348561","name":"to Bangarh","highway":"tertiary","bridge":true}},{"type":"Feature","geometry":{"type":"LineString","coordinates":[[76.36783,31.44228],[76.3678,31.44217],[76.3678,31.44197],[76.36793,31.44165],[76.36819,31.44086],[76.36843,31.44038],[76.36877,31.43984],[76.36892,31.43963],[76.36915,31.43892],[76.36925,31.43882]]},"properties":{"id":"osm:w893348563","name":"to Bangarh","highway":"tertiary","bridge":false}},{"type":"Feature","geometry":{"type":"LineString","coordinates":[[76.36925,31.43882],[76.36949,31.43862]]},"properties":{"id":"osm:w893348564","name":"to Bangarh","highway":"tertiary","bridge":true}},{"type":"Feature","geometry":{"type":"LineString","coordinates":[[76.36949,31.43862],[76.37002,31.43818],[76.37032,31.43792],[76.37117,31.43698],[76.37134,31.43602],[76.37126,31.43511],[76.37135,31.43435],[76.37121,31.43431]]},"properties":{"id":"osm:w893348565","name":"to Bangarh","highway":"tertiary","bridge":false}},{"type":"Feature","geometry":{"type":"LineString","coordinates":[[76.37121,31.43431],[76.37067,31.43417]]},"properties":{"id":"osm:w893348566","name":"to Bangarh","highway":"tertiary","bridge":true}},{"type":"Feature","geometry":{"type":"LineString","coordinates":[[76.37572,31.41266],[76.37597,31.41276],[76.37611,31.41284],[76.37687,31.4132],[76.3769,31.41322],[76.37705,31.41329],[76.37735,31.41348],[76.37784,31.41416],[76.37854,31.41422],[76.37926,31.41421],[76.37996,31.41409],[76.38061,31.41394],[76.38116,31.41398],[76.38224,31.4139],[76.3826,31.41394],[76.3827,31.4142],[76.38266,31.4144],[76.38259,31.41452],[76.38257,31.41465],[76.38264,31.41473],[76.38276,31.41476],[76.38286,31.41471],[76.38325,31.41463],[76.38497,31.41516],[76.38512,31.4151],[76.3853,31.41504],[76.38538,31.41499],[76.38558,31.41499],[76.386,31.41504],[76.38685,31.41516],[76.38712,31.41516],[76.38788,31.41535],[76.38845,31.41554],[76.38948,31.41572],[76.38968,31.41578],[76.38978,31.41581]]},"properties":{"id":"osm:w893348571","name":"","highway":"tertiary","bridge":false}},{"type":"Feature","geometry":{"type":"LineString","coordinates":[[76.37541,31.41251],[76.37572,31.41266]]},"properties":{"id":"osm:w893348572","name":"","highway":"tertiary","bridge":true}},{"type":"Feature","geometry":{"type":"LineString","coordinates":[[76.31437,31.42358],[76.31407,31.4234],[76.31375,31.42313],[76.31321,31.42311],[76.31318,31.42306],[76.3131,31.42292],[76.31304,31.42269],[76.31315,31.42195],[76.31319,31.4213],[76.31302,31.42086],[76.31313,31.41985],[76.3131,31.41932],[76.31289,31.41862],[76.31297,31.41831],[76.31313,31.41818],[76.31313,31.41727],[76.31334,31.41686],[76.31308,31.41635],[76.31317,31.4158],[76.31368,31.41315],[76.31376,31.41276],[76.31362,31.41252],[76.31371,31.41199],[76.31414,31.41188],[76.31442,31.41066],[76.31487,31.40956],[76.31497,31.40926],[76.31507,31.40895],[76.3157,31.40821],[76.31706,31.4066],[76.31789,31.40585],[76.31819,31.40524],[76.31815,31.40447],[76.31798,31.4039],[76.31777,31.40343],[76.31777,31.40226],[76.31766,31.40202],[76.3177,31.40136]]},"properties":{"id":"osm:w893348575","name":"","highway":"secondary","bridge":false}},{"type":"Feature","geometry":{"type":"LineString","coordinates":[[76.32047,31.43962],[76.32039,31.43958],[76.31864,31.43806],[76.31783,31.43744],[76.31659,31.43599],[76.31604,31.43581],[76.31595,31.43578],[76.31589,31.43575],[76.31586,31.43569],[76.31586,31.43562],[76.31601,31.43482],[76.3163,31.4338],[76.31632,31.43348],[76.31616,31.43157],[76.31627,31.42905],[76.31622,31.42848],[76.31585,31.42725],[76.31546,31.42673],[76.31522,31.42616],[76.315,31.425],[76.31504,31.42451],[76.31485,31.424],[76.31467,31.42373],[76.3146,31.42368]]},"properties":{"id":"osm:w893348576","name":"","highway":"secondary","bridge":false}},{"type":"Feature","geometry":{"type":"LineString","coordinates":[[76.3146,31.42368],[76.31437,31.42358]]},"properties":{"id":"osm:w893348577","name":"","highway":"tertiary","bridge":true}},{"type":"Feature","geometry":{"type":"LineString","coordinates":[[76.31467,31.42373],[76.31488,31.42355],[76.31491,31.42348],[76.31498,31.4233],[76.31506,31.42303],[76.3151,31.42293],[76.31517,31.42287],[76.31527,31.42283],[76.3163,31.4224],[76.31749,31.42241],[76.31834,31.42228],[76.31889,31.42208],[76.32039,31.4223],[76.32069,31.4223],[76.3212,31.4221],[76.32155,31.42202],[76.32236,31.4221],[76.32279,31.42205],[76.32314,31.42205],[76.32366,31.42198],[76.32398,31.42196],[76.32427,31.42191],[76.32443,31.42187],[76.32449,31.4218],[76.32451,31.42169],[76.32451,31.42144],[76.32431,31.42069],[76.32419,31.42047],[76.32422,31.42015],[76.32411,31.4197],[76.32418,31.41849],[76.32425,31.41803],[76.32441,31.41788],[76.32457,31.41773],[76.325,31.41756],[76.3254,31.41745],[76.32552,31.41741],[76.32558,31.41736],[76.32563,31.41726],[76.32564,31.41712],[76.32566,31.41656],[76.32577,31.41633],[76.3261,31.41602],[76.32666,31.41564],[76.32672,31.41561],[76.32677,31.4156],[76.32682,31.41558],[76.32684,31.41555],[76.32691,31.41539],[76.32693,31.41535],[76.32697,31.41532],[76.32702,31.41531],[76.32756,31.41531],[76.32761,31.41531],[76.32767,31.41529],[76.32769,31.41525],[76.3277,31.41519],[76.32771,31.41452],[76.32772,31.41447],[76.32775,31.41443],[76.32781,31.41441],[76.32808,31.41439],[76.32813,31.41438],[76.32815,31.41435],[76.32817,31.41424],[76.3282,31.41421],[76.32824,31.41419],[76.32895,31.4142],[76.32901,31.41419],[76.32907,31.41415],[76.32911,31.41409],[76.32913,31.41379],[76.32914,31.41374],[76.32917,31.41371],[76.32923,31.4137],[76.33026,31.41366],[76.33034,31.41366],[76.33039,31.41363],[76.33041,31.41358],[76.33043,31.41325],[76.33045,31.4132],[76.33049,31.41316],[76.33055,31.41314],[76.3311,31.41318],[76.33116,31.41317],[76.3312,31.41314],[76.33124,31.4131],[76.33128,31.41297],[76.33131,31.41279],[76.33133,31.41276],[76.33137,31.41274],[76.33142,31.41272],[76.33159,31.41268],[76.33166,31.41265],[76.33169,31.41261],[76.33172,31.41256],[76.33218,31.41185],[76.33211,31.41162],[76.33259,31.41084],[76.33291,31.40997],[76.33342,31.4093],[76.33362,31.40902],[76.33367,31.40897],[76.33371,31.40895],[76.33378,31.40894],[76.33398,31.40896],[76.33402,31.40895],[76.33406,31.40892],[76.33441,31.40859],[76.33474,31.40842],[76.33495,31.40795],[76.3351,31.40743],[76.33515,31.40718],[76.33516,31.40714],[76.33529,31.40706],[76.33542,31.40704],[76.33617,31.4071],[76.33637,31.40705],[76.33652,31.40697],[76.33654,31.40693],[76.33659,31.40684],[76.33668,31.40671],[76.33675,31.40581],[76.3369,31.40562],[76.33701,31.40548],[76.33713,31.40522],[76.33715,31.40518],[76.33719,31.40517],[76.33722,31.40517],[76.33747,31.40523],[76.33762,31.40472],[76.33764,31.40464]]},"properties":{"id":"osm:w893348578","name":"","highway":"secondary","bridge":false}},{"type":"Feature","geometry":{"type":"LineString","coordinates":[[76.31215,31.3921],[76.31158,31.39136],[76.3113,31.39058],[76.31096,31.38992],[76.31015,31.38878],[76.31011,31.38745],[76.30979,31.38685],[76.30978,31.38662],[76.30983,31.38621],[76.30983,31.3861],[76.30966,31.38598],[76.3096,31.38577],[76.30965,31.38546],[76.30983,31.38523],[76.30991,31.38489],[76.31012,31.38451],[76.31016,31.38421],[76.31011,31.38354],[76.31017,31.38254],[76.31029,31.38195],[76.31066,31.38077],[76.3108,31.38033],[76.3109,31.37971],[76.3111,31.37911],[76.31119,31.37885],[76.31194,31.37895],[76.31259,31.37915],[76.31276,31.37917],[76.31273,31.37934],[76.31249,31.38015],[76.31249,31.38053]]},"properties":{"id":"osm:w893348579","name":"","highway":"tertiary","bridge":false}},{"type":"Feature","geometry":{"type":"LineString","coordinates":[[76.31098,31.37453],[76.31106,31.37471],[76.31081,31.3757],[76.31074,31.37604],[76.31057,31.37697],[76.31052,31.37726],[76.3103,31.37773],[76.31025,31.37807],[76.31016,31.37806],[76.31012,31.37824],[76.31003,31.37824],[76.30999,31.3787],[76.31018,31.37877],[76.31021,31.37888],[76.31064,31.3789],[76.31092,31.37897],[76.3111,31.37911]]},"properties":{"id":"osm:w893348580","name":"","highway":"tertiary","bridge":false}},{"type":"Feature","geometry":{"type":"LineString","coordinates":[[76.32769,31.39875],[76.32594,31.40199],[76.32578,31.40209],[76.32479,31.40199],[76.32363,31.402],[76.32213,31.40238]]},"properties":{"id":"osm:w893348581","name":"","highway":"secondary","bridge":false}},{"type":"Feature","geometry":{"type":"LineString","coordinates":[[76.32213,31.40238],[76.32184,31.40244]]},"properties":{"id":"osm:w893348582","name":"","highway":"secondary","bridge":true}},{"type":"Feature","geometry":{"type":"LineString","coordinates":[[76.31133,31.45102],[76.3116,31.45111],[76.31169,31.45114],[76.31185,31.45123],[76.31192,31.45127],[76.31197,31.45133]]},"properties":{"id":"osm:w893545485","name":"","highway":"tertiary","bridge":false}},{"type":"Feature","geometry":{"type":"LineString","coordinates":[[76.32751,31.45605],[76.32737,31.45637],[76.32736,31.45661],[76.32744,31.45708],[76.32762,31.4583],[76.32767,31.45867],[76.32795,31.45915],[76.328,31.45935],[76.32806,31.45992],[76.32819,31.46053],[76.32839,31.46089],[76.3287,31.46124],[76.32897,31.46142],[76.32907,31.46149],[76.32918,31.46185],[76.32917,31.46197],[76.32916,31.46214],[76.32913,31.46232]]},"properties":{"id":"osm:w893715796","name":"","highway":"tertiary","bridge":false}},{"type":"Feature","geometry":{"type":"LineString","coordinates":[[76.32907,31.46149],[76.32916,31.46125],[76.32934,31.46106],[76.32948,31.46084],[76.3296,31.46049],[76.32966,31.46031],[76.33068,31.46025],[76.33073,31.45994],[76.33056,31.45985],[76.33042,31.45971],[76.3302,31.45956],[76.33015,31.45932],[76.33003,31.45928],[76.32989,31.4589],[76.32952,31.45873],[76.32917,31.45865],[76.32867,31.45841],[76.32854,31.45842],[76.32812,31.45826],[76.32784,31.45826],[76.32762,31.4583]]},"properties":{"id":"osm:w893715797","name":"","highway":"tertiary","bridge":false}},{"type":"Feature","geometry":{"type":"LineString","coordinates":[[76.32751,31.45605],[76.32829,31.4545],[76.32847,31.45419],[76.32851,31.45389],[76.3288,31.45282],[76.32892,31.45236],[76.32885,31.45196],[76.32904,31.45091],[76.32887,31.45035],[76.32882,31.45005],[76.32911,31.44933],[76.32953,31.4488],[76.32975,31.44843],[76.32987,31.44779],[76.32989,31.44725],[76.33001,31.44694],[76.32995,31.44663],[76.32989,31.44633],[76.32995,31.44588],[76.33003,31.44561],[76.33005,31.44522],[76.32989,31.44445],[76.32955,31.4443],[76.32921,31.44416],[76.32912,31.44414],[76.32899,31.4441],[76.32816,31.44424],[76.32803,31.44421],[76.32798,31.4442],[76.32794,31.44416],[76.32771,31.44394],[76.32736,31.44367],[76.32697,31.44318],[76.32675,31.44307],[76.32639,31.44291],[76.32602,31.44281],[76.32563,31.44248],[76.32518,31.44226],[76.32478,31.44219],[76.32421,31.44221],[76.32348,31.44197],[76.32324,31.44193],[76.32211,31.44165],[76.32166,31.4415],[76.32119,31.44128],[76.32085,31.44112],[76.32031,31.44103],[76.31993,31.44095],[76.31981,31.44091],[76.31971,31.44086]]},"properties":{"id":"osm:w893715798","name":"","highway":"secondary","bridge":false}},{"type":"Feature","geometry":{"type":"LineString","coordinates":[[76.32989,31.44445],[76.33007,31.44416],[76.33017,31.44411],[76.33026,31.44379],[76.33053,31.44371],[76.33138,31.44398],[76.33252,31.44424],[76.33304,31.44426],[76.33335,31.44406],[76.33372,31.44379],[76.33387,31.44355],[76.33437,31.44351],[76.33461,31.44292],[76.33472,31.44256],[76.33473,31.44223],[76.3356,31.44146],[76.33578,31.44114],[76.33597,31.44066],[76.33624,31.43959],[76.33669,31.43878],[76.33687,31.43812],[76.33699,31.43757],[76.33714,31.43743],[76.33766,31.43711],[76.33849,31.43648],[76.34006,31.43488],[76.34022,31.43455],[76.34041,31.43413],[76.34068,31.43386],[76.34171,31.43364],[76.34264,31.43344],[76.34348,31.4329],[76.34369,31.43284],[76.34401,31.43268],[76.34431,31.43213],[76.34459,31.43161],[76.34505,31.43131],[76.34515,31.43085],[76.34529,31.43055],[76.3455,31.4304],[76.34622,31.43009],[76.34642,31.42977],[76.34694,31.42897],[76.34795,31.42786],[76.34842,31.42745],[76.34865,31.42672],[76.34894,31.42616],[76.34903,31.42529],[76.34897,31.425],[76.34896,31.42458],[76.34906,31.424],[76.34917,31.42333],[76.34916,31.42301],[76.34914,31.42273],[76.34918,31.42202],[76.34927,31.42161],[76.35004,31.42129]]},"properties":{"id":"osm:w893715799","name":"","highway":"secondary","bridge":false}},{"type":"Feature","geometry":{"type":"LineString","coordinates":[[76.35004,31.42129],[76.35114,31.42087],[76.3514,31.42094],[76.35225,31.42117],[76.35257,31.42099],[76.35286,31.42088],[76.35301,31.42063],[76.35309,31.42017],[76.353,31.41966],[76.35335,31.41874],[76.35343,31.41838],[76.35345,31.41831],[76.3535,31.41806],[76.35359,31.41759],[76.3535,31.41737],[76.35359,31.41724],[76.35381,31.41649],[76.35394,31.41607],[76.35426,31.41508],[76.35449,31.41475],[76.35471,31.4143],[76.35491,31.4139],[76.35516,31.41373],[76.35538,31.4131],[76.35542,31.41305],[76.35559,31.41286],[76.35561,31.41241],[76.35561,31.41233],[76.35563,31.41214],[76.35563,31.41171],[76.35547,31.41148],[76.35544,31.41142],[76.35525,31.41121],[76.35515,31.41102],[76.35521,31.41034],[76.35532,31.40989],[76.35561,31.40947],[76.35585,31.40923],[76.35594,31.40898],[76.35597,31.40865],[76.35595,31.40828],[76.35568,31.40801],[76.35552,31.40784],[76.35544,31.40776],[76.35543,31.40755],[76.35566,31.40732],[76.35578,31.40709],[76.35609,31.40667]]},"properties":{"id":"osm:w893715801","name":"","highway":"secondary","bridge":false}},{"type":"Feature","geometry":{"type":"LineString","coordinates":[[76.36371,31.41884],[76.36332,31.41876],[76.36291,31.41884],[76.36184,31.41916],[76.36131,31.41965],[76.36094,31.41984],[76.36061,31.41979],[76.36019,31.41987],[76.35972,31.41998],[76.3595,31.42017],[76.35938,31.42016],[76.35918,31.42014],[76.35841,31.41975],[76.35832,31.41963],[76.35798,31.41961],[76.35778,31.41939],[76.35772,31.41925],[76.35711,31.41883],[76.3571,31.41862],[76.35689,31.41854],[76.35652,31.41794],[76.35631,31.41791]]},"properties":{"id":"osm:w893715804","name":"","highway":"tertiary","bridge":false}},{"type":"Feature","geometry":{"type":"LineString","coordinates":[[76.33855,31.41603],[76.33864,31.41605],[76.34037,31.41604],[76.34116,31.41601],[76.3423,31.41601],[76.34282,31.41601],[76.34609,31.41601],[76.34959,31.41598],[76.35201,31.41596],[76.35251,31.41595],[76.3525,31.41648],[76.35381,31.41649]]},"properties":{"id":"osm:w893715805","name":"","highway":"tertiary","bridge":false}},{"type":"Feature","geometry":{"type":"LineString","coordinates":[[76.31752,31.44545],[76.31883,31.44273],[76.31929,31.44187],[76.31979,31.44093]]},"properties":{"id":"osm:w894175216","name":"NH503","highway":"trunk","bridge":false}},{"type":"Feature","geometry":{"type":"LineString","coordinates":[[76.32803,31.44421],[76.32762,31.44454],[76.32739,31.44496],[76.32732,31.44529],[76.32733,31.4456],[76.32746,31.4458],[76.32764,31.44588],[76.32804,31.44599],[76.32842,31.44612],[76.32882,31.44612],[76.32924,31.4461],[76.32933,31.44608],[76.32944,31.44599],[76.32953,31.44584],[76.32964,31.44581],[76.3298,31.44583],[76.32995,31.44588]]},"properties":{"id":"osm:w894273592","name":"","highway":"tertiary","bridge":false}},{"type":"Feature","geometry":{"type":"LineString","coordinates":[[76.32732,31.44529],[76.32701,31.44533],[76.32654,31.4455],[76.32612,31.44558],[76.32573,31.44563],[76.32497,31.44588],[76.32489,31.44619],[76.32457,31.44646],[76.32423,31.44653],[76.32368,31.44656],[76.32345,31.44659],[76.32323,31.44652],[76.3226,31.44653],[76.32229,31.44652],[76.3222,31.44652],[76.32189,31.44659],[76.32163,31.44659],[76.32145,31.44648],[76.32127,31.44637],[76.32109,31.44635],[76.32087,31.44637],[76.32015,31.44649],[76.31972,31.44663],[76.31939,31.44668],[76.31923,31.44667],[76.31908,31.44661],[76.31889,31.44652],[76.31871,31.44644],[76.31846,31.44645],[76.3183,31.44648],[76.31818,31.4465],[76.31774,31.44653],[76.31757,31.44663],[76.31715,31.44661],[76.31697,31.44658]]},"properties":{"id":"osm:w894273593","name":"","highway":"tertiary","bridge":false}},{"type":"Feature","geometry":{"type":"LineString","coordinates":[[76.33026,31.44379],[76.33024,31.44367],[76.3303,31.44343],[76.33042,31.44321],[76.3305,31.44301],[76.33054,31.44283],[76.33057,31.44266],[76.33059,31.44246],[76.33058,31.44218],[76.33051,31.44194],[76.33038,31.44156],[76.33019,31.44117],[76.33011,31.44082],[76.33006,31.44059],[76.33011,31.44046],[76.33035,31.44007],[76.33045,31.43978],[76.3306,31.43924],[76.33073,31.439],[76.33095,31.43869],[76.33123,31.43848],[76.33149,31.43812],[76.33162,31.43789],[76.33176,31.43734],[76.33176,31.43717],[76.33177,31.43692],[76.33173,31.4366],[76.3318,31.43639],[76.33176,31.43621],[76.3317,31.43607],[76.33162,31.43592],[76.33156,31.43579],[76.33162,31.43549],[76.33172,31.43497],[76.33194,31.43462],[76.33197,31.43438],[76.33194,31.43403],[76.33191,31.43369],[76.33193,31.43314],[76.33198,31.43292],[76.33212,31.43268],[76.33244,31.43238],[76.3326,31.43212],[76.33276,31.43176],[76.33286,31.43144],[76.33301,31.4312],[76.33318,31.43082],[76.3332,31.43053],[76.33323,31.43033],[76.33317,31.43016],[76.33312,31.42995],[76.33317,31.42941],[76.33319,31.42915],[76.33331,31.42899],[76.33329,31.42858],[76.33332,31.42842],[76.33336,31.42817],[76.33326,31.428],[76.33313,31.42781],[76.33317,31.42762],[76.33324,31.42734],[76.3333,31.42703],[76.33339,31.42668],[76.33329,31.42654],[76.33313,31.42639],[76.33287,31.4263]]},"properties":{"id":"osm:w894273599","name":"","highway":"tertiary","bridge":false}},{"type":"Feature","geometry":{"type":"LineString","coordinates":[[76.32772,31.42741],[76.3278,31.42713],[76.32804,31.42697],[76.32827,31.42666],[76.32857,31.42643],[76.32901,31.42625],[76.32958,31.4255],[76.33033,31.42446],[76.33072,31.42429],[76.33093,31.42411],[76.33098,31.42397],[76.33172,31.42327],[76.33175,31.42325],[76.33312,31.42202],[76.33313,31.422],[76.33331,31.42191],[76.33355,31.42191],[76.33529,31.42192],[76.33554,31.42167],[76.33598,31.42166],[76.33642,31.42155],[76.33665,31.42157]]},"properties":{"id":"osm:w894273600","name":"","highway":"tertiary","bridge":false}},{"type":"Feature","geometry":{"type":"LineString","coordinates":[[76.3353,31.42356],[76.33524,31.42339],[76.33532,31.4232],[76.3354,31.42285],[76.33534,31.42252],[76.33524,31.42208],[76.33529,31.42192]]},"properties":{"id":"osm:w894273601","name":"","highway":"tertiary","bridge":false}},{"type":"Feature","geometry":{"type":"LineString","coordinates":[[76.33554,31.42167],[76.33555,31.42149],[76.33569,31.4211],[76.33579,31.42089],[76.33577,31.42051],[76.33578,31.42035],[76.33598,31.42029],[76.33622,31.42017],[76.33647,31.41995],[76.33657,31.41978],[76.33689,31.41925],[76.33685,31.41905],[76.33675,31.41876],[76.33684,31.41847],[76.33688,31.41817],[76.33684,31.41784],[76.33674,31.41705],[76.33652,31.41604],[76.33659,31.41532],[76.33657,31.41497],[76.33647,31.41465],[76.33642,31.41441],[76.33655,31.41419],[76.33677,31.41349],[76.3369,31.41303],[76.33703,31.41257],[76.33686,31.4119],[76.33672,31.41156],[76.33677,31.41121],[76.33694,31.41072],[76.33718,31.41005],[76.33738,31.40985],[76.33768,31.4096],[76.33782,31.40927],[76.33802,31.40899],[76.33824,31.40887],[76.33828,31.4088],[76.33833,31.40871],[76.33822,31.40846],[76.33789,31.40788],[76.33776,31.40758],[76.33768,31.40737],[76.33767,31.40726],[76.33763,31.40689],[76.33762,31.4064],[76.33775,31.40592],[76.33788,31.40563],[76.33801,31.40543],[76.33825,31.40534],[76.3387,31.40532],[76.33892,31.4054],[76.33909,31.40553],[76.33931,31.4057],[76.33952,31.40581],[76.33989,31.40619],[76.34002,31.40637],[76.34121,31.40645],[76.34169,31.40655],[76.3425,31.40671]]},"properties":{"id":"osm:w894273602","name":"","highway":"tertiary","bridge":false}},{"type":"Feature","geometry":{"type":"LineString","coordinates":[[76.33776,31.40758],[76.33733,31.40732],[76.33681,31.40704],[76.33652,31.40697]]},"properties":{"id":"osm:w894273603","name":"","highway":"tertiary","bridge":false}},{"type":"Feature","geometry":{"type":"LineString","coordinates":[[76.33828,31.4088],[76.33893,31.40887],[76.33903,31.40884],[76.33933,31.40876],[76.3395,31.40858],[76.33958,31.40849],[76.34005,31.40845],[76.34021,31.40818],[76.34058,31.40828],[76.341,31.4084],[76.34129,31.40845],[76.34166,31.40854],[76.34171,31.40857]]},"properties":{"id":"osm:w894273604","name":"","highway":"tertiary","bridge":false}},{"type":"Feature","geometry":{"type":"LineString","coordinates":[[76.34021,31.40818],[76.3401,31.40795],[76.34014,31.40779],[76.34026,31.40721],[76.3402,31.40679],[76.34002,31.40637]]},"properties":{"id":"osm:w894273605","name":"","highway":"tertiary","bridge":false}},{"type":"Feature","geometry":{"type":"LineString","coordinates":[[76.2875,31.40547],[76.2891,31.40551],[76.29965,31.40548],[76.29968,31.4072],[76.29984,31.40737],[76.30039,31.40757],[76.30095,31.40757],[76.30219,31.4081],[76.30312,31.40828],[76.30368,31.4086],[76.30475,31.40883],[76.30445,31.40976],[76.30523,31.41002],[76.3051,31.41065],[76.30572,31.41081],[76.30592,31.4109],[76.30686,31.41103],[76.30701,31.41098],[76.30804,31.41109],[76.30819,31.41067],[76.30885,31.41075],[76.30894,31.41072],[76.30898,31.41061],[76.30898,31.41049],[76.30893,31.41035],[76.30893,31.41022],[76.30899,31.41013],[76.30965,31.40948],[76.31003,31.40925],[76.31057,31.40902],[76.31066,31.4089],[76.31073,31.40856],[76.31087,31.40835],[76.31107,31.40823],[76.31131,31.40816],[76.31157,31.40815],[76.31198,31.40817],[76.31237,31.4083],[76.3126,31.40831],[76.31319,31.40804],[76.31352,31.40792],[76.31453,31.40781],[76.31469,31.40804],[76.31494,31.40864],[76.31489,31.40894],[76.31497,31.40926]]},"properties":{"id":"osm:w894280716","name":"","highway":"tertiary","bridge":false}},{"type":"Feature","geometry":{"type":"LineString","coordinates":[[76.2891,31.40551],[76.29031,31.40701],[76.29165,31.40832],[76.29443,31.41291],[76.29627,31.41278],[76.29677,31.41272],[76.29733,31.41298],[76.29757,31.41342],[76.29881,31.41369],[76.29891,31.41391],[76.29976,31.41424],[76.30027,31.41431],[76.30096,31.41471],[76.30135,31.41483],[76.30186,31.41471],[76.30196,31.41453],[76.30212,31.41449],[76.3028,31.41463],[76.30307,31.4146],[76.30343,31.41449],[76.30395,31.41445],[76.30413,31.41424],[76.30457,31.41391],[76.30538,31.41347],[76.30581,31.41359],[76.30698,31.4139],[76.30737,31.41389],[76.30766,31.41309],[76.30763,31.41275],[76.30777,31.41229],[76.30789,31.41189],[76.30804,31.41109]]},"properties":{"id":"osm:w894280717","name":"","highway":"tertiary","bridge":false}},{"type":"Feature","geometry":{"type":"LineString","coordinates":[[76.31453,31.40781],[76.3145,31.40722],[76.31424,31.40712],[76.31422,31.40656],[76.31381,31.40573],[76.31403,31.40401],[76.31435,31.40263],[76.31401,31.40147],[76.31404,31.40025],[76.31388,31.39995],[76.31386,31.39907]]},"properties":{"id":"osm:w894280718","name":"","highway":"tertiary","bridge":false}},{"type":"Feature","geometry":{"type":"LineString","coordinates":[[76.30475,31.40883],[76.3049,31.40856],[76.3054,31.40863],[76.30545,31.40855],[76.30557,31.40818],[76.30571,31.40804],[76.30583,31.40756],[76.30589,31.40722],[76.30611,31.40651],[76.30625,31.40597],[76.30681,31.40521],[76.307,31.40481],[76.30687,31.40468],[76.30665,31.40461],[76.30652,31.40453],[76.3065,31.40445],[76.30664,31.40394],[76.30678,31.40365],[76.30676,31.40353],[76.30633,31.40343],[76.3062,31.40333],[76.30624,31.40306],[76.30647,31.40258],[76.30661,31.4018],[76.30661,31.4012],[76.30687,31.40049],[76.30719,31.39989],[76.30726,31.39952],[76.30742,31.39954],[76.30761,31.39943],[76.30758,31.39921],[76.30769,31.3989],[76.30769,31.39858],[76.30776,31.39815],[76.30805,31.39753],[76.30828,31.39736],[76.30838,31.39707],[76.30847,31.39683],[76.30849,31.3964],[76.30848,31.39629],[76.30857,31.39583],[76.30849,31.39537],[76.30845,31.39471],[76.30851,31.39405],[76.30861,31.3931],[76.30869,31.39197],[76.30877,31.39154],[76.30887,31.39135]]},"properties":{"id":"osm:w894280719","name":"","highway":"tertiary","bridge":false}},{"type":"Feature","geometry":{"type":"LineString","coordinates":[[76.53277,30.97201],[76.5314,30.97187]]},"properties":{"id":"osm:w1034054418","name":"","highway":"tertiary","bridge":true}},{"type":"Feature","geometry":{"type":"LineString","coordinates":[[76.53296,30.97203],[76.53277,30.97201]]},"properties":{"id":"osm:w1034054419","name":"","highway":"tertiary","bridge":false}},{"type":"Feature","geometry":{"type":"LineString","coordinates":[[76.52314,30.96645],[76.5232,30.96619]]},"properties":{"id":"osm:w1034116806","name":"","highway":"tertiary","bridge":false}},{"type":"Feature","geometry":{"type":"LineString","coordinates":[[76.523,30.96627],[76.52311,30.9664],[76.52314,30.96645]]},"properties":{"id":"osm:w1034116807","name":"","highway":"tertiary","bridge":false}},{"type":"Feature","geometry":{"type":"LineString","coordinates":[[76.35631,31.41791],[76.35608,31.41815],[76.35601,31.41818],[76.35581,31.41849],[76.35567,31.41854],[76.35516,31.41849],[76.35503,31.41857],[76.35465,31.41933],[76.3544,31.41931],[76.35423,31.41941],[76.35408,31.41972],[76.35374,31.42013],[76.35341,31.42053],[76.35327,31.42059],[76.35322,31.4206],[76.35301,31.42063]]},"properties":{"id":"osm:w1067136211","name":"","highway":"tertiary","bridge":false}},{"type":"Feature","geometry":{"type":"LineString","coordinates":[[76.3382,31.40452],[76.3382,31.40483],[76.33801,31.40543],[76.338,31.40545],[76.33791,31.40545],[76.33747,31.40523]]},"properties":{"id":"osm:w1067137708","name":"","highway":"tertiary","bridge":false}},{"type":"Feature","geometry":{"type":"LineString","coordinates":[[76.52174,30.94399],[76.52156,30.94385],[76.52123,30.94369],[76.521,30.94358],[76.52076,30.94357]]},"properties":{"id":"osm:w1118555681","name":"","highway":"trunk","bridge":false}},{"type":"Feature","geometry":{"type":"LineString","coordinates":[[76.52217,30.94479],[76.52206,30.94447],[76.52201,30.94438],[76.52174,30.94399]]},"properties":{"id":"osm:w1118555682","name":"","highway":"primary","bridge":false}},{"type":"Feature","geometry":{"type":"LineString","coordinates":[[76.5215,30.94419],[76.52166,30.94433],[76.52181,30.94446],[76.52196,30.94459]]},"properties":{"id":"osm:w1118555683","name":"","highway":"primary","bridge":false}},{"type":"Feature","geometry":{"type":"LineString","coordinates":[[76.51985,30.94329],[76.5202,30.9434],[76.52056,30.94348],[76.52076,30.94357]]},"properties":{"id":"osm:w1118555686","name":"","highway":"trunk","bridge":false}},{"type":"Feature","geometry":{"type":"LineString","coordinates":[[76.51192,31.43931],[76.51166,31.43932],[76.51142,31.43937],[76.51128,31.43944],[76.51111,31.4396],[76.51095,31.43975],[76.51077,31.43988],[76.51066,31.44003],[76.51055,31.44017],[76.51046,31.4403],[76.51041,31.44048],[76.51043,31.44063],[76.51048,31.44075],[76.51051,31.44086],[76.51046,31.44094],[76.51037,31.44097],[76.5103,31.44093],[76.51027,31.44083],[76.51021,31.44069],[76.50997,31.44033],[76.50986,31.44021],[76.5098,31.44014],[76.50975,31.44],[76.50971,31.43978],[76.50976,31.43963],[76.50982,31.43953],[76.50993,31.43933],[76.51012,31.43875],[76.51014,31.4385],[76.51017,31.4384],[76.51019,31.43828],[76.51014,31.4382],[76.50994,31.43828],[76.50974,31.43839],[76.50958,31.43844],[76.50941,31.43846],[76.50927,31.43843],[76.50915,31.43838],[76.5089,31.43834],[76.50871,31.43845],[76.50855,31.43856],[76.50843,31.43877],[76.50826,31.43907],[76.50811,31.43917],[76.50804,31.43921],[76.50786,31.43933],[76.50753,31.43981],[76.50733,31.44013],[76.50706,31.44032],[76.50658,31.44037],[76.50609,31.44041],[76.50594,31.44038],[76.5058,31.44032],[76.50565,31.44031],[76.50554,31.44035],[76.50538,31.44064],[76.50524,31.44082],[76.50505,31.44098],[76.50463,31.44114],[76.50434,31.44122],[76.50412,31.44119],[76.50395,31.44116],[76.50367,31.44122],[76.50348,31.44129],[76.50324,31.44142],[76.50321,31.44149],[76.50318,31.44162],[76.50318,31.44205],[76.50318,31.44254],[76.503,31.44284],[76.50289,31.44295],[76.50256,31.44325],[76.50241,31.44329],[76.50226,31.44331],[76.50219,31.44335],[76.50212,31.44344],[76.50192,31.44363],[76.50121,31.44398],[76.50098,31.44396],[76.5009,31.44401],[76.50088,31.44412],[76.50089,31.44421],[76.50096,31.44459],[76.50087,31.44494],[76.50064,31.44533],[76.50045,31.44548],[76.50039,31.44556],[76.50027,31.4456],[76.50012,31.44565],[76.50001,31.4457],[76.49984,31.44581],[76.49964,31.4458],[76.49952,31.44586],[76.49911,31.44601],[76.49897,31.44609],[76.49884,31.44618],[76.49877,31.44626],[76.49869,31.44652],[76.49856,31.44678],[76.4985,31.44687],[76.49845,31.44696],[76.49842,31.44717],[76.49828,31.44729],[76.49797,31.44739],[76.49776,31.44744],[76.49763,31.44746],[76.49757,31.44748],[76.49751,31.44754],[76.49749,31.4476],[76.49745,31.44783],[76.49752,31.44809],[76.49759,31.44825],[76.49766,31.44835],[76.49775,31.44854],[76.49776,31.44869],[76.4978,31.4489],[76.49786,31.44911],[76.49786,31.44926],[76.49787,31.44951],[76.49784,31.44991],[76.49782,31.45013],[76.49773,31.45022],[76.49764,31.45025],[76.49754,31.45025],[76.49706,31.45026],[76.49681,31.45025],[76.49669,31.45025],[76.4965,31.45027],[76.49636,31.45028],[76.49617,31.45026],[76.49587,31.4502],[76.49561,31.45019],[76.49548,31.4502],[76.4951,31.45025],[76.49492,31.45032],[76.49477,31.45033],[76.49455,31.45034],[76.49439,31.45037],[76.49402,31.45039],[76.49381,31.45036],[76.49372,31.45038],[76.49366,31.45046],[76.4934,31.45082],[76.49288,31.45137],[76.49261,31.45162],[76.49206,31.4519],[76.49192,31.45201],[76.4918,31.45209],[76.49169,31.45213],[76.49164,31.45219],[76.49147,31.45221],[76.49135,31.45221],[76.49111,31.45228],[76.49097,31.45235],[76.49081,31.45235],[76.49069,31.45233],[76.49059,31.45227],[76.49054,31.45218],[76.4903,31.45203],[76.49017,31.45196],[76.48999,31.45193],[76.48985,31.4519],[76.48972,31.45195],[76.4896,31.45205],[76.4893,31.45243],[76.48929,31.45253],[76.48931,31.4527],[76.48931,31.45284],[76.48931,31.45301],[76.48908,31.45333],[76.48888,31.45349],[76.48876,31.45359],[76.48818,31.45415],[76.48796,31.4543],[76.48781,31.45425],[76.48752,31.4542],[76.48716,31.45438],[76.48702,31.45453],[76.4868,31.45487],[76.48661,31.45531],[76.48661,31.4555],[76.48659,31.45562],[76.48657,31.4558],[76.48644,31.4561],[76.48634,31.45618],[76.48616,31.45621],[76.48597,31.45628],[76.48593,31.45636],[76.48597,31.4565],[76.48592,31.45675],[76.48579,31.45682],[76.48567,31.45689],[76.48554,31.45695],[76.48541,31.45705],[76.48504,31.45726],[76.48499,31.45741],[76.48491,31.45755],[76.48482,31.45763],[76.48451,31.45794],[76.4842,31.45788],[76.48413,31.4577],[76.48408,31.45762],[76.4839,31.45757],[76.48369,31.45755],[76.48352,31.45754],[76.4834,31.4575],[76.4834,31.45743],[76.48349,31.45734],[76.48364,31.45711],[76.48366,31.45704],[76.48353,31.45692],[76.48328,31.4569],[76.48307,31.45694],[76.48296,31.45699],[76.48283,31.45712],[76.48278,31.45724],[76.48273,31.45755],[76.48275,31.45774],[76.48274,31.45792],[76.48269,31.45804],[76.48257,31.45809],[76.48249,31.45805],[76.48239,31.45795],[76.48226,31.45776],[76.48203,31.45773],[76.48186,31.45779],[76.48177,31.45779],[76.48172,31.45773],[76.48164,31.45769],[76.48107,31.45782],[76.48083,31.45786],[76.4808,31.45774],[76.4808,31.45764],[76.48076,31.45752],[76.48058,31.45752],[76.48043,31.45757],[76.48037,31.45763],[76.48025,31.45777],[76.48012,31.45791],[76.47999,31.45811],[76.47992,31.45876],[76.47977,31.45926],[76.47976,31.45948],[76.47966,31.45962],[76.47955,31.45965],[76.47948,31.45966],[76.47929,31.45969],[76.47915,31.45972],[76.47904,31.45972],[76.47885,31.45987],[76.47874,31.46004],[76.47856,31.46021],[76.47847,31.4603],[76.47841,31.46038],[76.47838,31.46071],[76.47827,31.46103],[76.47828,31.46112],[76.47831,31.46117],[76.47837,31.46119],[76.47841,31.46123],[76.47849,31.46144],[76.47838,31.46161],[76.47823,31.46178],[76.47809,31.46189],[76.47796,31.46197],[76.47784,31.46202],[76.47746,31.46226],[76.47723,31.46248],[76.47712,31.46263],[76.47706,31.46284],[76.47707,31.46302],[76.47712,31.46313],[76.47721,31.46325],[76.47728,31.46332],[76.47736,31.4634],[76.47738,31.46346],[76.47729,31.46355],[76.47711,31.46375],[76.47688,31.46377],[76.47662,31.46386],[76.47641,31.4639],[76.47599,31.46394],[76.47568,31.4642],[76.47541,31.4645],[76.47522,31.4647],[76.47494,31.46485],[76.47463,31.46502],[76.47443,31.46521],[76.47426,31.46547],[76.47418,31.4657],[76.47407,31.46612],[76.47417,31.46616],[76.47436,31.46608],[76.47444,31.46616],[76.47448,31.46629],[76.47452,31.46641],[76.47457,31.46645],[76.47476,31.46649],[76.47485,31.4665],[76.47498,31.46658],[76.47502,31.46674],[76.47503,31.46688],[76.47515,31.46701],[76.47521,31.46711],[76.47516,31.4672],[76.47496,31.4673],[76.47488,31.46736],[76.47477,31.46748],[76.47464,31.46766],[76.47434,31.4677],[76.47411,31.46771],[76.47387,31.46773],[76.47364,31.4678],[76.47355,31.46787],[76.47348,31.46791],[76.47334,31.46794],[76.47309,31.46798],[76.47268,31.46806],[76.47256,31.46805],[76.4725,31.468],[76.47249,31.46792],[76.47252,31.46782],[76.47261,31.46769],[76.47273,31.46756],[76.47277,31.46748],[76.47277,31.46739],[76.47262,31.46736],[76.47241,31.46736],[76.47201,31.46739],[76.47163,31.46752],[76.47116,31.46775],[76.47099,31.46789],[76.4708,31.46806],[76.47059,31.46863],[76.47034,31.46906],[76.47029,31.46938],[76.47028,31.46955],[76.4703,31.46964],[76.47039,31.46967],[76.47052,31.46962],[76.47066,31.46952],[76.47075,31.46947],[76.47086,31.46949],[76.47096,31.46954],[76.47105,31.46962],[76.47116,31.46966],[76.47137,31.46973],[76.47144,31.46985],[76.47146,31.46998],[76.47142,31.47009],[76.47131,31.47019],[76.47116,31.4703],[76.471,31.47045],[76.47092,31.47059],[76.47088,31.4707],[76.47064,31.47099],[76.47043,31.47121],[76.47035,31.4713],[76.47025,31.47132],[76.47014,31.47126],[76.47001,31.47122],[76.46987,31.47123],[76.46981,31.4713],[76.46966,31.47166],[76.46952,31.47192],[76.46924,31.47221],[76.4689,31.47259],[76.46873,31.473],[76.46859,31.47308],[76.46852,31.47314],[76.46838,31.47326],[76.46814,31.47339],[76.46798,31.47341],[76.46791,31.47337],[76.46786,31.4733],[76.46782,31.47318],[76.4678,31.47304],[76.46791,31.47271],[76.46808,31.47235],[76.46811,31.47224],[76.46808,31.47217],[76.46797,31.47212],[76.46787,31.47215],[76.46731,31.4724],[76.46683,31.47262],[76.46667,31.47277],[76.46655,31.47289],[76.46645,31.47295],[76.46618,31.47312],[76.46611,31.47324],[76.46608,31.47332],[76.46605,31.47345],[76.46602,31.47384],[76.46593,31.47432],[76.46602,31.47462],[76.46607,31.47474],[76.46614,31.47478],[76.46624,31.4748],[76.46629,31.47482],[76.46642,31.47497],[76.46652,31.47513],[76.46657,31.47525],[76.46658,31.47536],[76.46653,31.47546],[76.46641,31.47553],[76.46634,31.47557],[76.46623,31.47563],[76.46615,31.4757],[76.46602,31.47598],[76.46591,31.476],[76.46576,31.47596],[76.46565,31.47589],[76.46544,31.47574],[76.46519,31.47572],[76.46501,31.47571],[76.46482,31.47578],[76.46468,31.47588],[76.46466,31.47595],[76.46469,31.47604],[76.46478,31.47614],[76.465,31.47628],[76.4651,31.47637],[76.46507,31.4765],[76.46503,31.47662],[76.46503,31.47669],[76.46502,31.47675],[76.46496,31.47679],[76.46491,31.47683],[76.46485,31.4769],[76.46461,31.47713],[76.4644,31.47715],[76.46433,31.47709],[76.46429,31.47701],[76.46421,31.47689],[76.46409,31.47686],[76.46389,31.47687],[76.46367,31.47691],[76.46343,31.47705],[76.46315,31.47713],[76.46302,31.47718],[76.46298,31.47729],[76.46296,31.47763],[76.46294,31.47786],[76.46287,31.47812],[76.46267,31.47824],[76.46217,31.47843],[76.46193,31.47849],[76.46183,31.47848],[76.46166,31.47848],[76.46151,31.47851],[76.46122,31.47903],[76.46098,31.47922],[76.46085,31.47933],[76.4608,31.47939],[76.46079,31.47949],[76.46089,31.47953],[76.46101,31.47954],[76.46116,31.47955],[76.46126,31.47955],[76.46138,31.47956],[76.46148,31.47959],[76.46148,31.47971],[76.46142,31.47978],[76.46116,31.47991],[76.46111,31.48002],[76.46102,31.48022],[76.46095,31.48036],[76.46086,31.48053],[76.46061,31.48062],[76.46051,31.48063],[76.4603,31.48065],[76.4602,31.48067],[76.45984,31.48074],[76.45959,31.48089],[76.45943,31.48105],[76.45925,31.48134],[76.45911,31.48149],[76.45907,31.48159],[76.45907,31.48165],[76.4591,31.48173],[76.45907,31.48189],[76.45906,31.48206],[76.45907,31.48212],[76.45905,31.48219],[76.459,31.48223],[76.4587,31.48228],[76.45849,31.48228],[76.45832,31.48235],[76.45768,31.48283],[76.45745,31.48301],[76.45729,31.48309],[76.45712,31.48308],[76.4571,31.48302],[76.45718,31.48289],[76.45738,31.48256],[76.45752,31.48236],[76.45754,31.48223],[76.45743,31.48217],[76.45721,31.48217],[76.45701,31.48229],[76.45678,31.4824],[76.45663,31.48248],[76.45652,31.48259],[76.45614,31.48312],[76.45601,31.48339],[76.45598,31.48355],[76.45588,31.48372],[76.45579,31.48376],[76.45556,31.48374],[76.45535,31.48381],[76.4553,31.48388],[76.45516,31.48401],[76.45499,31.48413],[76.45496,31.4842],[76.45496,31.48456],[76.45494,31.48464],[76.45486,31.48469],[76.45458,31.4847],[76.45444,31.48475],[76.45391,31.48523],[76.45361,31.48555],[76.45319,31.48609],[76.45304,31.48622],[76.45285,31.48629],[76.45246,31.48638],[76.45207,31.48659],[76.45194,31.48674],[76.45187,31.4869],[76.45171,31.48714],[76.45145,31.48742],[76.45098,31.48775],[76.45074,31.48785],[76.45062,31.48785],[76.45048,31.48784],[76.45004,31.4877],[76.44982,31.48767],[76.44966,31.48768],[76.44954,31.48774],[76.4493,31.48781],[76.44915,31.48783],[76.44886,31.48782],[76.44876,31.48785],[76.44866,31.48791],[76.44806,31.48873],[76.4476,31.48915],[76.44721,31.48971],[76.44658,31.49041],[76.44607,31.49077],[76.44593,31.49091],[76.44582,31.4913],[76.44559,31.49162],[76.44539,31.49188],[76.44536,31.49197],[76.44539,31.49207],[76.4454,31.49215],[76.44538,31.49227],[76.44508,31.49274],[76.44503,31.49299],[76.4447,31.49369],[76.44467,31.49389],[76.44441,31.49445],[76.44438,31.49475],[76.44428,31.49504],[76.44416,31.49532],[76.44391,31.49578],[76.44364,31.49617],[76.44349,31.49649],[76.44342,31.49666],[76.44342,31.49681],[76.44339,31.49691],[76.44308,31.4975],[76.44283,31.49799],[76.44257,31.49848],[76.44227,31.49891],[76.44185,31.49943],[76.44172,31.49959],[76.44151,31.50003],[76.44123,31.5005],[76.44091,31.50105],[76.44041,31.50178],[76.43993,31.50231],[76.4396,31.50276],[76.43944,31.50301],[76.43937,31.50315],[76.43936,31.50327],[76.43933,31.5034],[76.43933,31.50365],[76.43918,31.50399],[76.43896,31.50451],[76.43886,31.5048],[76.43881,31.50495],[76.43871,31.50507],[76.43839,31.50534],[76.43827,31.50557],[76.43821,31.5057],[76.43818,31.50587],[76.43813,31.50624],[76.43807,31.5064],[76.43796,31.50655],[76.43766,31.50688],[76.43756,31.50721],[76.43747,31.50763],[76.4375,31.50783],[76.43761,31.50796],[76.43769,31.50806],[76.43773,31.50813],[76.43777,31.50823],[76.43778,31.50837],[76.43751,31.5086],[76.43723,31.50879],[76.437,31.50894],[76.43687,31.50905],[76.43681,31.50918],[76.43677,31.50943],[76.43673,31.5096],[76.43668,31.50973],[76.43628,31.51007],[76.43579,31.51042],[76.43546,31.51067],[76.43492,31.51123],[76.43458,31.51151],[76.43446,31.51162],[76.43425,31.51183],[76.43385,31.51198],[76.43347,31.51211],[76.43328,31.5121],[76.43316,31.51205],[76.43303,31.51201],[76.43295,31.51197],[76.43282,31.5121],[76.43271,31.51223],[76.43251,31.51244],[76.43235,31.51258],[76.43222,31.51271],[76.43203,31.51301],[76.43184,31.51322],[76.43162,31.51364],[76.43127,31.51419],[76.43103,31.51456],[76.43071,31.51467],[76.43038,31.51474],[76.43019,31.51472],[76.43001,31.51466],[76.42986,31.51461],[76.42969,31.51458],[76.42916,31.51457],[76.42893,31.51457],[76.42882,31.51457],[76.42866,31.51463],[76.4285,31.51473],[76.42818,31.51509],[76.42801,31.51521],[76.4277,31.51533],[76.42743,31.51538],[76.42728,31.51536],[76.4272,31.51537],[76.42712,31.51543],[76.42697,31.51553],[76.42692,31.51556],[76.42649,31.51585],[76.42609,31.51625],[76.42575,31.51651],[76.42559,31.51663],[76.42553,31.51676],[76.42551,31.51686],[76.42551,31.51694],[76.42547,31.51709],[76.42523,31.51735],[76.42493,31.51804],[76.42465,31.51858],[76.42418,31.51966],[76.42419,31.51976],[76.42431,31.52019],[76.42429,31.52034],[76.42418,31.52045],[76.42402,31.52062],[76.42389,31.52065],[76.42381,31.52061],[76.42369,31.52056],[76.42349,31.52051],[76.42336,31.5205],[76.42324,31.52051],[76.42274,31.52087],[76.42234,31.52116],[76.42211,31.52123],[76.42149,31.5214],[76.42061,31.52154],[76.42007,31.52164],[76.4197,31.52178],[76.41947,31.52179],[76.41932,31.52182],[76.41902,31.52203],[76.41852,31.52237],[76.41833,31.52253],[76.41808,31.52273],[76.41764,31.52342],[76.41743,31.52381],[76.41722,31.52418],[76.41709,31.52443],[76.41694,31.5246],[76.41671,31.525],[76.41638,31.52529],[76.41599,31.52592],[76.41579,31.52649],[76.41547,31.52714],[76.41522,31.5277],[76.4147,31.52864],[76.4141,31.52953],[76.41376,31.53007],[76.41336,31.53092],[76.4128,31.53186],[76.41259,31.53217],[76.41239,31.53256],[76.41202,31.53344],[76.4118,31.5338],[76.41144,31.53428],[76.41137,31.53443],[76.41131,31.53455],[76.41131,31.53468],[76.41132,31.5348],[76.41127,31.53518],[76.41125,31.53532],[76.41125,31.53543],[76.41119,31.53562],[76.41101,31.53614],[76.41106,31.53646],[76.41095,31.53675],[76.41093,31.53718],[76.411,31.53745],[76.41108,31.53786],[76.41125,31.53855],[76.4112,31.53874],[76.41105,31.53911],[76.41103,31.53939],[76.41108,31.53956],[76.41143,31.54018],[76.41173,31.54066],[76.41179,31.5408],[76.41175,31.5411],[76.4117,31.5421],[76.41159,31.54264],[76.41146,31.54298],[76.41145,31.54319]]},"properties":{"id":"osm:w1126081332","name":"","highway":"tertiary","bridge":false}},{"type":"Feature","geometry":{"type":"LineString","coordinates":[[76.64049,31.27787],[76.6405,31.27779],[76.64046,31.27774],[76.64028,31.27756],[76.64023,31.2775],[76.64025,31.27739],[76.64026,31.27727],[76.64021,31.27717],[76.64011,31.2771],[76.63999,31.27713],[76.63986,31.27721],[76.63982,31.2773],[76.63973,31.27748],[76.63967,31.27751],[76.63962,31.2775],[76.63957,31.27742],[76.63954,31.27732],[76.63951,31.27722],[76.63945,31.27707],[76.6393,31.27668],[76.63917,31.27652],[76.63909,31.27649],[76.63884,31.27649],[76.63872,31.27652],[76.63853,31.27658],[76.63838,31.27665],[76.63824,31.27668],[76.6381,31.27666],[76.63788,31.27661],[76.63764,31.27657],[76.63752,31.27659],[76.63743,31.2766],[76.63732,31.27671],[76.63725,31.27685],[76.637,31.27722],[76.63695,31.27734],[76.63692,31.27735],[76.6369,31.27734],[76.6369,31.27726],[76.6369,31.27718],[76.63693,31.27707],[76.63697,31.27695],[76.63701,31.27682],[76.63706,31.27669],[76.63715,31.27649],[76.63734,31.27614],[76.6376,31.27602],[76.63774,31.27602],[76.6378,31.276],[76.63782,31.27596],[76.6378,31.27592],[76.63761,31.27584],[76.63721,31.27576],[76.63707,31.27571],[76.63695,31.27563],[76.63683,31.27554],[76.63647,31.27547],[76.63599,31.27551],[76.63579,31.27558],[76.63565,31.27564],[76.63547,31.27567],[76.6353,31.27565],[76.63519,31.27553],[76.63509,31.27534],[76.63505,31.27524],[76.635,31.27513],[76.63496,31.27498],[76.6346,31.27468],[76.63447,31.27464],[76.63438,31.27456],[76.63422,31.27447],[76.6341,31.27434],[76.6339,31.27416],[76.63381,31.27416],[76.63371,31.27418],[76.63347,31.27422],[76.63331,31.2743],[76.63315,31.27435],[76.63297,31.27445],[76.63273,31.27459],[76.63232,31.27487],[76.63222,31.27493],[76.63203,31.27488],[76.63186,31.27492],[76.63137,31.27526],[76.63128,31.27536],[76.6311,31.27549],[76.63089,31.2757],[76.63056,31.27579],[76.63049,31.27583],[76.63039,31.27588],[76.63026,31.27591],[76.63009,31.27584],[76.6301,31.27576],[76.63015,31.27562],[76.63037,31.27525],[76.6305,31.27513],[76.63052,31.27508],[76.63052,31.27505],[76.63048,31.27503],[76.63041,31.27505],[76.63031,31.27509],[76.63014,31.27521],[76.62979,31.27539],[76.62965,31.27542],[76.62957,31.27542],[76.62946,31.27541],[76.62945,31.27531],[76.62946,31.27522],[76.62949,31.27514],[76.62962,31.27479],[76.62956,31.27462],[76.62948,31.2746],[76.62938,31.2747],[76.62929,31.27479],[76.62901,31.2751],[76.62864,31.27553],[76.6284,31.2759],[76.62833,31.27597],[76.62824,31.27603],[76.62809,31.2761],[76.62789,31.27623],[76.62779,31.27635],[76.62758,31.27648],[76.62726,31.27665],[76.62716,31.27674],[76.62699,31.27686],[76.62653,31.27709],[76.62644,31.27716],[76.62636,31.27729],[76.62631,31.27745],[76.62632,31.27756],[76.62639,31.27757],[76.62646,31.27747],[76.62659,31.27736],[76.62682,31.2772],[76.62715,31.27718],[76.62722,31.27716],[76.62738,31.27709],[76.6276,31.27709],[76.62762,31.2772],[76.62756,31.27725],[76.62741,31.27728],[76.62715,31.27738],[76.62691,31.2776],[76.62683,31.27776],[76.62683,31.27792],[76.6268,31.27801],[76.62671,31.2782],[76.62668,31.27844],[76.62672,31.27859],[76.62674,31.27874],[76.62665,31.27893],[76.62659,31.27917],[76.62667,31.27938],[76.62672,31.27946],[76.62676,31.27957],[76.62674,31.27977],[76.62669,31.2801],[76.6266,31.28038],[76.62656,31.28071],[76.62656,31.28101],[76.62667,31.28108],[76.62673,31.2811],[76.6268,31.28111],[76.62694,31.28106],[76.62717,31.28102],[76.62736,31.28093],[76.62754,31.28088],[76.62784,31.28089],[76.62806,31.28102],[76.62806,31.2814],[76.62795,31.28175],[76.62785,31.28189],[76.62775,31.28209],[76.62781,31.28219],[76.628,31.2822],[76.62835,31.28218],[76.62871,31.28213],[76.62899,31.28215],[76.62909,31.28234],[76.6291,31.28255],[76.62908,31.28303],[76.62912,31.28309],[76.62925,31.28316],[76.62966,31.28321],[76.62978,31.28335],[76.62989,31.28353],[76.63001,31.28371],[76.63002,31.28391],[76.62983,31.28443],[76.62977,31.28455],[76.62966,31.28466],[76.62954,31.28465],[76.6294,31.28458],[76.62932,31.28448],[76.62928,31.28439],[76.62929,31.28418],[76.62934,31.28403],[76.62944,31.28387],[76.62943,31.28383],[76.62935,31.28383],[76.62912,31.28385],[76.62884,31.28389],[76.62876,31.28389],[76.62864,31.28387],[76.62847,31.28383],[76.62836,31.28377],[76.62806,31.28374],[76.62765,31.2839],[76.62746,31.28396],[76.62725,31.28403],[76.62702,31.2841],[76.62652,31.28432],[76.62639,31.28441],[76.62623,31.28459],[76.62591,31.28522],[76.62583,31.28538],[76.62573,31.28588],[76.62567,31.286],[76.62557,31.28607],[76.62549,31.28607],[76.62536,31.28605],[76.62514,31.28605],[76.62488,31.28618],[76.62433,31.28643],[76.62396,31.28652],[76.62382,31.28651],[76.62361,31.28652],[76.62318,31.28661],[76.6231,31.28664],[76.62298,31.28668],[76.62285,31.28678],[76.62239,31.28721],[76.62216,31.2876],[76.62213,31.28768],[76.62214,31.28783],[76.62211,31.28801],[76.62203,31.28869],[76.62205,31.28885],[76.62209,31.28895],[76.62216,31.28927],[76.62216,31.2893],[76.62215,31.28937],[76.62207,31.28945],[76.62201,31.2895],[76.62188,31.28962],[76.6217,31.2898],[76.62166,31.29003],[76.62163,31.29018],[76.62144,31.29043],[76.62123,31.29081],[76.62107,31.29116],[76.62094,31.29159],[76.62092,31.29184],[76.62076,31.29219],[76.62062,31.29256],[76.62061,31.29262],[76.62062,31.29281],[76.62063,31.29295],[76.62056,31.29312],[76.62044,31.29338],[76.62045,31.29344],[76.6205,31.29345],[76.62054,31.29343],[76.62064,31.29338],[76.62076,31.29331],[76.62089,31.2932],[76.62113,31.29302],[76.6213,31.29294],[76.62156,31.29283],[76.62166,31.29285],[76.6217,31.2929],[76.62167,31.29303],[76.62145,31.29333],[76.62135,31.29347],[76.62123,31.29367],[76.62111,31.29398],[76.62112,31.29414],[76.62103,31.29431],[76.62088,31.29471],[76.6208,31.29487],[76.62082,31.295],[76.62086,31.29511],[76.62089,31.29534],[76.62094,31.29541],[76.62107,31.29542],[76.62125,31.2954],[76.62138,31.29541],[76.62152,31.29543],[76.62162,31.29545],[76.6219,31.29542],[76.62226,31.29541],[76.62244,31.29537],[76.62261,31.29529],[76.6227,31.29535],[76.62268,31.29548],[76.62241,31.29572],[76.62201,31.29609],[76.62194,31.29615],[76.62185,31.29613],[76.62171,31.29618],[76.62164,31.29625],[76.62156,31.29638],[76.62155,31.29649],[76.62159,31.29658],[76.6217,31.2967],[76.6217,31.29685],[76.62176,31.29691],[76.62187,31.29692],[76.62204,31.29681],[76.62239,31.2967],[76.62295,31.29662],[76.62312,31.29666],[76.62331,31.29677],[76.62365,31.29701],[76.62368,31.2971],[76.62373,31.29716],[76.62393,31.29714],[76.62401,31.29713],[76.62414,31.29709],[76.62424,31.29703],[76.62437,31.297],[76.62458,31.297],[76.62477,31.29704],[76.62499,31.29721],[76.62507,31.29734],[76.62533,31.29756],[76.62542,31.29764],[76.62541,31.29772],[76.62529,31.29784],[76.62523,31.29784],[76.62513,31.29782],[76.625,31.29772],[76.62489,31.29763],[76.62482,31.29763],[76.62478,31.29766],[76.62477,31.29771],[76.62478,31.29776],[76.62488,31.29784],[76.62527,31.298],[76.62534,31.29802],[76.62551,31.29806],[76.62559,31.29812],[76.62559,31.29823],[76.6256,31.29839],[76.62571,31.29849],[76.6258,31.29859],[76.62604,31.29876],[76.62614,31.29886],[76.62615,31.29898],[76.62605,31.29912],[76.62584,31.29939],[76.62578,31.29946],[76.62574,31.29948],[76.6257,31.29947],[76.62569,31.29943],[76.62573,31.29933],[76.62588,31.29907],[76.62593,31.2989],[76.62586,31.29878],[76.6255,31.2986],[76.62533,31.29855],[76.6253,31.29847],[76.62525,31.29829],[76.62514,31.29821],[76.62486,31.29825],[76.62441,31.29822],[76.62419,31.29824],[76.62403,31.29831],[76.62378,31.29847],[76.62329,31.29865],[76.62308,31.29873],[76.62292,31.29877],[76.62269,31.29879],[76.62256,31.29885],[76.62238,31.29898],[76.62231,31.29907],[76.62227,31.29915],[76.62212,31.29925],[76.6219,31.29939],[76.62175,31.29949],[76.62162,31.29949],[76.62154,31.29945],[76.62148,31.29936],[76.62136,31.29929],[76.62094,31.29917],[76.62087,31.29916],[76.62075,31.29909],[76.62062,31.29908],[76.62042,31.29916],[76.62011,31.29925],[76.62001,31.29926],[76.61985,31.29926],[76.6197,31.29926],[76.61955,31.29929],[76.61936,31.29927],[76.61925,31.29914],[76.61879,31.29874],[76.61863,31.29856],[76.61841,31.29849],[76.61831,31.29844],[76.61827,31.29838],[76.61824,31.29832],[76.61807,31.29822],[76.61801,31.29822],[76.61792,31.29821],[76.61779,31.2983],[76.61736,31.29889],[76.61735,31.29902],[76.6174,31.29909],[76.61747,31.29923],[76.61741,31.29956],[76.61742,31.29965],[76.6175,31.2997],[76.61766,31.29974],[76.61775,31.29983],[76.61773,31.29997],[76.61765,31.30012],[76.61756,31.30017],[76.61746,31.30016],[76.61717,31.30022],[76.61701,31.30029],[76.61692,31.30028],[76.61684,31.30024],[76.6167,31.30018],[76.6165,31.30017],[76.61627,31.30024],[76.61622,31.30028],[76.61622,31.30033],[76.61625,31.30037],[76.61635,31.30042],[76.61643,31.30053],[76.61643,31.30072],[76.61629,31.30092],[76.61624,31.30111],[76.61629,31.30123],[76.61632,31.30133],[76.61628,31.30144],[76.61613,31.30173],[76.61607,31.30182],[76.61591,31.30188],[76.61579,31.30195],[76.61573,31.30205],[76.61567,31.30219],[76.6155,31.3023],[76.61537,31.30231],[76.61522,31.30232],[76.61512,31.30238],[76.61501,31.30254],[76.61492,31.30287],[76.6149,31.30323],[76.61494,31.30332],[76.61504,31.30333],[76.61551,31.30309],[76.61563,31.30306],[76.61573,31.30309],[76.6158,31.30314],[76.61582,31.30323],[76.61584,31.30341],[76.61581,31.30357],[76.61581,31.30377],[76.61574,31.30421],[76.61567,31.30463],[76.61559,31.30483],[76.61551,31.30505],[76.61552,31.30545],[76.61557,31.30553],[76.61569,31.30553],[76.61585,31.30547],[76.61596,31.30542],[76.61614,31.30528],[76.61636,31.30519],[76.61655,31.30524],[76.61661,31.30538],[76.61668,31.30563],[76.61671,31.3058],[76.61671,31.30588],[76.61681,31.30595],[76.61699,31.30603],[76.61723,31.30613],[76.6174,31.30625],[76.61751,31.30628],[76.61766,31.30631],[76.61782,31.30632],[76.61803,31.30635],[76.61823,31.30636],[76.61834,31.30641],[76.61845,31.30658],[76.61846,31.30672],[76.61834,31.30681],[76.61824,31.30681],[76.61814,31.30676],[76.61801,31.30672],[76.6178,31.30676],[76.61762,31.30679],[76.6173,31.30682],[76.617,31.30693],[76.61686,31.30694],[76.61656,31.30699],[76.61606,31.307],[76.61587,31.30702],[76.61574,31.30699],[76.61555,31.30698],[76.61514,31.30707],[76.61508,31.30708],[76.61495,31.30705],[76.61487,31.30698],[76.6146,31.30688],[76.61452,31.30677],[76.61448,31.30663],[76.61428,31.30662],[76.61378,31.30662],[76.61363,31.30658],[76.61334,31.30654],[76.61272,31.30658],[76.61262,31.30661],[76.61232,31.30686],[76.61225,31.307],[76.61226,31.3072],[76.61226,31.30744],[76.61224,31.30796],[76.61223,31.30845],[76.61216,31.30857],[76.61201,31.30866],[76.6119,31.30869],[76.61157,31.30876],[76.61141,31.30876],[76.61122,31.30876],[76.61095,31.3087],[76.61076,31.30866],[76.61066,31.30864],[76.61059,31.30859],[76.61051,31.30861],[76.61042,31.30868],[76.61032,31.30879],[76.61015,31.30892],[76.6099,31.30922],[76.60974,31.30929],[76.60961,31.30933],[76.6095,31.30933],[76.60939,31.30931],[76.60926,31.30944],[76.60915,31.30981],[76.60908,31.31001],[76.60897,31.31018],[76.60869,31.31062],[76.60867,31.3108],[76.60866,31.31095],[76.60861,31.31105],[76.60847,31.31107],[76.60834,31.31109],[76.60815,31.31109],[76.60797,31.31115],[76.60788,31.31115],[76.60786,31.31108],[76.60786,31.31098],[76.60787,31.31086],[76.6079,31.31045],[76.60787,31.31035],[76.6076,31.3104],[76.60745,31.31051],[76.60691,31.31083],[76.60672,31.31093],[76.60662,31.31094],[76.60654,31.31089],[76.60651,31.3108],[76.6065,31.31069],[76.60651,31.3105],[76.60658,31.3103],[76.60673,31.31012],[76.60683,31.30997],[76.60689,31.3098],[76.60689,31.30971],[76.60685,31.30964],[76.60676,31.30963],[76.60667,31.30966],[76.60651,31.30972],[76.60635,31.30981],[76.60603,31.31002],[76.60584,31.31014],[76.60565,31.31022],[76.60543,31.31024],[76.60531,31.31025],[76.60507,31.31029],[76.60472,31.31033],[76.60454,31.31033],[76.60444,31.31036],[76.60433,31.31044],[76.60428,31.31066],[76.60427,31.31092],[76.60427,31.31123],[76.60426,31.31147],[76.60418,31.31187],[76.60418,31.31194],[76.60425,31.312],[76.60437,31.31197],[76.60452,31.31193],[76.60473,31.31189],[76.60491,31.31192],[76.60504,31.31203],[76.60508,31.31225],[76.60506,31.31253],[76.60498,31.31293],[76.60486,31.31321],[76.60451,31.31367],[76.60446,31.31381],[76.60447,31.31394],[76.6045,31.314],[76.60458,31.3141],[76.60475,31.31419],[76.6049,31.3143],[76.60496,31.3146],[76.60496,31.31475],[76.60488,31.31482],[76.60476,31.31488],[76.60449,31.31496],[76.60434,31.31499],[76.60429,31.315],[76.60418,31.31498],[76.60408,31.31491],[76.60402,31.31493],[76.60393,31.31509],[76.60389,31.31517],[76.60382,31.31523],[76.60356,31.31529],[76.60349,31.31527],[76.60332,31.31526],[76.60317,31.31526],[76.60299,31.3153],[76.60275,31.31547],[76.60249,31.31566],[76.60231,31.31571],[76.60219,31.31575],[76.60214,31.31577],[76.60208,31.3158],[76.60196,31.31579],[76.60181,31.31584],[76.60177,31.31598],[76.60181,31.31612],[76.60178,31.31644],[76.60166,31.31681],[76.60141,31.31733],[76.60123,31.31772],[76.6009,31.31797],[76.6006,31.31837],[76.60047,31.31859],[76.6005,31.31863],[76.60064,31.3186],[76.60079,31.31855],[76.60109,31.31839],[76.60131,31.31845],[76.60133,31.31848],[76.60135,31.31858],[76.60138,31.31878],[76.60136,31.3189],[76.60133,31.31902],[76.60129,31.31916],[76.60124,31.31935],[76.6012,31.31949],[76.60116,31.31958],[76.60098,31.31972],[76.60091,31.31986],[76.60076,31.31995],[76.60048,31.32],[76.60038,31.32002],[76.6002,31.32009],[76.60004,31.32019],[76.59997,31.32023],[76.59988,31.32028],[76.59985,31.32034],[76.59987,31.32039],[76.59993,31.32041],[76.60004,31.32043],[76.60015,31.32046],[76.60021,31.32066],[76.60027,31.32087],[76.6003,31.32096],[76.60038,31.32099],[76.60048,31.32107],[76.60053,31.32122],[76.60064,31.3216],[76.6007,31.32165],[76.60081,31.32172],[76.60091,31.32181],[76.60104,31.32194],[76.6011,31.32209],[76.60118,31.32228],[76.60114,31.32241],[76.60108,31.32247],[76.60096,31.32243],[76.60093,31.3224],[76.60083,31.32227],[76.60073,31.32222],[76.60051,31.32221],[76.60036,31.3222],[76.60016,31.32215],[76.59995,31.32205],[76.59938,31.32168],[76.59931,31.32161],[76.59916,31.3216],[76.59903,31.32162],[76.59882,31.32164],[76.59861,31.32169],[76.59841,31.32171],[76.59824,31.32172],[76.59804,31.32173],[76.59776,31.32173],[76.5977,31.32165],[76.59769,31.32157],[76.59769,31.32148],[76.59778,31.32129],[76.5978,31.32114],[76.59772,31.32106],[76.59737,31.32107],[76.59729,31.32109],[76.59712,31.32113],[76.59698,31.3211],[76.5969,31.32108],[76.59679,31.32104],[76.59642,31.32108],[76.59627,31.32112],[76.59615,31.32119],[76.59606,31.32126],[76.59599,31.32134],[76.59583,31.32146],[76.59565,31.32153],[76.59551,31.32161],[76.5955,31.32165],[76.59556,31.32168],[76.59579,31.32163],[76.59598,31.32158],[76.59609,31.32152],[76.59625,31.32144],[76.59636,31.32138],[76.59642,31.32139],[76.59644,31.32143],[76.59644,31.32147],[76.59639,31.32152],[76.59623,31.32161],[76.59615,31.32166],[76.59604,31.32172],[76.59584,31.3218],[76.5953,31.32224],[76.59522,31.32238],[76.59512,31.32256],[76.59499,31.32267],[76.59482,31.32272],[76.59469,31.32273],[76.5945,31.32273],[76.59416,31.32283],[76.59399,31.32293],[76.59379,31.323],[76.59358,31.32306],[76.59344,31.32312],[76.59324,31.32312],[76.593,31.32308],[76.59293,31.32309],[76.59273,31.32322],[76.59268,31.32331],[76.59267,31.32346],[76.59264,31.32358],[76.59258,31.32374],[76.59254,31.32396],[76.59247,31.32427],[76.59217,31.32461],[76.59213,31.32478],[76.59215,31.32492],[76.59215,31.32506],[76.59213,31.32527],[76.59202,31.3254],[76.59203,31.32558],[76.59202,31.32563],[76.59201,31.32575],[76.59188,31.32587],[76.5914,31.32617],[76.59122,31.32632],[76.59111,31.32651],[76.59095,31.32687],[76.591,31.32725],[76.59106,31.32737],[76.59117,31.32748],[76.5912,31.32762],[76.5912,31.32778],[76.59118,31.32792],[76.59114,31.32805],[76.59102,31.32813],[76.59089,31.32815],[76.59073,31.32814],[76.59062,31.32808],[76.59035,31.32805],[76.59009,31.32809],[76.58997,31.32809],[76.58961,31.32804],[76.58947,31.32803],[76.58937,31.32809],[76.58938,31.32829],[76.58927,31.32899],[76.58918,31.32936],[76.58931,31.3295],[76.58937,31.32967],[76.58931,31.33011],[76.58923,31.33059],[76.58927,31.33082],[76.58921,31.33097],[76.58913,31.33098],[76.58878,31.33085],[76.58872,31.33082],[76.5886,31.33064],[76.58853,31.3305],[76.58843,31.33029],[76.58843,31.33008],[76.58843,31.32989],[76.58838,31.32983],[76.58823,31.32976],[76.58805,31.32973],[76.58785,31.32978],[76.58757,31.32987],[76.58694,31.33022],[76.58662,31.33043],[76.58626,31.33064],[76.58614,31.33069],[76.58596,31.33073],[76.58573,31.33081],[76.58558,31.33086],[76.58536,31.33094],[76.58511,31.33099],[76.585,31.33107],[76.58497,31.33122],[76.58492,31.33136],[76.58485,31.33154],[76.58471,31.33195],[76.58455,31.33241],[76.58442,31.33271],[76.58434,31.33296],[76.58427,31.33308],[76.58402,31.33337],[76.58389,31.33361],[76.58389,31.33379],[76.58382,31.334],[76.58353,31.33472],[76.5832,31.33516],[76.58299,31.33544],[76.58295,31.33561],[76.58296,31.33574],[76.58303,31.33582],[76.58313,31.33582],[76.58332,31.33573],[76.58356,31.33572],[76.58387,31.33569],[76.58423,31.33564],[76.58441,31.33559],[76.58447,31.33565],[76.58447,31.33576],[76.58441,31.3359],[76.58434,31.33605],[76.58441,31.33616],[76.58442,31.33634],[76.58433,31.33652],[76.58423,31.33671],[76.58418,31.33697],[76.58409,31.33705],[76.58396,31.33702],[76.58384,31.33693],[76.58377,31.33676],[76.58364,31.33668],[76.58345,31.33671],[76.58326,31.33682],[76.58318,31.337],[76.58311,31.33707],[76.58298,31.33712],[76.58274,31.33711],[76.58269,31.33703],[76.58261,31.33694],[76.58247,31.33691],[76.58232,31.33696],[76.58206,31.33708],[76.58172,31.33724],[76.58155,31.33752],[76.58112,31.33788],[76.58089,31.33806],[76.5808,31.33823],[76.58074,31.33855],[76.58074,31.33876],[76.58085,31.3389],[76.58105,31.33891],[76.58134,31.33889],[76.58159,31.33933],[76.58167,31.33947],[76.58179,31.33965],[76.58183,31.33992],[76.58177,31.34041],[76.5818,31.34053],[76.58199,31.34075],[76.58204,31.34098],[76.58216,31.34119],[76.58221,31.34132],[76.58217,31.34142],[76.58205,31.34147],[76.58185,31.34147],[76.58163,31.34145],[76.58144,31.34141],[76.58113,31.34139],[76.58083,31.34136],[76.58058,31.34132],[76.58025,31.34126],[76.58014,31.34112],[76.58011,31.34094],[76.57989,31.34088],[76.57943,31.34102],[76.57914,31.34112],[76.57884,31.34113],[76.57856,31.34124],[76.57842,31.3414],[76.57842,31.34161],[76.57845,31.34178],[76.57847,31.34198],[76.57838,31.34224],[76.57827,31.3426],[76.57827,31.34266],[76.57832,31.3427],[76.5784,31.3427],[76.57848,31.34265],[76.57864,31.34253],[76.57874,31.34253],[76.57879,31.34259],[76.57885,31.34304],[76.57884,31.34329],[76.57869,31.34353],[76.57861,31.34375],[76.57861,31.34391],[76.57877,31.34409],[76.57893,31.34419],[76.57906,31.34433],[76.5792,31.34456],[76.57934,31.34475],[76.57948,31.34496],[76.57948,31.34514],[76.57941,31.34523],[76.57926,31.34521],[76.5791,31.34508],[76.57898,31.34498],[76.57882,31.3449],[76.57864,31.3448],[76.57824,31.34472],[76.57795,31.34461],[76.57768,31.34456],[76.57725,31.34464],[76.57701,31.34462],[76.57683,31.34456],[76.57649,31.34463],[76.57632,31.34458],[76.57627,31.34452],[76.57623,31.34438],[76.57613,31.34435],[76.5759,31.34448],[76.57577,31.34451],[76.57566,31.34447],[76.57547,31.34441],[76.57524,31.34436],[76.57512,31.34429],[76.57503,31.34419],[76.57491,31.34417],[76.57478,31.34426],[76.57455,31.34443],[76.57444,31.34463],[76.57434,31.34486],[76.57427,31.34501],[76.57424,31.34521],[76.5742,31.34543],[76.574,31.34547],[76.57377,31.34543],[76.57346,31.34544],[76.57326,31.34556],[76.57323,31.34571],[76.57321,31.34592],[76.57322,31.34614],[76.57314,31.34631],[76.57312,31.34648],[76.57307,31.34674],[76.57285,31.34693],[76.5727,31.34698],[76.57258,31.34698],[76.57248,31.34694],[76.57246,31.3469],[76.57247,31.34682],[76.5725,31.34675],[76.57257,31.34668],[76.5726,31.34661],[76.57258,31.34654],[76.57247,31.34647],[76.57231,31.34645],[76.57214,31.34649],[76.5717,31.34676],[76.57101,31.34708],[76.57063,31.34733],[76.57048,31.34751],[76.57039,31.34775],[76.5702,31.34823],[76.56991,31.34863],[76.56945,31.34931],[76.56942,31.34948],[76.56943,31.3496],[76.56944,31.34973],[76.56945,31.34983],[76.56951,31.34989],[76.5696,31.34986],[76.56974,31.34973],[76.56995,31.3495],[76.57007,31.34949],[76.57018,31.34954],[76.5702,31.34965],[76.57008,31.34998],[76.57018,31.35015],[76.57031,31.3502],[76.57041,31.35029],[76.57044,31.3504],[76.57045,31.35054],[76.5704,31.35064],[76.57028,31.35071],[76.57015,31.35074],[76.56992,31.35081],[76.56954,31.35118],[76.56944,31.35125],[76.56929,31.3513],[76.56919,31.35131],[76.5691,31.35134],[76.56899,31.35144],[76.56881,31.35153],[76.56867,31.35153],[76.5684,31.35162],[76.56805,31.3517],[76.56805,31.35224],[76.5681,31.35233],[76.56818,31.35236],[76.56836,31.35233],[76.5685,31.35242],[76.5685,31.3528],[76.56852,31.3529],[76.5686,31.35296],[76.56874,31.353],[76.56884,31.35308],[76.56891,31.35329],[76.56887,31.35356],[76.56868,31.35413],[76.5687,31.35427],[76.56874,31.35433],[76.5691,31.35453],[76.56926,31.35473],[76.56926,31.35488],[76.56923,31.35504],[76.56918,31.3552],[76.56921,31.35527],[76.56927,31.35539],[76.56936,31.35543],[76.5695,31.35544],[76.5696,31.35535],[76.56972,31.35525],[76.56986,31.35526],[76.56998,31.35538],[76.57002,31.3555],[76.57008,31.35564],[76.5702,31.35567],[76.57073,31.35549],[76.57082,31.35537],[76.57102,31.35522],[76.57127,31.35514],[76.57136,31.35515],[76.57147,31.35515],[76.57166,31.35518],[76.57174,31.35521],[76.57188,31.35521],[76.57198,31.35516],[76.57205,31.35508],[76.57217,31.35497],[76.57236,31.35482],[76.57293,31.35465],[76.57306,31.35461],[76.57328,31.35466],[76.57339,31.35476],[76.57348,31.35507],[76.57349,31.35524],[76.57347,31.35544],[76.57335,31.35554],[76.57312,31.35567],[76.57302,31.35574],[76.57292,31.35587],[76.57284,31.35599],[76.57272,31.35612],[76.57262,31.35623],[76.57256,31.3565],[76.57256,31.3569],[76.5726,31.35703],[76.57267,31.35709],[76.57278,31.35717],[76.57279,31.3573],[76.57264,31.35756],[76.57219,31.35771],[76.57211,31.35768],[76.57207,31.35764],[76.57205,31.35752],[76.57194,31.35752],[76.5718,31.35754],[76.57161,31.35759],[76.57142,31.35764],[76.57126,31.35768],[76.57106,31.35769],[76.57092,31.35785],[76.57075,31.35816],[76.57067,31.35836],[76.57063,31.35863],[76.57035,31.35893],[76.57024,31.35898],[76.57007,31.359],[76.56983,31.35903],[76.56972,31.35907],[76.56953,31.35916],[76.56938,31.35921],[76.56922,31.35922],[76.56882,31.35946],[76.56862,31.35957],[76.56848,31.3596],[76.5684,31.35968],[76.5685,31.36006],[76.5685,31.36025],[76.56847,31.36046],[76.56838,31.36072],[76.5683,31.36087],[76.56821,31.36107],[76.56812,31.36126],[76.56803,31.36144],[76.56801,31.36147],[76.56797,31.36148],[76.56793,31.36147],[76.56791,31.36143],[76.56791,31.36133],[76.56793,31.36125],[76.56799,31.36111],[76.56807,31.36091],[76.5681,31.36064],[76.56807,31.36051],[76.56796,31.36044],[76.56783,31.36039],[76.56772,31.36045],[76.56754,31.3606],[76.56739,31.36075],[76.56709,31.36111],[76.56643,31.36178],[76.56633,31.36187],[76.56625,31.36186],[76.56618,31.36173],[76.56603,31.3614],[76.56578,31.3613],[76.56564,31.36125],[76.56554,31.36121],[76.56547,31.36118],[76.56534,31.36117],[76.56522,31.36116],[76.56514,31.36111],[76.56496,31.36086],[76.56496,31.36079],[76.56497,31.36064],[76.56493,31.36054],[76.56482,31.36053],[76.56462,31.36058],[76.56414,31.36056],[76.56401,31.36051],[76.56388,31.3604],[76.56379,31.36027],[76.5637,31.36017],[76.56347,31.36017],[76.56326,31.36024],[76.5631,31.36032],[76.56274,31.36036],[76.5626,31.36034],[76.56245,31.36052],[76.56222,31.36085],[76.56217,31.36116],[76.56214,31.36136],[76.56214,31.36149],[76.56214,31.3616],[76.56214,31.36176],[76.56213,31.36188],[76.56204,31.36192],[76.56187,31.36192],[76.56179,31.36189],[76.56171,31.36184],[76.56159,31.36177],[76.56145,31.36172],[76.56126,31.36165],[76.56092,31.36171],[76.5609,31.3617],[76.56087,31.36162],[76.56085,31.36155],[76.56078,31.36152],[76.56072,31.36153],[76.56059,31.36161],[76.56036,31.36173],[76.56023,31.3618],[76.56014,31.36182],[76.5601,31.36178],[76.56011,31.3617],[76.56016,31.3616],[76.56028,31.3614],[76.56041,31.36126],[76.56072,31.36092],[76.56073,31.36087],[76.56071,31.36082],[76.56064,31.36082],[76.56049,31.3609],[76.55992,31.36125],[76.55965,31.3614],[76.55953,31.36146],[76.55948,31.36145],[76.55947,31.3614],[76.55951,31.36128],[76.55961,31.36113],[76.5596,31.36109],[76.55954,31.36106],[76.55926,31.36111],[76.55887,31.36124],[76.55836,31.3615],[76.55826,31.36152],[76.55812,31.36152],[76.55793,31.3616],[76.55783,31.36173],[76.55771,31.36218],[76.55758,31.36241],[76.55754,31.3626],[76.55758,31.36271],[76.55769,31.36298],[76.55762,31.36326],[76.55754,31.36333],[76.55744,31.36333],[76.55734,31.36333],[76.55719,31.36332],[76.55704,31.36331],[76.55687,31.36333],[76.55672,31.36339],[76.55664,31.36348],[76.55652,31.36368],[76.55647,31.36387],[76.55646,31.36407],[76.55664,31.36434],[76.5567,31.36435],[76.55682,31.36434],[76.55695,31.36437],[76.55706,31.36452],[76.55706,31.36471],[76.55689,31.36497],[76.55694,31.3651],[76.55703,31.36517],[76.5571,31.36525],[76.55707,31.36532],[76.55698,31.36536],[76.55686,31.36536],[76.55663,31.36541],[76.55645,31.36551],[76.55641,31.36561],[76.55633,31.3658],[76.55618,31.36608],[76.55611,31.36625],[76.55614,31.36635],[76.55627,31.36638],[76.5564,31.36646],[76.55639,31.36661],[76.55625,31.36689],[76.55632,31.36712],[76.55642,31.3673],[76.55636,31.36739],[76.55623,31.36744],[76.55603,31.36756],[76.55572,31.3679],[76.55566,31.36801],[76.55565,31.36817],[76.55565,31.36851],[76.55567,31.36857],[76.55583,31.36873],[76.55597,31.36926],[76.55607,31.36996],[76.55609,31.37018],[76.55614,31.37029],[76.55624,31.3704],[76.55644,31.37045],[76.55659,31.37045],[76.55668,31.37038],[76.55684,31.37021],[76.55698,31.37014],[76.55711,31.37017],[76.55716,31.37032],[76.5572,31.37051],[76.5572,31.37063],[76.55709,31.37072],[76.55696,31.37092],[76.55694,31.37104],[76.55694,31.37114],[76.55699,31.37135],[76.55707,31.3715],[76.55724,31.37172],[76.55722,31.37201],[76.55722,31.3721],[76.55726,31.37219],[76.55737,31.37224],[76.55753,31.37228],[76.55767,31.37234],[76.55787,31.37239],[76.55797,31.37269],[76.55785,31.37287],[76.55751,31.37343],[76.55734,31.37366],[76.55716,31.37408],[76.55689,31.37454],[76.55673,31.37477],[76.55661,31.37509],[76.55636,31.37541],[76.55585,31.376],[76.55544,31.37648],[76.55505,31.37685],[76.55464,31.37747],[76.55465,31.37759],[76.55466,31.37769],[76.55466,31.37779],[76.55458,31.37791],[76.55447,31.37801],[76.55422,31.37817],[76.55409,31.37821],[76.554,31.37822],[76.55387,31.37822],[76.55369,31.37827],[76.55354,31.37835],[76.55336,31.37846],[76.55314,31.37859],[76.55293,31.37879],[76.55265,31.37907],[76.55232,31.37943],[76.55208,31.37961],[76.55161,31.37988],[76.55145,31.38],[76.55127,31.38014],[76.55086,31.38045],[76.55077,31.38051],[76.55059,31.38058],[76.55046,31.38064],[76.5503,31.38075],[76.55011,31.38088],[76.5499,31.38096],[76.54965,31.38098],[76.54907,31.38088],[76.54902,31.38084],[76.549,31.38076],[76.549,31.38065],[76.54909,31.38037],[76.54916,31.38016],[76.54919,31.38011],[76.54929,31.38001],[76.54939,31.37989],[76.5495,31.37977],[76.5496,31.37963],[76.54966,31.37948],[76.54964,31.37939],[76.54919,31.37918],[76.54905,31.37912],[76.54896,31.37912],[76.54886,31.37917],[76.54869,31.37927],[76.54862,31.37933],[76.54836,31.3795],[76.54822,31.37958],[76.54805,31.37965],[76.54777,31.37963],[76.54764,31.37958],[76.54755,31.37954],[76.54745,31.37949],[76.54725,31.37953],[76.54709,31.37961],[76.54676,31.38007],[76.54667,31.38023],[76.5466,31.3803],[76.54642,31.38034],[76.54611,31.38064],[76.546,31.38075],[76.54577,31.3809],[76.54553,31.38124],[76.54536,31.38159],[76.54536,31.38172],[76.54527,31.38192],[76.54518,31.38205],[76.54509,31.38208],[76.54497,31.38206],[76.54487,31.38198],[76.5447,31.38196],[76.54426,31.38226],[76.54415,31.38236],[76.54407,31.38247],[76.54398,31.38281],[76.544,31.3829],[76.54401,31.38302],[76.54391,31.38307],[76.54381,31.38306],[76.54367,31.38306],[76.54355,31.38309],[76.54335,31.38316],[76.54332,31.38307],[76.54332,31.38298],[76.54328,31.38258],[76.54326,31.38244],[76.54318,31.38237],[76.5431,31.38233],[76.54298,31.38232],[76.54285,31.38235],[76.54263,31.38245],[76.54259,31.38257],[76.54254,31.38289],[76.54226,31.38347],[76.54213,31.38395],[76.54213,31.38409],[76.54219,31.38422],[76.54231,31.38433],[76.54257,31.38442],[76.54292,31.3845],[76.54296,31.38461],[76.54307,31.38483],[76.54311,31.38503],[76.54307,31.38519],[76.54309,31.38531],[76.54313,31.38551],[76.54321,31.38584],[76.5432,31.386],[76.54315,31.38617],[76.54299,31.38632],[76.54264,31.3864],[76.54255,31.38639],[76.5424,31.38634],[76.54226,31.38628],[76.54217,31.38628],[76.54204,31.38632],[76.54193,31.38644],[76.54174,31.38668],[76.54167,31.38673],[76.54151,31.38677],[76.54139,31.3868],[76.5413,31.38687],[76.54116,31.38698],[76.54104,31.3871],[76.54083,31.38723],[76.5407,31.38737],[76.54066,31.38771],[76.54065,31.38787],[76.54057,31.38818],[76.54046,31.38837],[76.54044,31.38848],[76.54045,31.38859],[76.54049,31.38864],[76.54058,31.38869],[76.54088,31.38865],[76.54106,31.38865],[76.54129,31.38862],[76.54145,31.3885],[76.54166,31.38844],[76.54196,31.38846],[76.54255,31.38805],[76.54315,31.38774],[76.54346,31.38754],[76.54359,31.38749],[76.54385,31.38748],[76.54434,31.38738],[76.54443,31.38741],[76.54453,31.38751],[76.54444,31.38783],[76.5443,31.38834],[76.5443,31.38854],[76.54432,31.38873],[76.54428,31.38885],[76.54409,31.38916],[76.54407,31.38926],[76.54414,31.38936],[76.54417,31.38949],[76.54424,31.38967],[76.54429,31.39024],[76.54434,31.39038],[76.54444,31.39053],[76.54448,31.39087],[76.54446,31.39108],[76.54441,31.39128],[76.54426,31.39139],[76.54419,31.39143],[76.54406,31.39146],[76.54393,31.3915],[76.54386,31.39164],[76.54386,31.39172],[76.5438,31.39206],[76.5438,31.3923],[76.54387,31.39235],[76.54395,31.39237],[76.54411,31.39236],[76.54429,31.39235],[76.54445,31.39245],[76.54461,31.3926],[76.54471,31.39271],[76.54474,31.39275],[76.54473,31.39291],[76.54471,31.39302],[76.54482,31.3931],[76.54497,31.39309],[76.54532,31.39308],[76.54545,31.39312],[76.54552,31.3932],[76.54548,31.39328],[76.54534,31.39346],[76.54524,31.39365],[76.54509,31.3939],[76.54507,31.39403],[76.54509,31.39414],[76.54515,31.39421],[76.54538,31.39426],[76.54545,31.39438],[76.54546,31.39473],[76.54546,31.3949],[76.54539,31.3951],[76.54541,31.39528],[76.54541,31.3955],[76.54541,31.39561],[76.54548,31.39572],[76.54559,31.39576],[76.54572,31.39586],[76.54586,31.39614],[76.54598,31.39616],[76.5462,31.39618],[76.54625,31.39625],[76.54626,31.39639],[76.54624,31.39649],[76.54626,31.39657],[76.54633,31.39663],[76.54643,31.39664],[76.54659,31.39657],[76.54676,31.3965],[76.54695,31.39644],[76.54718,31.39633],[76.54735,31.39616],[76.54767,31.39597],[76.5478,31.39584],[76.54799,31.39566],[76.54824,31.39544],[76.5484,31.39536],[76.54865,31.39526],[76.54897,31.39519],[76.54911,31.39516],[76.54932,31.39515],[76.54973,31.395],[76.55001,31.395],[76.55027,31.3951],[76.55042,31.39516],[76.55065,31.39524],[76.55107,31.39526],[76.55129,31.39527],[76.55154,31.39521],[76.55173,31.39515],[76.55206,31.3951],[76.55225,31.39511],[76.5524,31.39522],[76.55256,31.39546],[76.55267,31.39568],[76.55263,31.39585],[76.55253,31.39598],[76.55249,31.39604],[76.5524,31.39612],[76.55237,31.3962],[76.55243,31.39626],[76.55253,31.39628],[76.55274,31.39624],[76.55338,31.39595],[76.55353,31.39588],[76.55372,31.39592],[76.55378,31.39596],[76.55384,31.396],[76.55395,31.39608],[76.55408,31.3961],[76.55422,31.39607],[76.55443,31.39591],[76.55449,31.39581],[76.5545,31.39571],[76.55442,31.39556],[76.55442,31.39547],[76.55448,31.39541],[76.55459,31.39537],[76.55476,31.39543],[76.55495,31.39548],[76.55505,31.39545],[76.55509,31.39535],[76.55506,31.39517],[76.55511,31.39497],[76.55522,31.39484],[76.55568,31.39463],[76.55584,31.39457],[76.55602,31.39456],[76.55614,31.39459],[76.55635,31.39466],[76.55659,31.39468],[76.55674,31.39464],[76.55691,31.39455],[76.55709,31.39438],[76.55722,31.39433],[76.55737,31.39438],[76.55743,31.39448],[76.55748,31.39465],[76.55756,31.39468],[76.55764,31.39467],[76.55777,31.3946],[76.55795,31.39447],[76.55813,31.39435],[76.55828,31.39436]]},"properties":{"id":"osm:w1126081335","name":"","highway":"tertiary","bridge":false}},{"type":"Feature","geometry":{"type":"LineString","coordinates":[[76.58264,31.37137],[76.58276,31.37125],[76.58288,31.37117],[76.583,31.37105],[76.58312,31.37087],[76.58317,31.37072],[76.58329,31.37056],[76.58347,31.3705],[76.58367,31.37042],[76.58378,31.37033],[76.58383,31.37016],[76.58389,31.3697],[76.58391,31.36949],[76.58393,31.36934],[76.58406,31.36904],[76.58408,31.36894],[76.58401,31.36861],[76.58403,31.36822],[76.58399,31.36812],[76.58395,31.3677],[76.5839,31.36754],[76.5839,31.36739],[76.58393,31.36724],[76.58385,31.36698],[76.58386,31.36685],[76.58395,31.36672],[76.58407,31.36664],[76.58429,31.36668],[76.5844,31.36671],[76.58456,31.36672],[76.58473,31.36668],[76.58507,31.36663],[76.5855,31.36666],[76.58585,31.36673],[76.58605,31.36669],[76.58649,31.36666],[76.58686,31.36676],[76.58707,31.36684],[76.58719,31.36685],[76.58734,31.36683],[76.58776,31.36667],[76.58809,31.36654],[76.5883,31.36651],[76.58845,31.36644],[76.5886,31.36633],[76.58874,31.3662],[76.58886,31.36607],[76.58899,31.36594],[76.58904,31.3658],[76.5891,31.36565],[76.58926,31.36545],[76.58972,31.36534],[76.58987,31.36543],[76.58999,31.36544],[76.59018,31.36545],[76.59035,31.36545],[76.59066,31.3654],[76.59098,31.36533],[76.59128,31.36523],[76.59173,31.36505],[76.59195,31.36499],[76.59215,31.36497],[76.5923,31.36492],[76.59242,31.36481],[76.59254,31.36467],[76.59285,31.36438],[76.59299,31.36425],[76.59318,31.36422],[76.59337,31.36418],[76.59346,31.36412],[76.59364,31.36395],[76.59372,31.36372],[76.59366,31.36357],[76.59363,31.36347],[76.59356,31.36323],[76.59358,31.36313],[76.59368,31.36304],[76.59379,31.36303],[76.59417,31.36294],[76.5944,31.3629],[76.59452,31.36287],[76.59469,31.36279],[76.59496,31.36264],[76.59504,31.36254],[76.59537,31.36213],[76.59559,31.36203],[76.59576,31.36195],[76.59593,31.36187],[76.59611,31.36179],[76.59621,31.36169],[76.59654,31.36117],[76.59673,31.36089],[76.59683,31.36072],[76.59682,31.36059],[76.5968,31.36043],[76.5968,31.36036],[76.59685,31.36012],[76.59701,31.35991],[76.59719,31.35988],[76.5974,31.35991],[76.59751,31.35993],[76.59774,31.35988],[76.59787,31.35982],[76.59807,31.3597],[76.59859,31.35936],[76.59906,31.35894],[76.59925,31.35885],[76.59968,31.35878],[76.59993,31.35863],[76.6003,31.35826],[76.60069,31.35798],[76.6009,31.35787],[76.60113,31.35774],[76.60142,31.3576],[76.60204,31.35734],[76.60218,31.35738],[76.60232,31.3574],[76.60243,31.35738],[76.60251,31.35726],[76.60248,31.35717],[76.60255,31.35702],[76.60265,31.35687],[76.60287,31.35662],[76.60285,31.35643],[76.60278,31.3563],[76.60273,31.35621],[76.60273,31.35614],[76.60291,31.35597],[76.60292,31.35582],[76.60277,31.35562],[76.60261,31.35546],[76.60213,31.35492],[76.60191,31.35471],[76.60182,31.35459],[76.60177,31.35446],[76.60178,31.35441],[76.60193,31.35445],[76.60215,31.35469],[76.60227,31.35486],[76.60238,31.355],[76.60249,31.35507],[76.60264,31.35508],[76.60277,31.35508],[76.603,31.355],[76.60309,31.35494],[76.60326,31.35481],[76.60334,31.35468],[76.60343,31.35457],[76.60358,31.3545],[76.60392,31.35444],[76.60415,31.35444],[76.60422,31.35456],[76.60433,31.35463],[76.60448,31.35463],[76.60466,31.35452],[76.60483,31.35447],[76.60492,31.35445],[76.60497,31.35437],[76.60491,31.35419],[76.60486,31.35403],[76.60483,31.35363],[76.60483,31.3535],[76.60487,31.3534],[76.60502,31.35323],[76.60533,31.35292],[76.60568,31.35259],[76.60577,31.35237],[76.60583,31.35223],[76.60589,31.35212],[76.60607,31.35189],[76.60608,31.35172],[76.60604,31.35166],[76.60591,31.35159],[76.60525,31.35139],[76.60504,31.3513],[76.60497,31.35107],[76.60474,31.35082],[76.60463,31.35043],[76.60462,31.35023],[76.60459,31.3501],[76.60458,31.34999],[76.6046,31.34988],[76.60471,31.34956],[76.60463,31.3494],[76.60468,31.34922],[76.60475,31.34901],[76.60478,31.34887],[76.60477,31.34878],[76.60474,31.34859],[76.60476,31.34844],[76.6049,31.34825],[76.60499,31.34814],[76.60514,31.34805],[76.60525,31.34797],[76.60531,31.34784],[76.60541,31.34773],[76.60554,31.34765],[76.6056,31.3476],[76.60561,31.34751],[76.60554,31.34738],[76.60542,31.34726],[76.60535,31.34704],[76.60554,31.34671],[76.60568,31.34654],[76.60576,31.34645],[76.60603,31.34623],[76.6061,31.34604],[76.60619,31.34584],[76.60633,31.34568],[76.60645,31.34553],[76.60648,31.34543],[76.60655,31.34536],[76.60679,31.34528],[76.607,31.34531],[76.60713,31.34523],[76.60721,31.34517],[76.60724,31.34481],[76.60687,31.34444],[76.60674,31.3443],[76.60654,31.34421],[76.60638,31.34414],[76.60625,31.34406],[76.60603,31.34395],[76.60584,31.34387],[76.60575,31.34379],[76.60581,31.34365],[76.60596,31.34355],[76.6061,31.34349],[76.60626,31.34346],[76.60641,31.34339],[76.6065,31.34328],[76.60652,31.34306],[76.60644,31.34292],[76.60628,31.34276],[76.60611,31.34246],[76.60605,31.34231],[76.60614,31.34207],[76.60625,31.34189],[76.60639,31.34177],[76.60651,31.3417],[76.6066,31.34159],[76.60674,31.34135],[76.60685,31.34122],[76.60703,31.34126],[76.60716,31.34133],[76.60732,31.34133],[76.60743,31.34132],[76.60756,31.34132],[76.60765,31.34132],[76.60776,31.34133],[76.60789,31.34132],[76.60839,31.34114],[76.60857,31.34117],[76.60869,31.34122],[76.60881,31.34119],[76.60905,31.3411],[76.60924,31.34105],[76.60946,31.34099],[76.60966,31.34091],[76.60984,31.34084],[76.60995,31.34079],[76.61004,31.34074],[76.61032,31.3405],[76.61049,31.3404],[76.61066,31.34028],[76.61087,31.34014],[76.61111,31.34002],[76.61127,31.33994],[76.61138,31.33987],[76.6115,31.33972],[76.61169,31.33948],[76.6118,31.33931],[76.61193,31.3392],[76.61203,31.33912],[76.6121,31.33905],[76.61224,31.33899],[76.61238,31.33899],[76.61248,31.33893],[76.61255,31.33883],[76.61269,31.33858],[76.61286,31.33852],[76.61296,31.33873],[76.61297,31.3389],[76.61301,31.33905],[76.61302,31.33914],[76.61313,31.33916],[76.61322,31.33905],[76.61338,31.33875],[76.61342,31.33863],[76.61339,31.33849],[76.61335,31.33839],[76.61335,31.33827],[76.61356,31.33786],[76.61377,31.33742],[76.61377,31.33728],[76.61369,31.33709],[76.61355,31.33701],[76.61349,31.337],[76.6133,31.33707],[76.61322,31.33707],[76.61312,31.33694],[76.61313,31.33685],[76.61329,31.33668],[76.61342,31.33658],[76.6135,31.33643],[76.61351,31.33623],[76.61344,31.33609],[76.61336,31.3359],[76.61349,31.33568],[76.61356,31.33556],[76.61366,31.33542],[76.61364,31.33529],[76.61368,31.33516],[76.61387,31.33486],[76.61397,31.33477],[76.61413,31.33454],[76.61425,31.3343],[76.61428,31.33412],[76.61449,31.33409],[76.61467,31.33411],[76.61482,31.33416],[76.61494,31.33425],[76.61513,31.33431],[76.6153,31.33436],[76.61542,31.33436],[76.61567,31.33439],[76.61602,31.33465],[76.61634,31.3349],[76.61651,31.33494],[76.61669,31.33481],[76.61695,31.33464],[76.61715,31.33453],[76.61741,31.33445],[76.61753,31.33434],[76.61777,31.33409],[76.61789,31.33398],[76.61809,31.33392],[76.61831,31.33392],[76.61845,31.33391],[76.61857,31.33381],[76.61867,31.33384],[76.61872,31.33394],[76.61881,31.334],[76.61894,31.33402],[76.61955,31.33389],[76.61975,31.33388],[76.61998,31.33392],[76.62014,31.33395],[76.62026,31.3339],[76.62036,31.33376],[76.62041,31.33359],[76.62052,31.33325],[76.62056,31.3331],[76.62062,31.33296],[76.62111,31.33285],[76.62126,31.33284],[76.62161,31.33275],[76.62176,31.33267],[76.62191,31.33252],[76.62207,31.33238],[76.62222,31.33237],[76.62226,31.33248],[76.62228,31.33265],[76.62231,31.33297],[76.62228,31.33309],[76.62236,31.33318],[76.62249,31.33322],[76.62265,31.33327],[76.62288,31.33327],[76.62307,31.3332],[76.62332,31.33308],[76.62344,31.33292],[76.62343,31.33276],[76.62323,31.33269],[76.62306,31.33267],[76.62298,31.33256],[76.62304,31.33224],[76.62297,31.33211],[76.62293,31.33198],[76.62297,31.33192],[76.62304,31.33184],[76.62331,31.3317],[76.62334,31.33168],[76.62345,31.33154],[76.62346,31.33146],[76.62352,31.33128],[76.62368,31.33108],[76.62381,31.33091],[76.62386,31.33077],[76.62392,31.33067],[76.624,31.33056],[76.6241,31.33045],[76.62435,31.33031],[76.62457,31.33026],[76.62479,31.33022],[76.62499,31.33019],[76.62516,31.33009],[76.62526,31.32995],[76.62519,31.32981],[76.62516,31.32967],[76.62519,31.32959],[76.62528,31.32952],[76.62532,31.32939],[76.62524,31.32934],[76.62519,31.32932],[76.62511,31.32929],[76.625,31.32927],[76.62489,31.32921],[76.62475,31.3291],[76.62467,31.329],[76.62455,31.32881],[76.62442,31.32866],[76.6243,31.32851],[76.62434,31.3284],[76.62464,31.32831],[76.62481,31.32826],[76.62489,31.32813],[76.62486,31.32805],[76.62476,31.32798],[76.62463,31.32782],[76.62464,31.32779],[76.62472,31.32769],[76.62507,31.32761],[76.6252,31.32758],[76.62531,31.3275],[76.62539,31.3274],[76.62544,31.32726],[76.62544,31.32704],[76.62541,31.32686],[76.62533,31.32667],[76.62542,31.32647],[76.62548,31.32639],[76.6255,31.32627],[76.62545,31.32622],[76.62538,31.32618],[76.62532,31.32604],[76.62532,31.32588],[76.62532,31.32548],[76.62528,31.32531],[76.62522,31.32518],[76.62515,31.32501],[76.62509,31.32479],[76.62497,31.32472],[76.62486,31.32464],[76.62482,31.32457],[76.62486,31.32449],[76.62508,31.32442],[76.62518,31.32438],[76.62531,31.32431],[76.62561,31.32427],[76.6258,31.3243],[76.62603,31.32437],[76.62626,31.32445],[76.6266,31.3246],[76.62669,31.32467],[76.62685,31.3247],[76.62699,31.32477],[76.62699,31.32491],[76.62696,31.32512],[76.62721,31.32553],[76.62736,31.32563],[76.62753,31.3257],[76.62784,31.32576],[76.6281,31.32596],[76.62837,31.32603],[76.62856,31.32611],[76.62866,31.32627],[76.62878,31.32664],[76.62879,31.32674],[76.62888,31.32686],[76.62906,31.32694],[76.62926,31.32697],[76.6295,31.32691],[76.62957,31.32683],[76.63007,31.32662],[76.63041,31.32664],[76.63059,31.32656],[76.63085,31.32641],[76.63104,31.32622],[76.63124,31.3261],[76.63162,31.32594],[76.63195,31.32588],[76.63214,31.32597],[76.63227,31.32605],[76.6324,31.32607],[76.63257,31.326],[76.63264,31.32582],[76.63266,31.32552],[76.63267,31.32536],[76.63269,31.32523],[76.63253,31.32479],[76.6324,31.32441],[76.63226,31.32422],[76.63217,31.32413],[76.63213,31.32393],[76.63215,31.32373],[76.63208,31.32335],[76.63206,31.32311],[76.63207,31.32293],[76.63201,31.32263],[76.63203,31.32246],[76.63215,31.32238],[76.63231,31.32241],[76.63247,31.32243],[76.63272,31.32242],[76.63288,31.32242],[76.63339,31.32247],[76.63381,31.32244],[76.63407,31.32248],[76.63429,31.32252],[76.63443,31.32254],[76.63458,31.32255],[76.63516,31.32263],[76.63539,31.32264],[76.63556,31.32257],[76.63571,31.32241],[76.63582,31.3223],[76.63613,31.32208],[76.63629,31.32213],[76.63642,31.32216],[76.63653,31.32216],[76.63669,31.32209],[76.63689,31.32196],[76.63696,31.32186],[76.63688,31.32175],[76.63685,31.32168],[76.63692,31.32154],[76.63736,31.32124],[76.63744,31.32104],[76.63748,31.32085],[76.63754,31.32071],[76.63769,31.32055],[76.63786,31.3204],[76.63802,31.32032],[76.63812,31.32025],[76.63821,31.32004],[76.63834,31.31982],[76.63846,31.31968],[76.6386,31.31953],[76.63875,31.31935],[76.63875,31.31928],[76.63871,31.31908],[76.63876,31.3189],[76.63885,31.31871],[76.63887,31.31848],[76.63889,31.31826],[76.63874,31.31811],[76.63872,31.31806],[76.63881,31.31786],[76.63901,31.31764],[76.6391,31.3175],[76.639,31.31721],[76.639,31.31704],[76.63917,31.31697],[76.63927,31.31686],[76.63929,31.31672],[76.63939,31.31646],[76.6396,31.31646],[76.63983,31.31653],[76.63995,31.31656],[76.64005,31.31659],[76.6402,31.31661],[76.64025,31.3166],[76.64038,31.31655],[76.64058,31.31642],[76.64072,31.31645],[76.64097,31.31659],[76.64106,31.31661],[76.64111,31.31662],[76.6416,31.31642],[76.64186,31.31629],[76.64213,31.3162],[76.64255,31.31613],[76.64274,31.31607],[76.64304,31.31591],[76.64372,31.31551],[76.64385,31.31538],[76.6439,31.3153],[76.64397,31.31513],[76.64415,31.3148],[76.6442,31.31465],[76.64406,31.31448],[76.64396,31.31439],[76.64389,31.31405],[76.64389,31.31385],[76.64393,31.31369],[76.64418,31.31317],[76.64433,31.31301],[76.64444,31.31291],[76.64514,31.31241],[76.6453,31.3123],[76.64548,31.31219],[76.64567,31.31213],[76.64583,31.31217],[76.646,31.31222],[76.64608,31.31224],[76.64622,31.31224],[76.64634,31.3122],[76.64648,31.31212],[76.64672,31.3119],[76.64693,31.31173],[76.64716,31.31165],[76.64734,31.3116],[76.64787,31.31151],[76.64815,31.31136],[76.64837,31.31129],[76.64852,31.31123],[76.64864,31.3112],[76.64893,31.31122],[76.64921,31.31124],[76.64932,31.31123],[76.64955,31.31116],[76.64981,31.31103],[76.65001,31.31092],[76.65038,31.31073],[76.65061,31.31067],[76.6508,31.31062],[76.65098,31.31054],[76.65113,31.31044],[76.65118,31.31032],[76.65118,31.31019],[76.65121,31.31009],[76.65131,31.31003],[76.65144,31.30999],[76.65166,31.30989],[76.65197,31.30981],[76.65212,31.30971],[76.6522,31.30963],[76.65229,31.3095],[76.65235,31.30932],[76.65242,31.30917],[76.65252,31.30904],[76.65258,31.30894],[76.65267,31.30864],[76.65274,31.30828],[76.65261,31.30815],[76.65255,31.30805],[76.65242,31.3076],[76.65256,31.30729],[76.65261,31.3071],[76.65268,31.30686],[76.65272,31.30671],[76.65265,31.30661],[76.65234,31.30637],[76.65231,31.30625],[76.65236,31.30602],[76.6525,31.30565],[76.6525,31.30552],[76.65242,31.30544],[76.65222,31.3055],[76.65199,31.30557],[76.65186,31.30554],[76.65183,31.30549],[76.65165,31.30507],[76.65161,31.30489],[76.65161,31.30467],[76.65161,31.3045],[76.65171,31.30432],[76.65182,31.30424],[76.65198,31.30424],[76.65209,31.30424],[76.65254,31.30393],[76.65276,31.3039],[76.65305,31.30398],[76.65334,31.30421],[76.65343,31.30428],[76.65353,31.30428],[76.65377,31.30419],[76.65444,31.30372],[76.65465,31.3036],[76.65492,31.30344],[76.65542,31.30322],[76.65605,31.3029],[76.65643,31.30282],[76.65658,31.30272],[76.65671,31.30262],[76.65709,31.30232],[76.65732,31.30226],[76.65752,31.30224],[76.65764,31.30222],[76.65799,31.30213],[76.6582,31.30217],[76.65839,31.30223],[76.65858,31.30225],[76.65865,31.30226],[76.65876,31.30216],[76.65875,31.30197],[76.65874,31.30173],[76.65869,31.30162],[76.65861,31.30155],[76.65827,31.30135],[76.6579,31.30105],[76.65744,31.30056],[76.65735,31.30038],[76.65734,31.30026],[76.65748,31.29995],[76.65752,31.2998],[76.65773,31.29926],[76.65781,31.29905],[76.65788,31.29893],[76.658,31.29886],[76.65826,31.29872],[76.65841,31.29862],[76.65882,31.29837],[76.65899,31.29826],[76.6591,31.29819],[76.65931,31.29816],[76.65942,31.29816],[76.6595,31.29815],[76.65956,31.29808],[76.65972,31.29773],[76.65982,31.2975],[76.66026,31.29695],[76.66024,31.29683],[76.66016,31.29675],[76.65944,31.29622],[76.65936,31.29622],[76.6592,31.29629],[76.65903,31.29643],[76.65894,31.29647],[76.65879,31.29646],[76.65868,31.29642],[76.65855,31.29633],[76.65842,31.29627],[76.65834,31.2962],[76.65831,31.29609],[76.65841,31.29589],[76.65841,31.29576],[76.65836,31.29565],[76.65821,31.29544],[76.65793,31.29531],[76.65772,31.29529],[76.65755,31.29532],[76.65709,31.29541],[76.65679,31.29537],[76.65665,31.29537],[76.65647,31.29546],[76.65634,31.29546],[76.65624,31.29544],[76.65619,31.29535],[76.65613,31.2951],[76.65623,31.29494],[76.65637,31.29486],[76.65651,31.29482],[76.65666,31.29476],[76.65675,31.2947],[76.6568,31.29458]]},"properties":{"id":"osm:w1126081338","name":"","highway":"tertiary","bridge":false}},{"type":"Feature","geometry":{"type":"LineString","coordinates":[[76.54167,30.92217],[76.54175,30.92188]]},"properties":{"id":"osm:w1127408384","name":"NH205","highway":"trunk","bridge":false}},{"type":"Feature","geometry":{"type":"LineString","coordinates":[[76.54175,30.92188],[76.54195,30.92132],[76.54216,30.92084],[76.54256,30.92007],[76.54267,30.91989],[76.5429,30.91951],[76.54301,30.9193],[76.54312,30.91908],[76.54328,30.91862],[76.54332,30.91811],[76.54328,30.91784],[76.54319,30.91747],[76.54301,30.91702]]},"properties":{"id":"osm:w1127408385","name":"NH205","highway":"trunk","bridge":false}},{"type":"Feature","geometry":{"type":"LineString","coordinates":[[76.45382,31.37724],[76.4538,31.37713],[76.45404,31.37686],[76.45409,31.37673],[76.45403,31.37657],[76.45371,31.37622],[76.45346,31.37631],[76.45341,31.37633],[76.45333,31.37632],[76.45326,31.37629],[76.45319,31.37625],[76.45312,31.37619],[76.45304,31.37613],[76.45291,31.37611],[76.45277,31.37613],[76.45244,31.37622],[76.45233,31.37622],[76.45227,31.37617],[76.45214,31.3761],[76.45175,31.37618],[76.45164,31.37622],[76.45151,31.37631],[76.4514,31.37634],[76.45135,31.37632],[76.45129,31.37627],[76.45121,31.37615],[76.45115,31.37605],[76.45098,31.37599],[76.45064,31.37603],[76.45054,31.37602],[76.45043,31.376],[76.4503,31.37596],[76.45024,31.37592],[76.45017,31.37583],[76.45008,31.37575],[76.44991,31.37568],[76.44946,31.3757],[76.44938,31.37572],[76.44931,31.37577],[76.44921,31.37584],[76.44908,31.37587],[76.44903,31.37583],[76.44895,31.37574],[76.44882,31.37564],[76.44875,31.37554],[76.44865,31.37542],[76.44848,31.37535],[76.44815,31.37532],[76.44808,31.37529],[76.44805,31.37523],[76.448,31.37508],[76.44797,31.37501],[76.44788,31.37492],[76.44777,31.37487],[76.44763,31.3748],[76.44746,31.37474],[76.44733,31.37464],[76.44731,31.37454],[76.44733,31.37436],[76.44737,31.37427],[76.44744,31.37413],[76.44742,31.374],[76.4476,31.37378],[76.4479,31.37362],[76.44799,31.37356],[76.4481,31.37344],[76.4481,31.37329],[76.4481,31.3732],[76.448,31.37317],[76.44788,31.37313],[76.44787,31.37304],[76.44797,31.3729],[76.44805,31.37281],[76.44819,31.37269],[76.4483,31.37254],[76.44842,31.37238],[76.44842,31.3723],[76.44853,31.37208],[76.44857,31.37194],[76.44857,31.37184],[76.44861,31.37173],[76.44883,31.37156],[76.44924,31.37134],[76.44943,31.3713],[76.44959,31.37131],[76.44974,31.37133],[76.44986,31.37133],[76.44996,31.37122],[76.45003,31.37109],[76.44997,31.37095],[76.44977,31.37078],[76.44977,31.37071],[76.4498,31.37064],[76.45001,31.37043],[76.45013,31.37029],[76.45014,31.37021],[76.45011,31.37016],[76.45001,31.37015],[76.4499,31.37021],[76.4498,31.3703],[76.44969,31.3703],[76.4496,31.37028],[76.44956,31.37021],[76.44959,31.37012],[76.44991,31.3698],[76.45006,31.3695],[76.45013,31.3693],[76.4502,31.36908],[76.45019,31.36887],[76.45019,31.36868],[76.45017,31.3685],[76.45013,31.36834],[76.44987,31.36812],[76.44974,31.368],[76.44967,31.36788],[76.44969,31.36775],[76.44968,31.36756],[76.44975,31.3675],[76.44984,31.36753],[76.4499,31.36761],[76.44993,31.36772],[76.44999,31.36781],[76.4503,31.36791],[76.45063,31.36818],[76.45077,31.3682],[76.45087,31.36821],[76.45107,31.36813],[76.4512,31.36793],[76.45134,31.36782],[76.45145,31.36783],[76.45159,31.3678],[76.45158,31.3677],[76.45148,31.36763],[76.45132,31.36753],[76.45131,31.3674],[76.45148,31.36723],[76.4518,31.36685],[76.45195,31.36664],[76.45198,31.36641],[76.45198,31.36628],[76.452,31.36619],[76.45204,31.36606],[76.45212,31.36588],[76.45214,31.36578],[76.45211,31.36565],[76.45204,31.36518],[76.45196,31.3651],[76.45188,31.36507],[76.45177,31.36507],[76.45157,31.36512],[76.45145,31.3651],[76.4514,31.36505],[76.45133,31.36492],[76.45097,31.36473],[76.45075,31.36464],[76.45053,31.36463],[76.45039,31.3646],[76.45033,31.36455],[76.4503,31.36445],[76.45026,31.36433],[76.45017,31.36422],[76.45005,31.36419],[76.44995,31.36419],[76.44989,31.36416],[76.45034,31.36358],[76.45059,31.36349],[76.45084,31.3634],[76.451,31.36334],[76.4512,31.36317],[76.4513,31.36297],[76.45133,31.36272],[76.45116,31.3625],[76.45084,31.36239],[76.45076,31.36231],[76.45071,31.36217],[76.45071,31.36207],[76.45085,31.36192],[76.45093,31.36184],[76.45092,31.36173],[76.45071,31.36175],[76.45055,31.36179],[76.45043,31.36179],[76.45035,31.36171],[76.45005,31.36141],[76.45007,31.36124],[76.45012,31.36111],[76.45008,31.361],[76.44993,31.36092],[76.44986,31.36086],[76.4498,31.36083],[76.44977,31.36075],[76.44982,31.36041],[76.44995,31.36014],[76.4501,31.35994],[76.45034,31.35965],[76.45056,31.35922],[76.45082,31.35887],[76.45079,31.35871],[76.45077,31.35857],[76.45082,31.35839],[76.45083,31.35811],[76.45068,31.35802],[76.4506,31.35795],[76.45061,31.35785],[76.45071,31.35776],[76.45082,31.35771],[76.45088,31.35766],[76.45096,31.35753],[76.45094,31.35741],[76.45078,31.35724],[76.45062,31.35724],[76.45038,31.35725],[76.45027,31.35725],[76.45015,31.35729],[76.44994,31.35733],[76.44978,31.35729],[76.44975,31.35723],[76.4498,31.35684],[76.44973,31.35664],[76.44949,31.35657],[76.44921,31.35643],[76.44916,31.35632],[76.44914,31.35607],[76.44923,31.35577],[76.44932,31.35546],[76.44939,31.35534],[76.44958,31.3551],[76.44992,31.35481],[76.4501,31.35448],[76.45024,31.35423],[76.45038,31.35389],[76.45045,31.35373],[76.45035,31.35348],[76.45023,31.35325],[76.45023,31.35308],[76.45024,31.35296],[76.4502,31.35278],[76.45015,31.35241],[76.45004,31.35201],[76.44999,31.3518],[76.45011,31.35171],[76.4502,31.35167],[76.45054,31.35171],[76.45067,31.35173],[76.45076,31.3517],[76.45083,31.35158],[76.4508,31.35145],[76.45075,31.35136],[76.45078,31.35126],[76.45092,31.3511],[76.45098,31.35084],[76.4509,31.3506],[76.45091,31.35028],[76.45091,31.35009],[76.45094,31.34994],[76.45102,31.34981],[76.4511,31.34971],[76.45115,31.3496],[76.45118,31.34948],[76.45111,31.34927],[76.45083,31.34921],[76.4507,31.34918],[76.45058,31.34917],[76.45053,31.34912],[76.4505,31.34901],[76.45059,31.34864],[76.45053,31.34842],[76.45059,31.3483],[76.45078,31.34801],[76.45076,31.34775],[76.45082,31.34735],[76.45101,31.34707],[76.45114,31.34692],[76.45117,31.34682],[76.45111,31.34673],[76.45104,31.34667],[76.45075,31.34659],[76.45042,31.3467],[76.45027,31.34669],[76.45011,31.34666],[76.44994,31.34665],[76.44983,31.34664],[76.44943,31.34629],[76.44942,31.34601],[76.44936,31.34582],[76.44919,31.34548],[76.44914,31.34536],[76.44917,31.34527],[76.44926,31.34513],[76.44934,31.34484],[76.44931,31.34469],[76.4493,31.34454],[76.44957,31.34404],[76.44964,31.34386],[76.44961,31.34375],[76.44943,31.34343],[76.44935,31.34315],[76.4494,31.34296],[76.44947,31.34283],[76.44954,31.34268],[76.44967,31.3419],[76.44966,31.34164],[76.44968,31.34138],[76.44969,31.34127],[76.44951,31.34093],[76.44933,31.34066],[76.4492,31.34033],[76.44919,31.34015],[76.4492,31.34],[76.44926,31.33984],[76.44959,31.33927],[76.44984,31.33871],[76.44992,31.33848],[76.44986,31.33819],[76.44979,31.33797],[76.44963,31.33774],[76.4496,31.3376],[76.44965,31.33748],[76.44965,31.33733],[76.44963,31.33723],[76.44955,31.33715],[76.44936,31.33684],[76.4492,31.33662],[76.44909,31.33653],[76.44896,31.33632],[76.44894,31.33622],[76.44894,31.33613],[76.44903,31.33601],[76.4491,31.33593],[76.44951,31.33551],[76.4496,31.33531],[76.44968,31.33487],[76.44979,31.33407],[76.45,31.33353],[76.45008,31.33319],[76.45018,31.33308],[76.45018,31.333],[76.45011,31.33291],[76.45008,31.33275],[76.4502,31.33228],[76.45006,31.33197],[76.44993,31.3316],[76.4496,31.33113],[76.44934,31.33094],[76.44916,31.33075],[76.44907,31.33056]]},"properties":{"id":"osm:w1131054029","name":"","highway":"tertiary","bridge":false}},{"type":"Feature","geometry":{"type":"LineString","coordinates":[[76.47474,31.25048],[76.47461,31.25036]]},"properties":{"id":"osm:w1131083433","name":"","highway":"tertiary","bridge":true}},{"type":"Feature","geometry":{"type":"LineString","coordinates":[[76.47762,31.25298],[76.47713,31.2527],[76.477,31.25262],[76.47693,31.25256],[76.47686,31.25245],[76.4765,31.25175],[76.47637,31.25163],[76.47609,31.25137],[76.47568,31.2511],[76.4752,31.25079],[76.47482,31.25053],[76.47479,31.25051],[76.47474,31.25048]]},"properties":{"id":"osm:w1131083434","name":"","highway":"tertiary","bridge":false}},{"type":"Feature","geometry":{"type":"LineString","coordinates":[[76.58622,31.14598],[76.58629,31.1461],[76.58622,31.14716],[76.58605,31.14794],[76.58614,31.1485],[76.58624,31.14874],[76.58639,31.14894],[76.58654,31.14905],[76.58755,31.14933],[76.58829,31.14982],[76.58982,31.15078],[76.59023,31.15117],[76.5904,31.15125],[76.59092,31.15137],[76.59204,31.15172],[76.59224,31.15183],[76.59232,31.15215],[76.59239,31.15224],[76.59314,31.15245],[76.59333,31.15252],[76.59369,31.15303],[76.59386,31.1531],[76.59416,31.15311],[76.59445,31.15314],[76.59465,31.15323],[76.5948,31.15331],[76.59497,31.15337],[76.59578,31.15359],[76.59707,31.15382],[76.5973,31.15391],[76.59811,31.15443],[76.59832,31.15451],[76.59863,31.15457],[76.59926,31.15471],[76.59936,31.15475],[76.5994,31.15488],[76.59945,31.15501],[76.5995,31.15509],[76.60025,31.15524],[76.60057,31.1553],[76.60062,31.15533],[76.60068,31.15587],[76.60065,31.15671],[76.60071,31.15778],[76.6007,31.15904],[76.60064,31.15917],[76.60009,31.15995],[76.60006,31.16001],[76.60006,31.16007],[76.60004,31.16035],[76.60008,31.16209],[76.6001,31.16214],[76.60124,31.1623],[76.60145,31.16226],[76.60163,31.16226],[76.6018,31.1623],[76.60188,31.16235],[76.60211,31.16256],[76.60344,31.1639],[76.60346,31.16401],[76.60345,31.16411],[76.60325,31.16475],[76.60314,31.16533],[76.60315,31.16548],[76.60322,31.16566],[76.60365,31.16639],[76.60417,31.16697],[76.60431,31.16701],[76.60533,31.16776],[76.60575,31.16809],[76.60609,31.16825],[76.60653,31.16859],[76.6069,31.1687],[76.60723,31.16887],[76.60737,31.16896],[76.60738,31.16913],[76.60738,31.16924],[76.60732,31.16937],[76.60727,31.16946],[76.60725,31.16953],[76.60726,31.16963],[76.60737,31.17003],[76.60743,31.17016],[76.60755,31.17022],[76.60769,31.17037],[76.6078,31.17053],[76.60802,31.17087],[76.60806,31.17097],[76.6083,31.17169],[76.60839,31.17182],[76.60854,31.17196],[76.60875,31.17224],[76.60918,31.17318],[76.60918,31.17342],[76.60918,31.1736],[76.60915,31.17425],[76.60919,31.17451],[76.60924,31.17462],[76.60939,31.17501],[76.60954,31.17523],[76.60992,31.17556],[76.6102,31.17571],[76.61055,31.17621],[76.61075,31.17637],[76.61093,31.17647],[76.61108,31.17658],[76.61152,31.17705],[76.61164,31.17707],[76.61174,31.17707],[76.61232,31.17707],[76.61246,31.17712],[76.61256,31.17719],[76.61264,31.17729],[76.61288,31.17772],[76.61287,31.17805],[76.61288,31.1782],[76.61293,31.1783],[76.61302,31.17836],[76.61315,31.17844],[76.6135,31.17891],[76.61371,31.17904],[76.61384,31.1792],[76.61401,31.17949],[76.61418,31.17979],[76.61426,31.17986],[76.61438,31.17989],[76.6145,31.17988],[76.61459,31.17981],[76.61486,31.17955],[76.61537,31.17881],[76.61548,31.1788],[76.61561,31.17883],[76.61575,31.17888],[76.61585,31.17889],[76.61598,31.17886],[76.61607,31.17879],[76.61654,31.17809],[76.6166,31.17804],[76.61672,31.17802],[76.61681,31.17807],[76.61715,31.17838],[76.61751,31.17857],[76.61804,31.17915],[76.6186,31.17954],[76.61935,31.17997],[76.61939,31.17997],[76.61943,31.17998],[76.61952,31.1799],[76.61967,31.17964],[76.62014,31.17874],[76.6204,31.17843],[76.62048,31.17839],[76.62058,31.17845],[76.62131,31.17914],[76.62184,31.17969],[76.622,31.1798],[76.62219,31.17986],[76.62238,31.17992],[76.62246,31.17997],[76.62254,31.18005],[76.62257,31.18032],[76.62235,31.18088],[76.62234,31.18098],[76.62237,31.18105],[76.62253,31.18115],[76.62292,31.18135],[76.62304,31.1815],[76.62322,31.18188],[76.62332,31.18197],[76.62352,31.18204],[76.62389,31.18228],[76.62401,31.1826],[76.62417,31.1827],[76.62497,31.18317],[76.62518,31.1835],[76.62528,31.18372],[76.62558,31.18395],[76.62578,31.18417],[76.62585,31.18449],[76.62591,31.18461],[76.62632,31.18495],[76.6265,31.18503],[76.62664,31.18507],[76.6268,31.18511],[76.62692,31.18516],[76.62702,31.18523],[76.6274,31.18568],[76.62783,31.18654],[76.62793,31.18666],[76.62807,31.18678],[76.62961,31.18854],[76.62967,31.18856],[76.62974,31.18856],[76.63128,31.1875],[76.63144,31.18743],[76.63153,31.18746],[76.6316,31.18755],[76.63185,31.18801],[76.63209,31.18809],[76.63225,31.18816],[76.6324,31.18824],[76.63245,31.18837],[76.63251,31.18845],[76.63289,31.18881],[76.63294,31.18893],[76.63355,31.19023],[76.63365,31.19032],[76.63537,31.19105],[76.63574,31.19123],[76.63602,31.19148],[76.6364,31.19169],[76.63697,31.19195]]},"properties":{"id":"osm:w1134827980","name":"","highway":"tertiary","bridge":false}},{"type":"Feature","geometry":{"type":"LineString","coordinates":[[76.4897,31.16334],[76.48966,31.16258],[76.48959,31.1625],[76.48813,31.16134],[76.4863,31.15997]]},"properties":{"id":"osm:w1135577115","name":"","highway":"tertiary","bridge":false}},{"type":"Feature","geometry":{"type":"LineString","coordinates":[[76.47529,31.1568],[76.47779,31.15678],[76.47901,31.15676],[76.48122,31.15675],[76.48129,31.15675],[76.48188,31.15674],[76.48195,31.15674],[76.48248,31.15671],[76.48327,31.15787],[76.48338,31.15787],[76.48361,31.15786],[76.48404,31.15786],[76.48429,31.15785],[76.48453,31.15785],[76.48518,31.15786],[76.4853,31.15784],[76.48541,31.15775],[76.48545,31.15721],[76.48612,31.15733],[76.48699,31.15744],[76.48754,31.15752],[76.48788,31.15761],[76.48855,31.15776],[76.48867,31.15782]]},"properties":{"id":"osm:w1135577116","name":"","highway":"tertiary","bridge":false}},{"type":"Feature","geometry":{"type":"LineString","coordinates":[[76.46603,31.13626],[76.46787,31.13719],[76.46786,31.13728],[76.46769,31.13759],[76.46851,31.13793],[76.46959,31.13836],[76.4696,31.1384],[76.46892,31.13995],[76.46886,31.14108],[76.46922,31.14199],[76.46964,31.14267],[76.47018,31.14418],[76.47043,31.14488],[76.47144,31.14762],[76.47206,31.14944],[76.47234,31.15029],[76.47313,31.1523],[76.47374,31.15381],[76.47475,31.15576],[76.47504,31.15631],[76.47529,31.1568],[76.4757,31.15755],[76.47619,31.15854],[76.47625,31.15869],[76.47628,31.16011],[76.4763,31.16152],[76.47633,31.16385]]},"properties":{"id":"osm:w1135577117","name":"","highway":"tertiary","bridge":false}},{"type":"Feature","geometry":{"type":"LineString","coordinates":[[76.50273,30.98447],[76.50223,30.98449]]},"properties":{"id":"osm:w1153688478","name":"","highway":"secondary","bridge":true}},{"type":"Feature","geometry":{"type":"LineString","coordinates":[[76.49188,30.98332],[76.49212,30.98328],[76.49272,30.98309],[76.49309,30.983],[76.49348,30.98292],[76.49437,30.98279],[76.49489,30.98269],[76.49525,30.98259],[76.49595,30.98234]]},"properties":{"id":"osm:w1153688479","name":"","highway":"trunk","bridge":false}},{"type":"Feature","geometry":{"type":"LineString","coordinates":[[76.36381,31.37797],[76.36384,31.37796],[76.36467,31.37786],[76.36571,31.3777],[76.36853,31.37728],[76.36877,31.37724]]},"properties":{"id":"osm:w1155846922","name":"NH503","highway":"trunk","bridge":true}},{"type":"Feature","geometry":{"type":"LineString","coordinates":[[76.36874,31.37715],[76.36817,31.37724],[76.36598,31.37756],[76.36462,31.37776],[76.36379,31.37786]]},"properties":{"id":"osm:w1155846923","name":"NH503","highway":"trunk","bridge":true}},{"type":"Feature","geometry":{"type":"LineString","coordinates":[[76.37124,31.37721],[76.37207,31.37705],[76.37274,31.37694],[76.37318,31.37684],[76.37357,31.3767],[76.374,31.37643],[76.37428,31.37611],[76.37452,31.37575],[76.37475,31.37532]]},"properties":{"id":"osm:w1155846924","name":"NH503","highway":"trunk","bridge":true}},{"type":"Feature","geometry":{"type":"LineString","coordinates":[[76.37465,31.37529],[76.37419,31.37605],[76.374,31.37624],[76.37379,31.37641],[76.37349,31.37659],[76.37308,31.37675],[76.37279,31.37682],[76.37225,31.37691],[76.37139,31.37707]]},"properties":{"id":"osm:w1155846925","name":"NH503","highway":"trunk","bridge":true}},{"type":"Feature","geometry":{"type":"LineString","coordinates":[[76.51195,30.93712],[76.5125,30.93748],[76.51273,30.93767],[76.51339,30.93856],[76.51424,30.93933],[76.51961,30.94316],[76.51985,30.94329]]},"properties":{"id":"osm:w1156682419","name":"Ropar-Doraha Road","highway":"trunk","bridge":false}},{"type":"Feature","geometry":{"type":"LineString","coordinates":[[76.43652,31.00443],[76.43725,31.00418],[76.43829,31.00381],[76.43962,31.00336],[76.44017,31.00319],[76.44139,31.00279],[76.44265,31.00238],[76.44348,31.00212],[76.44566,31.00141],[76.44614,31.00126],[76.44777,31.00076],[76.44901,31.00037],[76.44957,31.00019],[76.45075,30.99983],[76.45141,30.99962],[76.45358,30.99891],[76.4559,30.99819],[76.45763,30.99768],[76.45924,30.99714],[76.46,30.99692],[76.4611,30.99659],[76.46135,30.9965],[76.46224,30.99621],[76.46336,30.99585],[76.46422,30.99556],[76.46549,30.99515],[76.46681,30.99472],[76.4676,30.99448],[76.46837,30.99423],[76.46937,30.99392],[76.46995,30.99374],[76.47028,30.99363],[76.47088,30.99345],[76.47126,30.99331],[76.47165,30.99316],[76.47237,30.99282],[76.47374,30.99213],[76.47557,30.9912],[76.47676,30.99063],[76.47776,30.99015],[76.47786,30.9901],[76.4793,30.98939],[76.48046,30.98883],[76.48169,30.98822],[76.48247,30.98785],[76.48382,30.98721],[76.48457,30.98685],[76.4853,30.98651],[76.48615,30.98611],[76.48732,30.98555],[76.48792,30.98525],[76.48902,30.98472],[76.49,30.98424],[76.49083,30.98384],[76.49136,30.98357],[76.49173,30.98339],[76.49188,30.98332]]},"properties":{"id":"osm:w1169547228","name":"NH344A","highway":"trunk","bridge":false}},{"type":"Feature","geometry":{"type":"LineString","coordinates":[[76.52109,30.94432],[76.52009,30.94522]]},"properties":{"id":"osm:w1207988843","name":"NH344A","highway":"trunk","bridge":true}},{"type":"Feature","geometry":{"type":"LineString","coordinates":[[76.52027,30.94532],[76.52124,30.94443]]},"properties":{"id":"osm:w1207990355","name":"Ropar Bypass","highway":"trunk","bridge":true}},{"type":"Feature","geometry":{"type":"LineString","coordinates":[[76.58158,31.18404],[76.58056,31.18422],[76.57956,31.18438],[76.57822,31.18439],[76.5773,31.18446]]},"properties":{"id":"osm:w1238867007","name":"NH205","highway":"trunk","bridge":false}},{"type":"Feature","geometry":{"type":"LineString","coordinates":[[76.61783,31.20848],[76.61772,31.2085],[76.61753,31.20855],[76.61729,31.20858],[76.61701,31.20857],[76.61679,31.20854],[76.61648,31.20847],[76.61413,31.2074],[76.61101,31.20593],[76.61093,31.20589],[76.61085,31.20585],[76.61078,31.2058],[76.60786,31.20368],[76.60713,31.20315],[76.60645,31.20268],[76.6044,31.20156],[76.60399,31.20125],[76.60363,31.20088],[76.60321,31.20038],[76.60117,31.19791],[76.59803,31.19418]]},"properties":{"id":"osm:w1238867008","name":"NH205","highway":"trunk","bridge":false}},{"type":"Feature","geometry":{"type":"LineString","coordinates":[[76.49169,30.98328],[76.48433,30.98686],[76.48262,30.98766],[76.48182,30.98804],[76.47982,30.98901],[76.47789,30.98994],[76.47783,30.98997],[76.47774,30.99002],[76.47281,30.99248],[76.47169,30.99301],[76.47076,30.99336],[76.47004,30.99358],[76.46736,30.99444],[76.46618,30.99481],[76.46332,30.99573],[76.46322,30.99577],[76.46065,30.99658],[76.46012,30.99676]]},"properties":{"id":"osm:w1240701777","name":"NH344A","highway":"trunk","bridge":false}},{"type":"Feature","geometry":{"type":"LineString","coordinates":[[76.52026,30.98529],[76.52002,30.98523],[76.51998,30.98508],[76.51998,30.98414],[76.5198,30.98322],[76.51987,30.98224],[76.52006,30.98061],[76.52022,30.97911],[76.52029,30.97831],[76.5203,30.97814]]},"properties":{"id":"osm:w1265070928","name":"","highway":"tertiary","bridge":false}},{"type":"Feature","geometry":{"type":"LineString","coordinates":[[76.52019,30.97805],[76.5202,30.97809],[76.52022,30.97812],[76.52026,30.97814],[76.5203,30.97814],[76.52034,30.97814],[76.52038,30.97813],[76.52041,30.9781],[76.52043,30.97807],[76.52044,30.97804],[76.52043,30.978],[76.52041,30.97797],[76.52038,30.97794],[76.52034,30.97793],[76.5203,30.97793],[76.52026,30.97794],[76.52023,30.97795],[76.5202,30.97798],[76.52019,30.97802],[76.52019,30.97805]]},"properties":{"id":"osm:w1265070930","name":"","highway":"tertiary","bridge":false}},{"type":"Feature","geometry":{"type":"LineString","coordinates":[[76.52044,30.97804],[76.52204,30.97818],[76.52534,30.97847],[76.52779,30.97862],[76.52806,30.97864]]},"properties":{"id":"osm:w1265070931","name":"","highway":"tertiary","bridge":false}},{"type":"Feature","geometry":{"type":"LineString","coordinates":[[76.52806,30.97864],[76.52824,30.97872]]},"properties":{"id":"osm:w1265070933","name":"","highway":"tertiary","bridge":false}},{"type":"Feature","geometry":{"type":"LineString","coordinates":[[76.52806,30.97864],[76.5283,30.97861]]},"properties":{"id":"osm:w1265070934","name":"","highway":"tertiary","bridge":false}},{"type":"Feature","geometry":{"type":"LineString","coordinates":[[76.36973,31.37733],[76.36991,31.37737],[76.37005,31.3774],[76.37037,31.37739],[76.37124,31.37721]]},"properties":{"id":"osm:w1268163872","name":"NH503","highway":"trunk","bridge":true}},{"type":"Feature","geometry":{"type":"LineString","coordinates":[[76.36976,31.37723],[76.36968,31.37722],[76.36926,31.37713],[76.36874,31.37715]]},"properties":{"id":"osm:w1268163873","name":"NH503","highway":"trunk","bridge":false}},{"type":"Feature","geometry":{"type":"LineString","coordinates":[[76.36379,31.37786],[76.36327,31.37796],[76.36316,31.37799]]},"properties":{"id":"osm:w1268163874","name":"NH503","highway":"trunk","bridge":false}},{"type":"Feature","geometry":{"type":"LineString","coordinates":[[76.36318,31.37807],[76.36381,31.37797]]},"properties":{"id":"osm:w1268163875","name":"NH503","highway":"trunk","bridge":false}},{"type":"Feature","geometry":{"type":"LineString","coordinates":[[76.36877,31.37724],[76.36938,31.37727],[76.36973,31.37733]]},"properties":{"id":"osm:w1268163876","name":"NH503","highway":"trunk","bridge":false}},{"type":"Feature","geometry":{"type":"LineString","coordinates":[[76.37139,31.37707],[76.37017,31.37727],[76.36986,31.37725],[76.36976,31.37723]]},"properties":{"id":"osm:w1268163877","name":"NH503","highway":"trunk","bridge":true}},{"type":"Feature","geometry":{"type":"LineString","coordinates":[[76.37486,31.37513],[76.37465,31.37529]]},"properties":{"id":"osm:w1268163878","name":"NH503","highway":"trunk","bridge":false}},{"type":"Feature","geometry":{"type":"LineString","coordinates":[[76.37475,31.37532],[76.37486,31.37513]]},"properties":{"id":"osm:w1268163879","name":"NH503","highway":"trunk","bridge":false}},{"type":"Feature","geometry":{"type":"LineString","coordinates":[[76.35071,31.37767],[76.3504,31.3775],[76.35003,31.37717],[76.34995,31.37712],[76.34981,31.37704],[76.34977,31.37701],[76.34908,31.37676],[76.34854,31.37658],[76.3481,31.37645],[76.34769,31.37637],[76.34729,31.37633]]},"properties":{"id":"osm:w1268163880","name":"NH503","highway":"trunk","bridge":false}},{"type":"Feature","geometry":{"type":"LineString","coordinates":[[76.3473,31.37643],[76.34744,31.37644],[76.34786,31.3765],[76.3486,31.37669],[76.34933,31.37695],[76.34978,31.37712],[76.35011,31.37737],[76.35042,31.37766],[76.35054,31.37782]]},"properties":{"id":"osm:w1268163881","name":"NH503","highway":"trunk","bridge":false}},{"type":"Feature","geometry":{"type":"LineString","coordinates":[[76.34398,31.37855],[76.34403,31.3784],[76.34419,31.37806],[76.34425,31.37795]]},"properties":{"id":"osm:w1268163882","name":"NH503","highway":"trunk","bridge":true}},{"type":"Feature","geometry":{"type":"LineString","coordinates":[[76.34425,31.37795],[76.34437,31.37775],[76.34462,31.37746],[76.34468,31.3774]]},"properties":{"id":"osm:w1268163883","name":"NH503","highway":"trunk","bridge":true}},{"type":"Feature","geometry":{"type":"LineString","coordinates":[[76.3446,31.37727],[76.34431,31.37758],[76.34421,31.37774],[76.34409,31.37793]]},"properties":{"id":"osm:w1268163885","name":"NH503","highway":"trunk","bridge":true}},{"type":"Feature","geometry":{"type":"LineString","coordinates":[[76.65717,31.22015],[76.65719,31.22038],[76.65724,31.22083],[76.65726,31.2212],[76.65723,31.22172],[76.65711,31.22222],[76.65711,31.22242],[76.6571,31.22256],[76.6572,31.22276],[76.6573,31.22291],[76.65745,31.22306],[76.65761,31.22324],[76.6577,31.22335],[76.65771,31.2235],[76.65767,31.22376]]},"properties":{"id":"osm:w1286162184","name":"NH205","highway":"trunk","bridge":false}},{"type":"Feature","geometry":{"type":"LineString","coordinates":[[76.5773,31.18446],[76.57701,31.1845],[76.5755,31.18467],[76.57489,31.18465],[76.57473,31.18464]]},"properties":{"id":"osm:w1286177590","name":"NH205","highway":"trunk","bridge":false}},{"type":"Feature","geometry":{"type":"LineString","coordinates":[[76.57712,31.18462],[76.57723,31.18461],[76.57742,31.18459]]},"properties":{"id":"osm:w1286177591","name":"NH205","highway":"trunk","bridge":false}},{"type":"Feature","geometry":{"type":"LineString","coordinates":[[76.57155,31.18415],[76.57201,31.18432],[76.57289,31.18457],[76.57347,31.18467],[76.57399,31.18473],[76.57501,31.18481],[76.57562,31.18479],[76.57581,31.18477],[76.57636,31.1847],[76.57712,31.18462]]},"properties":{"id":"osm:w1286177592","name":"NH205","highway":"trunk","bridge":true}},{"type":"Feature","geometry":{"type":"LineString","coordinates":[[76.57081,31.18389],[76.57142,31.1841],[76.57155,31.18415]]},"properties":{"id":"osm:w1286177593","name":"NH205","highway":"trunk","bridge":false}},{"type":"Feature","geometry":{"type":"LineString","coordinates":[[76.59518,31.19072],[76.59427,31.18972],[76.59422,31.18967],[76.59416,31.18961],[76.59051,31.18681],[76.58985,31.1863],[76.58887,31.18569],[76.58609,31.18476],[76.58422,31.18419],[76.58328,31.18398],[76.58286,31.18391],[76.58239,31.18393],[76.58158,31.18404]]},"properties":{"id":"osm:w1286183480","name":"NH205","highway":"trunk","bridge":false}},{"type":"Feature","geometry":{"type":"LineString","coordinates":[[76.57742,31.18459],[76.57759,31.18457],[76.57821,31.18452],[76.57888,31.18452],[76.5794,31.1845],[76.57983,31.18445],[76.58117,31.18422],[76.58244,31.18407],[76.58287,31.18404],[76.58318,31.18408],[76.5836,31.18417],[76.5846,31.18446],[76.58672,31.18509],[76.58844,31.18565],[76.58869,31.18575],[76.58905,31.18595],[76.59003,31.1866],[76.59196,31.18812],[76.59314,31.18901],[76.59402,31.18969],[76.59439,31.19007],[76.59502,31.1908]]},"properties":{"id":"osm:w1286183481","name":"NH205","highway":"trunk","bridge":false}},{"type":"Feature","geometry":{"type":"LineString","coordinates":[[76.59803,31.19418],[76.59518,31.19072]]},"properties":{"id":"osm:w1286183482","name":"NH205","highway":"trunk","bridge":false}},{"type":"Feature","geometry":{"type":"LineString","coordinates":[[76.59796,31.19434],[76.5981,31.19449],[76.60012,31.1969],[76.60236,31.19959],[76.60351,31.20092],[76.6038,31.20123],[76.60407,31.20151]]},"properties":{"id":"osm:w1286183483","name":"NH205","highway":"trunk","bridge":false}},{"type":"Feature","geometry":{"type":"LineString","coordinates":[[76.62163,31.20681],[76.62107,31.20686],[76.62102,31.20687],[76.62097,31.20688],[76.62045,31.20702],[76.61994,31.20729],[76.6196,31.20749],[76.61864,31.2081],[76.61855,31.20815],[76.61846,31.2082],[76.61783,31.20848]]},"properties":{"id":"osm:w1286183484","name":"NH205","highway":"trunk","bridge":false}},{"type":"Feature","geometry":{"type":"LineString","coordinates":[[76.60407,31.20151],[76.6046,31.20188],[76.60554,31.20239],[76.60629,31.20275],[76.60697,31.20322],[76.60886,31.20459],[76.61043,31.20573],[76.61094,31.20604],[76.61313,31.20706],[76.61506,31.20796],[76.61623,31.2085],[76.61645,31.20858],[76.61662,31.20863],[76.61689,31.20866],[76.61716,31.20868],[76.61754,31.20866],[76.6178,31.20862],[76.61794,31.20857]]},"properties":{"id":"osm:w1286183485","name":"NH205","highway":"trunk","bridge":false}},{"type":"Feature","geometry":{"type":"LineString","coordinates":[[76.62348,31.20638],[76.62328,31.20651],[76.62302,31.20662],[76.62264,31.20671],[76.62227,31.20675]]},"properties":{"id":"osm:w1286183486","name":"NH205","highway":"trunk","bridge":false}},{"type":"Feature","geometry":{"type":"LineString","coordinates":[[76.62232,31.20685],[76.62297,31.20675],[76.62326,31.20665],[76.62359,31.20649],[76.62397,31.20615],[76.62433,31.20575],[76.62493,31.20499],[76.62517,31.20476],[76.62533,31.20465],[76.62549,31.20459],[76.62569,31.20454],[76.62586,31.20453],[76.62606,31.20455],[76.62618,31.20456],[76.62633,31.20463],[76.62646,31.2047],[76.62673,31.20486],[76.62738,31.20525],[76.62766,31.20543]]},"properties":{"id":"osm:w1286183487","name":"NH205","highway":"trunk","bridge":false}},{"type":"Feature","geometry":{"type":"LineString","coordinates":[[76.61794,31.20857],[76.61815,31.2085],[76.61839,31.20838],[76.61887,31.20809],[76.61966,31.20758],[76.62047,31.20716],[76.6209,31.20704],[76.62123,31.20698],[76.62161,31.20693]]},"properties":{"id":"osm:w1286183488","name":"NH205","highway":"trunk","bridge":false}},{"type":"Feature","geometry":{"type":"LineString","coordinates":[[76.62161,31.20693],[76.62232,31.20685]]},"properties":{"id":"osm:w1286183489","name":"NH205","highway":"trunk","bridge":true}},{"type":"Feature","geometry":{"type":"LineString","coordinates":[[76.62775,31.20533],[76.62644,31.20454],[76.62636,31.2045],[76.62624,31.20445],[76.62615,31.20442],[76.62607,31.2044],[76.62598,31.20439],[76.62593,31.20439],[76.62589,31.20439],[76.62584,31.20439],[76.6258,31.20439],[76.62571,31.2044],[76.62562,31.20443],[76.62553,31.20446],[76.62545,31.20449],[76.62538,31.20453],[76.62531,31.20457],[76.62524,31.20462],[76.62496,31.20482],[76.62492,31.20486],[76.62467,31.20511],[76.62463,31.20516],[76.62418,31.20575],[76.62348,31.20638]]},"properties":{"id":"osm:w1286183490","name":"NH205","highway":"trunk","bridge":false}},{"type":"Feature","geometry":{"type":"LineString","coordinates":[[76.62775,31.20533],[76.62766,31.20543]]},"properties":{"id":"osm:w1286183491","name":"","highway":"tertiary","bridge":false}},{"type":"Feature","geometry":{"type":"LineString","coordinates":[[76.59502,31.1908],[76.59625,31.19228],[76.59796,31.19434]]},"properties":{"id":"osm:w1286183492","name":"NH205","highway":"trunk","bridge":false}},{"type":"Feature","geometry":{"type":"LineString","coordinates":[[76.62766,31.20543],[76.62778,31.2055],[76.62872,31.20604],[76.62944,31.20648],[76.62988,31.20679],[76.63149,31.20815],[76.63226,31.20884],[76.63246,31.20902],[76.63251,31.20907],[76.63261,31.20912],[76.63274,31.20918],[76.63285,31.20922],[76.63304,31.20927],[76.63334,31.2093],[76.6341,31.20931],[76.63457,31.20943],[76.63473,31.20954],[76.63498,31.20976],[76.63522,31.21007],[76.63615,31.21119],[76.63668,31.21183],[76.637,31.21212],[76.63708,31.21217],[76.63722,31.21224],[76.63742,31.2123],[76.63755,31.21232],[76.63767,31.21233],[76.63802,31.21231],[76.63819,31.21227],[76.63828,31.21225],[76.63847,31.21216]]},"properties":{"id":"osm:w1286187024","name":"NH205","highway":"trunk","bridge":false}},{"type":"Feature","geometry":{"type":"LineString","coordinates":[[76.6398,31.21178],[76.6402,31.21178],[76.64053,31.21167],[76.64158,31.21134]]},"properties":{"id":"osm:w1286187025","name":"NH205","highway":"trunk","bridge":false}},{"type":"Feature","geometry":{"type":"LineString","coordinates":[[76.62985,31.20662],[76.62953,31.20639],[76.62915,31.20616],[76.62873,31.2059],[76.62775,31.20533]]},"properties":{"id":"osm:w1286187026","name":"NH205","highway":"trunk","bridge":false}},{"type":"Feature","geometry":{"type":"LineString","coordinates":[[76.64158,31.21134],[76.6419,31.21125],[76.64244,31.21116]]},"properties":{"id":"osm:w1286187028","name":"NH205","highway":"trunk","bridge":false}},{"type":"Feature","geometry":{"type":"LineString","coordinates":[[76.66104,31.231],[76.6609,31.23043],[76.66081,31.23025],[76.66069,31.2301],[76.66031,31.2297],[76.66023,31.22955],[76.66018,31.22943],[76.66012,31.2292],[76.66009,31.22894],[76.66005,31.22875],[76.65998,31.22863],[76.65963,31.22827],[76.65909,31.22779],[76.65896,31.22766],[76.65883,31.22747],[76.65864,31.22706],[76.65827,31.22652],[76.65818,31.2263],[76.65805,31.22575],[76.65795,31.22552],[76.6578,31.22527],[76.65734,31.22478],[76.65727,31.22462],[76.65728,31.22432],[76.65736,31.2242],[76.65755,31.2241],[76.65768,31.22397],[76.65779,31.22371],[76.65781,31.22353],[76.65779,31.22333],[76.65768,31.22312],[76.65748,31.22296],[76.65732,31.22283],[76.6572,31.22266],[76.65715,31.22254],[76.65718,31.22235],[76.65722,31.22197],[76.65727,31.22178],[76.65737,31.22156],[76.65739,31.22138],[76.65738,31.22119],[76.6573,31.22083],[76.65727,31.22038],[76.65727,31.22024],[76.65727,31.22009],[76.65732,31.21985],[76.65753,31.2194],[76.65785,31.21867],[76.65797,31.21818],[76.658,31.21761],[76.65794,31.21726],[76.65781,31.21708],[76.65754,31.2169],[76.65692,31.21663],[76.65676,31.21662],[76.65663,31.21666],[76.65653,31.2167],[76.65645,31.21676],[76.65637,31.21687],[76.65623,31.21724],[76.65622,31.21741],[76.65624,31.21761],[76.65643,31.21798],[76.65647,31.21808],[76.65646,31.21819],[76.65643,31.21837],[76.65633,31.21851],[76.65626,31.21857],[76.65612,31.2186],[76.65585,31.21859],[76.65564,31.21855],[76.65533,31.21849],[76.65474,31.21837],[76.65451,31.2183],[76.654,31.21805],[76.65376,31.21787],[76.65359,31.21767],[76.65348,31.21753],[76.65327,31.21704],[76.65317,31.21677],[76.65306,31.21656],[76.65272,31.21622],[76.65229,31.21593],[76.65223,31.21579],[76.65222,31.21546],[76.65226,31.21524],[76.65246,31.21493],[76.6525,31.21478],[76.65252,31.21452],[76.65247,31.21437],[76.65235,31.21424],[76.65218,31.21416],[76.65193,31.21411],[76.65154,31.21415],[76.65136,31.21409],[76.65121,31.21401],[76.65094,31.2137],[76.65077,31.21339],[76.65041,31.21314],[76.65001,31.21291],[76.64968,31.21276],[76.64918,31.21247],[76.64803,31.21199],[76.64727,31.2117],[76.64669,31.21151],[76.64494,31.21122],[76.64399,31.21109],[76.64336,31.211],[76.64295,31.21098],[76.6425,31.21097],[76.64217,31.21104],[76.6418,31.21112],[76.64102,31.21133],[76.6405,31.21148],[76.64006,31.21161],[76.6398,31.21178]]},"properties":{"id":"osm:w1286187029","name":"NH205","highway":"trunk","bridge":false}},{"type":"Feature","geometry":{"type":"LineString","coordinates":[[76.64244,31.21116],[76.64329,31.21115],[76.64419,31.21123],[76.64504,31.21134],[76.64606,31.21151],[76.6468,31.21163],[76.64753,31.21193],[76.64842,31.21227],[76.64901,31.2125],[76.64962,31.21284]]},"properties":{"id":"osm:w1286187030","name":"NH205","highway":"trunk","bridge":false}},{"type":"Feature","geometry":{"type":"LineString","coordinates":[[76.64962,31.21284],[76.6498,31.21294],[76.65019,31.21312],[76.6506,31.2134],[76.65083,31.21375],[76.651,31.21398],[76.65117,31.21412],[76.65138,31.21422],[76.65157,31.21425],[76.65183,31.21422],[76.65205,31.21426],[76.65227,31.21438],[76.65242,31.21463],[76.65239,31.21489],[76.65224,31.21506],[76.65212,31.21526],[76.65205,31.21559],[76.65211,31.21583],[76.65221,31.21602],[76.65255,31.2163],[76.65281,31.21649],[76.65294,31.21663],[76.65314,31.21705]]},"properties":{"id":"osm:w1286187031","name":"NH205","highway":"trunk","bridge":false}},{"type":"Feature","geometry":{"type":"LineString","coordinates":[[76.65601,31.21869],[76.65615,31.21869],[76.65627,31.21865],[76.65641,31.21856],[76.65645,31.21848],[76.65648,31.21844],[76.65651,31.21837],[76.65656,31.21821],[76.65656,31.21811],[76.65649,31.2179],[76.65635,31.21754],[76.65634,31.21728],[76.65642,31.21702],[76.65658,31.2168],[76.65675,31.21672],[76.65693,31.21674],[76.65737,31.21692],[76.65777,31.21716],[76.65784,31.21729],[76.65788,31.21739],[76.6579,31.21792],[76.65788,31.21815],[76.65785,31.21837],[76.65775,31.21873],[76.65752,31.21922],[76.65738,31.21947],[76.65723,31.21983],[76.65717,31.22015]]},"properties":{"id":"osm:w1286187033","name":"NH205","highway":"trunk","bridge":false}},{"type":"Feature","geometry":{"type":"LineString","coordinates":[[76.65314,31.21705],[76.6533,31.2174],[76.65341,31.21762],[76.65364,31.21795],[76.65404,31.21823],[76.65463,31.21843],[76.65558,31.21864],[76.65601,31.21869]]},"properties":{"id":"osm:w1286187034","name":"NH205","highway":"trunk","bridge":false}},{"type":"Feature","geometry":{"type":"LineString","coordinates":[[76.6598,31.22856],[76.65987,31.22866],[76.65995,31.22881],[76.66002,31.22907],[76.66006,31.22934],[76.66012,31.2295],[76.66015,31.22957],[76.66019,31.22964],[76.66024,31.22971],[76.66044,31.22998],[76.66059,31.23015],[76.66067,31.23027],[76.66076,31.23047],[76.66092,31.23102],[76.66102,31.23127],[76.66108,31.23141]]},"properties":{"id":"osm:w1286187035","name":"NH205","highway":"trunk","bridge":false}},{"type":"Feature","geometry":{"type":"LineString","coordinates":[[76.65729,31.22487],[76.65774,31.22533],[76.65787,31.22555],[76.65795,31.22577],[76.65811,31.22633],[76.65817,31.22653],[76.65853,31.22708],[76.65875,31.22752],[76.6589,31.22772],[76.65905,31.22787],[76.6598,31.22856]]},"properties":{"id":"osm:w1286187036","name":"NH205","highway":"trunk","bridge":false}},{"type":"Feature","geometry":{"type":"LineString","coordinates":[[76.65767,31.22376],[76.65759,31.22394],[76.65747,31.22401],[76.65742,31.22404],[76.65736,31.22406],[76.65731,31.22408],[76.65728,31.22411],[76.65724,31.22413],[76.65722,31.22416],[76.65719,31.2242],[76.65718,31.22422],[76.65716,31.22427],[76.65714,31.22432],[76.65713,31.22438],[76.65713,31.2245],[76.65713,31.22457],[76.65715,31.22463],[76.65717,31.22468],[76.6572,31.22474],[76.65729,31.22487]]},"properties":{"id":"osm:w1286198344","name":"NH205","highway":"trunk","bridge":false}},{"type":"Feature","geometry":{"type":"LineString","coordinates":[[76.36319,31.37802],[76.36318,31.37802],[76.36318,31.378],[76.36316,31.37799],[76.36314,31.37797],[76.36311,31.37797],[76.36308,31.37797],[76.36306,31.37798],[76.36304,31.37799],[76.36303,31.37801],[76.36302,31.37804],[76.36303,31.37806],[76.36304,31.37808],[76.36306,31.37809],[76.36308,31.3781],[76.36311,31.37811],[76.36313,31.3781],[76.36316,31.37809],[76.36318,31.37807],[76.36319,31.37805],[76.36319,31.37802]]},"properties":{"id":"osm:w1289310715","name":"NH503","highway":"trunk","bridge":false}},{"type":"Feature","geometry":{"type":"LineString","coordinates":[[76.36311,31.37811],[76.36314,31.37836],[76.36332,31.37886],[76.36339,31.37906],[76.36343,31.37926],[76.36344,31.37938]]},"properties":{"id":"osm:w1289310716","name":"NH503","highway":"trunk","bridge":false}},{"type":"Feature","geometry":{"type":"LineString","coordinates":[[76.34392,31.37945],[76.34389,31.37907]]},"properties":{"id":"osm:w1289315112","name":"NH503","highway":"trunk","bridge":true}},{"type":"Feature","geometry":{"type":"LineString","coordinates":[[76.34395,31.38025],[76.34392,31.37945]]},"properties":{"id":"osm:w1289315113","name":"NH503","highway":"trunk","bridge":true}},{"type":"Feature","geometry":{"type":"LineString","coordinates":[[76.34409,31.37793],[76.34398,31.37815],[76.34387,31.37841],[76.34384,31.37854]]},"properties":{"id":"osm:w1289315114","name":"NH503","highway":"trunk","bridge":true}},{"type":"Feature","geometry":{"type":"LineString","coordinates":[[76.34384,31.37854],[76.34375,31.37942]]},"properties":{"id":"osm:w1289315115","name":"NH503","highway":"trunk","bridge":true}},{"type":"Feature","geometry":{"type":"LineString","coordinates":[[76.34375,31.37942],[76.34378,31.38025]]},"properties":{"id":"osm:w1289315116","name":"NH503","highway":"trunk","bridge":true}},{"type":"Feature","geometry":{"type":"LineString","coordinates":[[76.34415,31.38345],[76.34413,31.38294],[76.34408,31.38177],[76.34403,31.38035],[76.34403,31.38008],[76.34401,31.38],[76.34398,31.37995],[76.34387,31.37996],[76.34375,31.37997],[76.34372,31.38001],[76.34372,31.38014],[76.34384,31.38293],[76.3439,31.38305]]},"properties":{"id":"osm:w1289316031","name":"","highway":"tertiary","bridge":false}},{"type":"Feature","geometry":{"type":"LineString","coordinates":[[76.34406,31.38304],[76.34413,31.38294]]},"properties":{"id":"osm:w1289316032","name":"","highway":"tertiary","bridge":false}},{"type":"Feature","geometry":{"type":"LineString","coordinates":[[76.325,31.03334],[76.32569,31.03302],[76.3279,31.03197],[76.3295,31.03122],[76.33033,31.03089],[76.33112,31.03063],[76.33135,31.03056],[76.33299,31.03013],[76.33488,31.02963],[76.33714,31.02905],[76.33742,31.02897],[76.33997,31.02828],[76.34114,31.02795],[76.34155,31.02778],[76.34226,31.02744],[76.34294,31.02708],[76.34373,31.02657],[76.34456,31.02587],[76.34463,31.02581],[76.34574,31.02485],[76.34861,31.02241],[76.35005,31.0212],[76.35062,31.0208],[76.35105,31.02055],[76.35167,31.02022],[76.3523,31.01991],[76.35337,31.01958],[76.35407,31.01939],[76.35753,31.01883],[76.36281,31.018],[76.36493,31.01766],[76.36831,31.0172],[76.36867,31.01714],[76.36933,31.01702]]},"properties":{"id":"osm:w1289372191","name":"NH344A","highway":"trunk","bridge":false}},{"type":"Feature","geometry":{"type":"LineString","coordinates":[[76.31884,31.03594],[76.31848,31.0361],[76.31265,31.03876],[76.30984,31.04001],[76.30815,31.0408],[76.30634,31.04164],[76.30492,31.04232],[76.30424,31.04266],[76.30331,31.04334],[76.30292,31.04366],[76.30252,31.04399],[76.30197,31.04445],[76.30177,31.04462],[76.3014,31.04493],[76.29923,31.04674],[76.29588,31.04953],[76.29269,31.05225]]},"properties":{"id":"osm:w1289372193","name":"NH344A","highway":"trunk","bridge":false}},{"type":"Feature","geometry":{"type":"LineString","coordinates":[[76.52232,30.94511],[76.52223,30.94495],[76.52217,30.94479]]},"properties":{"id":"osm:w1289608356","name":"","highway":"primary","bridge":false}},{"type":"Feature","geometry":{"type":"LineString","coordinates":[[76.52135,30.94405],[76.52123,30.94417],[76.52109,30.94432]]},"properties":{"id":"osm:w1289608357","name":"NH344A","highway":"trunk","bridge":false}},{"type":"Feature","geometry":{"type":"LineString","coordinates":[[76.52076,30.94357],[76.52101,30.9437],[76.52113,30.94382],[76.5212,30.94389],[76.52135,30.94405]]},"properties":{"id":"osm:w1289608358","name":"","highway":"trunk","bridge":false}},{"type":"Feature","geometry":{"type":"LineString","coordinates":[[76.52124,30.94443],[76.52139,30.9443],[76.5215,30.94419]]},"properties":{"id":"osm:w1289608359","name":"Ropar Bypass","highway":"trunk","bridge":false}},{"type":"Feature","geometry":{"type":"LineString","coordinates":[[76.52135,30.94405],[76.5215,30.94419]]},"properties":{"id":"osm:w1289608360","name":"","highway":"trunk","bridge":false}},{"type":"Feature","geometry":{"type":"LineString","coordinates":[[76.31868,31.44171],[76.3192,31.44183],[76.31929,31.44187]]},"properties":{"id":"osm:w1289608966","name":"","highway":"secondary","bridge":false}},{"type":"Feature","geometry":{"type":"LineString","coordinates":[[76.6398,31.21178],[76.63847,31.21216]]},"properties":{"id":"osm:w1289797459","name":"NH205","highway":"trunk","bridge":false}},{"type":"Feature","geometry":{"type":"LineString","coordinates":[[76.49595,30.98234],[76.49523,30.98223],[76.4947,30.98222],[76.49386,30.98235],[76.49323,30.98256],[76.49236,30.98296],[76.49201,30.98312],[76.49169,30.98328]]},"properties":{"id":"osm:w1290187329","name":"","highway":"trunk","bridge":false}},{"type":"Feature","geometry":{"type":"LineString","coordinates":[[76.52017,30.98539],[76.51996,30.98559]]},"properties":{"id":"osm:w1290847161","name":"","highway":"secondary","bridge":false}},{"type":"Feature","geometry":{"type":"LineString","coordinates":[[76.49188,30.98332],[76.49232,30.98312],[76.49277,30.98297],[76.49315,30.98289]]},"properties":{"id":"osm:w1290847162","name":"Ropar Bypass","highway":"trunk","bridge":false}},{"type":"Feature","geometry":{"type":"LineString","coordinates":[[76.49312,30.98278],[76.49305,30.9828],[76.49253,30.98294],[76.49202,30.98314],[76.49169,30.98328]]},"properties":{"id":"osm:w1290847163","name":"NH344A","highway":"trunk","bridge":false}},{"type":"Feature","geometry":{"type":"LineString","coordinates":[[76.52196,30.94459],[76.52217,30.94479]]},"properties":{"id":"osm:w1291208455","name":"","highway":"primary","bridge":false}},{"type":"Feature","geometry":{"type":"LineString","coordinates":[[76.33665,31.42157],[76.33674,31.42162]]},"properties":{"id":"osm:w1291211866","name":"","highway":"tertiary","bridge":false}},{"type":"Feature","geometry":{"type":"LineString","coordinates":[[76.3717,31.01671],[76.37308,31.0165],[76.3753,31.0161],[76.37729,31.01572],[76.37885,31.01546],[76.37939,31.0154],[76.37968,31.01537],[76.38111,31.01532],[76.38153,31.01533],[76.38283,31.01542],[76.38329,31.01546]]},"properties":{"id":"osm:w1291322678","name":"NH344A","highway":"trunk","bridge":false}},{"type":"Feature","geometry":{"type":"LineString","coordinates":[[76.37161,31.01673],[76.3717,31.01671]]},"properties":{"id":"osm:w1291322679","name":"NH344A","highway":"trunk","bridge":true}},{"type":"Feature","geometry":{"type":"LineString","coordinates":[[76.39232,31.01269],[76.3916,31.01315],[76.39111,31.01341],[76.39062,31.01364],[76.3905,31.01371],[76.38963,31.01414],[76.38919,31.01433],[76.38875,31.01453],[76.38794,31.01484],[76.38744,31.015],[76.38628,31.01525],[76.38553,31.01534],[76.38483,31.01539],[76.38404,31.0154],[76.38325,31.01535],[76.38152,31.0152],[76.38073,31.01519],[76.37966,31.01524],[76.37916,31.01528],[76.37837,31.0154],[76.37722,31.01562],[76.37363,31.01623],[76.3718,31.01654]]},"properties":{"id":"osm:w1291322682","name":"NH344A","highway":"trunk","bridge":false}},{"type":"Feature","geometry":{"type":"LineString","coordinates":[[76.32492,31.03319],[76.32145,31.03478],[76.31884,31.03594]]},"properties":{"id":"osm:w1291322683","name":"NH344A","highway":"trunk","bridge":false}},{"type":"Feature","geometry":{"type":"LineString","coordinates":[[76.29589,31.04973],[76.29611,31.04956],[76.29691,31.04886],[76.29715,31.04865],[76.29806,31.04794],[76.29969,31.04656],[76.2999,31.04638],[76.30148,31.04506],[76.30152,31.04503],[76.30209,31.04455],[76.30276,31.04397],[76.30287,31.04389],[76.30308,31.04373],[76.30399,31.04303],[76.30445,31.04274],[76.3049,31.04251],[76.30596,31.04199],[76.3064,31.04177],[76.30831,31.04091],[76.31002,31.04011],[76.3101,31.04008],[76.31085,31.03979],[76.31209,31.0392],[76.31279,31.03888],[76.315,31.03789],[76.31738,31.03681],[76.31862,31.03622],[76.31889,31.0361],[76.32039,31.03545],[76.32316,31.0342],[76.325,31.03334]]},"properties":{"id":"osm:w1291322684","name":"NH344A","highway":"trunk","bridge":false}},{"type":"Feature","geometry":{"type":"LineString","coordinates":[[76.36933,31.01702],[76.37105,31.01681],[76.37161,31.01673]]},"properties":{"id":"osm:w1291322686","name":"NH344A","highway":"trunk","bridge":false}},{"type":"Feature","geometry":{"type":"LineString","coordinates":[[76.37939,31.0154],[76.37965,31.01546],[76.38021,31.01546],[76.38094,31.01541],[76.38119,31.01539]]},"properties":{"id":"osm:w1291322688","name":"","highway":"tertiary","bridge":false}},{"type":"Feature","geometry":{"type":"LineString","coordinates":[[76.38119,31.01539],[76.38173,31.01542],[76.38196,31.01543],[76.38254,31.01546],[76.38283,31.01542]]},"properties":{"id":"osm:w1291322689","name":"","highway":"tertiary","bridge":false}},{"type":"Feature","geometry":{"type":"LineString","coordinates":[[76.38555,31.01547],[76.38594,31.01542],[76.3871,31.0152],[76.3876,31.01508],[76.38802,31.01499],[76.38876,31.01471],[76.38931,31.01451],[76.39014,31.01409],[76.39049,31.01388],[76.3907,31.01377],[76.39109,31.01356]]},"properties":{"id":"osm:w1291322690","name":"NH344A","highway":"trunk","bridge":false}},{"type":"Feature","geometry":{"type":"LineString","coordinates":[[76.38329,31.01546],[76.38396,31.0155],[76.38488,31.01551],[76.38555,31.01547]]},"properties":{"id":"osm:w1291322691","name":"NH344A","highway":"trunk","bridge":false}},{"type":"Feature","geometry":{"type":"LineString","coordinates":[[76.39363,31.01206],[76.39445,31.01156],[76.39538,31.01099],[76.3954,31.01097],[76.39604,31.01062],[76.39669,31.01035],[76.39709,31.01019],[76.3975,31.01006],[76.39784,31.00998]]},"properties":{"id":"osm:w1291322693","name":"NH344A","highway":"trunk","bridge":false}},{"type":"Feature","geometry":{"type":"LineString","coordinates":[[76.39109,31.01356],[76.39162,31.01327],[76.39199,31.01305],[76.3925,31.01273],[76.39363,31.01206]]},"properties":{"id":"osm:w1291322695","name":"NH344A","highway":"trunk","bridge":false}},{"type":"Feature","geometry":{"type":"LineString","coordinates":[[76.40774,31.00909],[76.40843,31.00906],[76.40902,31.00898],[76.40937,31.00893],[76.40984,31.0088],[76.41057,31.00862],[76.4116,31.0082],[76.41178,31.00813],[76.41218,31.00797],[76.41414,31.00721],[76.41566,31.00662],[76.41696,31.00613],[76.41859,31.0055],[76.41917,31.00528]]},"properties":{"id":"osm:w1291322696","name":"NH344A","highway":"trunk","bridge":false}},{"type":"Feature","geometry":{"type":"LineString","coordinates":[[76.46012,30.99676],[76.45823,30.99735],[76.45625,30.99794],[76.45588,30.99806],[76.45075,30.99969],[76.44943,31.00009],[76.44901,31.00021],[76.44614,31.00111],[76.44297,31.00209],[76.44042,31.00292],[76.43852,31.00362],[76.43647,31.0043]]},"properties":{"id":"osm:w1291326658","name":"NH344A","highway":"trunk","bridge":false}},{"type":"Feature","geometry":{"type":"LineString","coordinates":[[76.39784,31.00998],[76.39839,31.00984],[76.3993,31.0097],[76.3997,31.00963],[76.40084,31.00957],[76.40172,31.00951],[76.40306,31.00945],[76.40414,31.00934],[76.40503,31.00925]]},"properties":{"id":"osm:w1291326660","name":"NH344A","highway":"trunk","bridge":false}},{"type":"Feature","geometry":{"type":"LineString","coordinates":[[76.40503,31.00925],[76.40588,31.00918],[76.40649,31.00915]]},"properties":{"id":"osm:w1291326661","name":"NH344A","highway":"trunk","bridge":false}},{"type":"Feature","geometry":{"type":"LineString","coordinates":[[76.41917,31.00528],[76.41982,31.00503],[76.42058,31.00477],[76.42194,31.0044],[76.42289,31.00416],[76.42328,31.00408],[76.42443,31.00394],[76.42501,31.00389],[76.42541,31.0039],[76.42698,31.00405],[76.4279,31.00415]]},"properties":{"id":"osm:w1291326662","name":"NH344A","highway":"trunk","bridge":false}},{"type":"Feature","geometry":{"type":"LineString","coordinates":[[76.4279,31.00415],[76.42806,31.00417],[76.42942,31.00436],[76.43096,31.00464]]},"properties":{"id":"osm:w1291326663","name":"NH344A","highway":"trunk","bridge":false}},{"type":"Feature","geometry":{"type":"LineString","coordinates":[[76.43096,31.00464],[76.43188,31.00478],[76.43247,31.00488],[76.43306,31.00492],[76.43367,31.0049],[76.43468,31.00484],[76.43505,31.00481]]},"properties":{"id":"osm:w1291333853","name":"NH344A","highway":"trunk","bridge":false}},{"type":"Feature","geometry":{"type":"LineString","coordinates":[[76.43505,31.00481],[76.43567,31.00467]]},"properties":{"id":"osm:w1291333854","name":"NH344A","highway":"trunk","bridge":false}},{"type":"Feature","geometry":{"type":"LineString","coordinates":[[76.4559,30.99829],[76.45632,30.99816],[76.45886,30.99738],[76.46002,30.99701],[76.46125,30.99663],[76.46224,30.99631],[76.46346,30.9959],[76.46381,30.99579],[76.46665,30.99489],[76.47017,30.99378],[76.47161,30.99332],[76.47224,30.99303],[76.47388,30.9922],[76.47617,30.991],[76.47777,30.99023],[76.47787,30.99018],[76.47819,30.99003],[76.48166,30.98838],[76.48558,30.98646],[76.49066,30.98401],[76.4914,30.98365]]},"properties":{"id":"osm:w1291333855","name":"","highway":"tertiary","bridge":false}},{"type":"Feature","geometry":{"type":"LineString","coordinates":[[76.4914,30.98365],[76.49171,30.98346],[76.49173,30.98339]]},"properties":{"id":"osm:w1291333856","name":"","highway":"tertiary","bridge":false}},{"type":"Feature","geometry":{"type":"LineString","coordinates":[[76.44017,31.00319],[76.4403,31.00322],[76.44043,31.00322],[76.44177,31.00276],[76.44269,31.00247],[76.44468,31.00184],[76.44614,31.00138]]},"properties":{"id":"osm:w1291333858","name":"","highway":"tertiary","bridge":false}},{"type":"Feature","geometry":{"type":"LineString","coordinates":[[76.45075,30.99992],[76.45298,30.99921],[76.4559,30.99829]]},"properties":{"id":"osm:w1291333859","name":"","highway":"tertiary","bridge":false}},{"type":"Feature","geometry":{"type":"LineString","coordinates":[[76.44901,31.00048],[76.45075,30.99992]]},"properties":{"id":"osm:w1291333860","name":"","highway":"tertiary","bridge":false}},{"type":"Feature","geometry":{"type":"LineString","coordinates":[[76.44614,31.00138],[76.44628,31.00134],[76.44872,31.00057],[76.44901,31.00048]]},"properties":{"id":"osm:w1291333861","name":"","highway":"tertiary","bridge":false}},{"type":"Feature","geometry":{"type":"LineString","coordinates":[[76.55224,31.20445],[76.55257,31.20419],[76.5527,31.20409],[76.55296,31.20388],[76.5531,31.20376],[76.55319,31.20368],[76.55358,31.20334],[76.55488,31.20221],[76.55632,31.20095]]},"properties":{"id":"osm:w1291995480","name":"NH503","highway":"trunk","bridge":false}},{"type":"Feature","geometry":{"type":"LineString","coordinates":[[76.55706,31.20021],[76.55755,31.19979]]},"properties":{"id":"osm:w1291995481","name":"NH503","highway":"trunk","bridge":true}},{"type":"Feature","geometry":{"type":"LineString","coordinates":[[76.55697,31.20014],[76.55692,31.2002],[76.55646,31.20069],[76.5563,31.20084],[76.55625,31.20089],[76.55578,31.20129],[76.55456,31.20238],[76.55362,31.20319],[76.5531,31.20361],[76.55301,31.20369],[76.55259,31.20403],[76.55251,31.2041],[76.55215,31.20439]]},"properties":{"id":"osm:w1291995482","name":"NH503","highway":"trunk","bridge":false}},{"type":"Feature","geometry":{"type":"LineString","coordinates":[[76.55749,31.19971],[76.55697,31.20014]]},"properties":{"id":"osm:w1291995483","name":"NH503","highway":"trunk","bridge":true}},{"type":"Feature","geometry":{"type":"LineString","coordinates":[[76.55632,31.20095],[76.55638,31.2009],[76.55652,31.20076],[76.55691,31.20037],[76.55706,31.20021]]},"properties":{"id":"osm:w1291995484","name":"NH503","highway":"trunk","bridge":false}},{"type":"Feature","geometry":{"type":"LineString","coordinates":[[76.41432,31.31635],[76.41397,31.31707],[76.41329,31.31825],[76.41282,31.31897],[76.41277,31.31905],[76.41131,31.3212],[76.41073,31.32206],[76.4102,31.32294],[76.40967,31.32363],[76.40898,31.32444],[76.4086,31.32496],[76.40846,31.32512],[76.40839,31.3252],[76.40806,31.32559],[76.40723,31.32669]]},"properties":{"id":"osm:w1292004409","name":"NH503","highway":"trunk","bridge":false}},{"type":"Feature","geometry":{"type":"LineString","coordinates":[[76.41432,31.31635],[76.41449,31.3161],[76.41462,31.31589]]},"properties":{"id":"osm:w1292004410","name":"NH503","highway":"trunk","bridge":false}},{"type":"Feature","geometry":{"type":"LineString","coordinates":[[76.41499,31.3151],[76.41462,31.31559]]},"properties":{"id":"osm:w1292004411","name":"NH503","highway":"trunk","bridge":false}},{"type":"Feature","geometry":{"type":"LineString","coordinates":[[76.4145,31.31579],[76.41442,31.31601],[76.41441,31.31604],[76.41432,31.31635]]},"properties":{"id":"osm:w1292004412","name":"NH503","highway":"trunk","bridge":false}},{"type":"Feature","geometry":{"type":"LineString","coordinates":[[76.41462,31.31559],[76.4145,31.31579]]},"properties":{"id":"osm:w1292004413","name":"NH503","highway":"trunk","bridge":false}},{"type":"Feature","geometry":{"type":"LineString","coordinates":[[76.41476,31.31561],[76.41481,31.3155],[76.41499,31.3151]]},"properties":{"id":"osm:w1292004414","name":"NH503","highway":"trunk","bridge":false}},{"type":"Feature","geometry":{"type":"LineString","coordinates":[[76.41462,31.31589],[76.41476,31.31561]]},"properties":{"id":"osm:w1292004415","name":"NH503","highway":"trunk","bridge":false}},{"type":"Feature","geometry":{"type":"LineString","coordinates":[[76.34468,31.3774],[76.34505,31.37708],[76.34537,31.37688],[76.3459,31.37664],[76.34632,31.3765],[76.3468,31.37643],[76.34715,31.37641],[76.3473,31.37643]]},"properties":{"id":"osm:w1293359188","name":"NH503","highway":"trunk","bridge":false}},{"type":"Feature","geometry":{"type":"LineString","coordinates":[[76.34729,31.37633],[76.3469,31.37633],[76.34661,31.37635],[76.34626,31.37642],[76.346,31.37649],[76.34567,31.37661],[76.34537,31.37675],[76.34503,31.37695],[76.34474,31.37717],[76.3446,31.37727]]},"properties":{"id":"osm:w1293359189","name":"NH503","highway":"trunk","bridge":false}},{"type":"Feature","geometry":{"type":"LineString","coordinates":[[76.3439,31.38292],[76.3439,31.38305],[76.34391,31.38309],[76.34399,31.38322]]},"properties":{"id":"osm:w1293359190","name":"NH503","highway":"trunk","bridge":false}},{"type":"Feature","geometry":{"type":"LineString","coordinates":[[76.34399,31.38322],[76.34406,31.38306],[76.34406,31.38304],[76.34405,31.38292]]},"properties":{"id":"osm:w1293359191","name":"NH503","highway":"trunk","bridge":false}},{"type":"Feature","geometry":{"type":"LineString","coordinates":[[76.50584,30.96448],[76.506,30.96453]]},"properties":{"id":"osm:w1293852392","name":"","highway":"tertiary","bridge":false}},{"type":"Feature","geometry":{"type":"LineString","coordinates":[[76.30311,31.04392],[76.30313,31.04407],[76.30314,31.04446],[76.30312,31.04534],[76.30308,31.04602],[76.30306,31.0469],[76.30297,31.04792],[76.30295,31.04837],[76.30296,31.04888],[76.30292,31.04946],[76.30288,31.05035],[76.30287,31.05106],[76.30282,31.05183],[76.3028,31.05217],[76.30277,31.05268],[76.30275,31.05295],[76.30272,31.05353],[76.30271,31.05361],[76.30271,31.05377],[76.30268,31.05423],[76.30264,31.05506],[76.30262,31.05551],[76.3026,31.05583]]},"properties":{"id":"osm:w1303398669","name":"","highway":"tertiary","bridge":false}},{"type":"Feature","geometry":{"type":"LineString","coordinates":[[76.30311,31.04392],[76.30308,31.04373]]},"properties":{"id":"osm:w1303398670","name":"","highway":"tertiary","bridge":false}},{"type":"Feature","geometry":{"type":"LineString","coordinates":[[76.30287,31.04389],[76.30302,31.04389],[76.30311,31.04392]]},"properties":{"id":"osm:w1303398671","name":"","highway":"tertiary","bridge":false}},{"type":"Feature","geometry":{"type":"LineString","coordinates":[[76.50676,31.25916],[76.50687,31.25952],[76.50693,31.25977]]},"properties":{"id":"osm:w1305029999","name":"","highway":"secondary","bridge":true}},{"type":"Feature","geometry":{"type":"LineString","coordinates":[[76.50669,31.25893],[76.50671,31.25899],[76.50676,31.25916]]},"properties":{"id":"osm:w1305030000","name":"","highway":"secondary","bridge":false}},{"type":"Feature","geometry":{"type":"LineString","coordinates":[[76.50693,31.25977],[76.50699,31.26],[76.50703,31.26014],[76.50707,31.26029],[76.50717,31.26073],[76.50726,31.26135],[76.50746,31.26165],[76.50776,31.26192],[76.50911,31.26227],[76.50927,31.26243],[76.5094,31.26275],[76.50944,31.26396],[76.50947,31.26427],[76.5096,31.26458],[76.50986,31.26478],[76.51032,31.26495],[76.51074,31.26524],[76.51108,31.26539],[76.51192,31.26562],[76.51227,31.2658],[76.51455,31.26734],[76.516,31.26854],[76.51735,31.26931],[76.51781,31.26954],[76.51802,31.26975],[76.51843,31.27085],[76.51866,31.27157],[76.51878,31.27212],[76.51878,31.27216],[76.51898,31.27303],[76.51923,31.27362],[76.52121,31.27655],[76.52217,31.27952],[76.52226,31.28101],[76.5224,31.28119],[76.52285,31.28137],[76.52294,31.28148],[76.52353,31.28173],[76.52417,31.28198],[76.52464,31.28238],[76.52479,31.28278],[76.52474,31.28298]]},"properties":{"id":"osm:w1305030001","name":"","highway":"secondary","bridge":false}},{"type":"Feature","geometry":{"type":"LineString","coordinates":[[76.50653,31.25837],[76.50664,31.25874],[76.50669,31.25893]]},"properties":{"id":"osm:w1305030002","name":"","highway":"secondary","bridge":true}},{"type":"Feature","geometry":{"type":"LineString","coordinates":[[76.36344,31.37938],[76.36336,31.37952],[76.3633,31.37965],[76.36318,31.37984]]},"properties":{"id":"osm:w1305185047","name":"NH503","highway":"trunk","bridge":false}},{"type":"Feature","geometry":{"type":"LineString","coordinates":[[76.58622,31.14598],[76.58607,31.14603],[76.58602,31.14609],[76.58604,31.14703],[76.58602,31.14729],[76.58596,31.14734],[76.58585,31.14738]]},"properties":{"id":"osm:w1316081068","name":"","highway":"tertiary","bridge":false}},{"type":"Feature","geometry":{"type":"LineString","coordinates":[[76.52927,30.95361],[76.52942,30.95405],[76.53038,30.95649],[76.53092,30.958],[76.53129,30.95946],[76.53166,30.96078],[76.5321,30.96252],[76.53239,30.9636],[76.53276,30.96509],[76.53295,30.96625],[76.53297,30.96646]]},"properties":{"id":"osm:w1324367259","name":"","highway":"tertiary","bridge":false}},{"type":"Feature","geometry":{"type":"LineString","coordinates":[[76.31176,31.46045],[76.31146,31.45963],[76.31128,31.45912],[76.31101,31.45837],[76.31047,31.45851]]},"properties":{"id":"osm:w1338487470","name":"","highway":"tertiary","bridge":false}},{"type":"Feature","geometry":{"type":"LineString","coordinates":[[76.36303,31.38035],[76.36324,31.38024]]},"properties":{"id":"osm:w1343584427","name":"","highway":"tertiary","bridge":false}},{"type":"Feature","geometry":{"type":"LineString","coordinates":[[76.29787,31.392],[76.29955,31.39197],[76.2996,31.39214],[76.29994,31.39212],[76.30075,31.39207],[76.30164,31.39201],[76.30171,31.39203],[76.30226,31.39347],[76.30215,31.39464],[76.3027,31.39507]]},"properties":{"id":"osm:w1352938518","name":"","highway":"tertiary","bridge":false}},{"type":"Feature","geometry":{"type":"LineString","coordinates":[[76.35004,31.42129],[76.34973,31.4211],[76.34899,31.42079],[76.34877,31.42069],[76.34844,31.42054],[76.34777,31.42018],[76.34732,31.41979],[76.34722,31.4197],[76.34702,31.41957],[76.34621,31.41946],[76.34574,31.41927],[76.34495,31.41901],[76.34454,31.41891],[76.34389,31.41869],[76.34364,31.41873],[76.34326,31.41887],[76.34297,31.41887],[76.34255,31.41874],[76.34207,31.41874],[76.34146,31.41861],[76.34083,31.41882],[76.34031,31.41894],[76.33979,31.41894],[76.33946,31.41883],[76.33878,31.41881],[76.33808,31.41879],[76.33793,31.41879],[76.33783,31.41878]]},"properties":{"id":"osm:w1358719275","name":"","highway":"secondary","bridge":false}},{"type":"Feature","geometry":{"type":"LineString","coordinates":[[76.49748,30.94764],[76.49742,30.94759],[76.49466,30.94572],[76.49384,30.94523],[76.49372,30.94515]]},"properties":{"id":"osm:w1364722840","name":"Bela-Ropar Road","highway":"tertiary","bridge":false}},{"type":"Feature","geometry":{"type":"LineString","coordinates":[[76.51051,30.95463],[76.51046,30.95454],[76.51013,30.95433],[76.50964,30.954],[76.50904,30.95365],[76.50859,30.9534],[76.5072,30.95263],[76.50688,30.95246],[76.50629,30.95211],[76.50569,30.95177],[76.50516,30.95151],[76.5044,30.95119],[76.50365,30.95089],[76.50352,30.95084],[76.50332,30.95077],[76.50278,30.95056],[76.50171,30.95014],[76.50139,30.95002],[76.50108,30.9499],[76.50081,30.94979],[76.50067,30.94971],[76.50062,30.94967],[76.49985,30.94916],[76.49917,30.94868],[76.49759,30.94767],[76.49748,30.94764]]},"properties":{"id":"osm:w1364722841","name":"Bela-Ropar Road","highway":"tertiary","bridge":false}},{"type":"Feature","geometry":{"type":"LineString","coordinates":[[76.49748,30.94764],[76.49752,30.94773],[76.49882,30.94854],[76.49884,30.94856],[76.49895,30.94863],[76.49944,30.94897],[76.49983,30.94923],[76.50024,30.9495],[76.50056,30.94971],[76.50069,30.94978],[76.50075,30.94981],[76.5012,30.95],[76.502,30.9503],[76.50303,30.95072],[76.50334,30.95084],[76.50352,30.95091],[76.50365,30.95096],[76.50459,30.95133],[76.50538,30.95169],[76.50612,30.95209],[76.50718,30.9527],[76.50721,30.95272],[76.50795,30.95312],[76.50908,30.95375],[76.50948,30.95398],[76.50951,30.954],[76.5099,30.95427],[76.51037,30.95461],[76.51051,30.95463]]},"properties":{"id":"osm:w1364722842","name":"Bela-Ropar Road","highway":"tertiary","bridge":false}},{"type":"Feature","geometry":{"type":"LineString","coordinates":[[76.5195,30.96224],[76.51948,30.96215],[76.51912,30.96179],[76.51872,30.96137],[76.51809,30.96073],[76.51735,30.95996],[76.51709,30.95969],[76.51594,30.95851],[76.51538,30.95796],[76.51526,30.95784],[76.51514,30.95774],[76.51493,30.95758],[76.51366,30.95672],[76.51342,30.95655],[76.51297,30.95626],[76.51201,30.9556],[76.5115,30.95526],[76.51139,30.95522]]},"properties":{"id":"osm:w1364722843","name":"Bela-Ropar Road","highway":"tertiary","bridge":false}},{"type":"Feature","geometry":{"type":"LineString","coordinates":[[76.51139,30.95522],[76.51146,30.95534],[76.51182,30.95558],[76.51191,30.95564],[76.51285,30.9563],[76.51292,30.95633],[76.51355,30.95677],[76.51358,30.95679],[76.51371,30.95688],[76.51463,30.95749],[76.51472,30.95755],[76.51507,30.9578],[76.51516,30.95786],[76.51544,30.95813],[76.51646,30.9592],[76.51724,30.95997],[76.51863,30.96143],[76.51939,30.9622],[76.5195,30.96224]]},"properties":{"id":"osm:w1364722844","name":"Bela-Ropar Road","highway":"tertiary","bridge":false}},{"type":"Feature","geometry":{"type":"LineString","coordinates":[[76.51139,30.95522],[76.51117,30.95507],[76.51112,30.95504],[76.51092,30.95491],[76.51079,30.95482],[76.51062,30.95471],[76.51051,30.95463]]},"properties":{"id":"osm:w1364722845","name":"Bela-Ropar Road","highway":"tertiary","bridge":false}},{"type":"Feature","geometry":{"type":"LineString","coordinates":[[76.47241,30.97179],[76.47208,30.97177],[76.47159,30.97179],[76.47012,30.97207],[76.46854,30.97251],[76.46781,30.97263],[76.46641,30.97268],[76.46547,30.97272],[76.46417,30.97262],[76.46346,30.97241],[76.46231,30.97217],[76.46073,30.97179],[76.46034,30.97171],[76.45953,30.97171],[76.45747,30.9717]]},"properties":{"id":"osm:w1426169918","name":"","highway":"tertiary","bridge":false}},{"type":"Feature","geometry":{"type":"LineString","coordinates":[[76.45688,30.97172],[76.45638,30.97173],[76.4548,30.97178],[76.45356,30.97185],[76.45298,30.97161]]},"properties":{"id":"osm:w1426169919","name":"","highway":"tertiary","bridge":false}},{"type":"Feature","geometry":{"type":"LineString","coordinates":[[76.45747,30.9717],[76.45688,30.97172]]},"properties":{"id":"osm:w1426169920","name":"","highway":"tertiary","bridge":true}},{"type":"Feature","geometry":{"type":"LineString","coordinates":[[76.5034,31.29467],[76.50337,31.29499]]},"properties":{"id":"osm:w1445987432","name":"","highway":"tertiary","bridge":true}},{"type":"Feature","geometry":{"type":"LineString","coordinates":[[76.49357,31.27561],[76.49365,31.27562],[76.49371,31.27563],[76.49456,31.27575],[76.49478,31.27584],[76.49491,31.27593],[76.49507,31.27609],[76.49512,31.27619],[76.49519,31.27634],[76.49532,31.2775],[76.4953,31.27766],[76.4952,31.27801],[76.4952,31.27807],[76.49526,31.27826],[76.49538,31.27852],[76.49568,31.2788],[76.49595,31.27902],[76.49602,31.27912],[76.49603,31.27924],[76.49604,31.27956],[76.49608,31.27966],[76.49623,31.27989],[76.49681,31.28076],[76.49713,31.2811],[76.49737,31.28139],[76.49753,31.28161],[76.49802,31.28214],[76.49823,31.28229],[76.49847,31.28238],[76.49881,31.28261],[76.49913,31.28294],[76.49916,31.28308],[76.49943,31.28403],[76.49954,31.28416],[76.50057,31.28522],[76.50061,31.28537],[76.50059,31.28548],[76.50018,31.2863],[76.50018,31.28645],[76.50028,31.28653],[76.5008,31.28688],[76.50091,31.28701],[76.5016,31.28822],[76.50188,31.28852],[76.50235,31.28932],[76.50272,31.29038],[76.50274,31.29072],[76.50281,31.29099],[76.50298,31.29114],[76.50314,31.29124],[76.5035,31.29136],[76.50404,31.29191],[76.50407,31.29205],[76.5035,31.29284],[76.50326,31.29338],[76.50324,31.29367],[76.5034,31.29395],[76.50345,31.29416],[76.5034,31.29467]]},"properties":{"id":"osm:w1445987433","name":"","highway":"tertiary","bridge":false}},{"type":"Feature","geometry":{"type":"LineString","coordinates":[[76.29278,31.13232],[76.29528,31.13306],[76.29735,31.13372],[76.29979,31.13448],[76.30224,31.13526],[76.30251,31.13525]]},"properties":{"id":"osm:w1457910375","name":"","highway":"tertiary","bridge":false}},{"type":"Feature","geometry":{"type":"LineString","coordinates":[[76.33112,31.03063],[76.33167,31.03056],[76.33175,31.03055],[76.33229,31.0304],[76.33266,31.0303],[76.33388,31.02996],[76.33487,31.02971],[76.33594,31.02942],[76.33712,31.02911],[76.33742,31.02897]]},"properties":{"id":"osm:w1458296280","name":"","highway":"secondary","bridge":false}},{"type":"Feature","geometry":{"type":"LineString","coordinates":[[76.40718,31.00898],[76.40649,31.00902],[76.40507,31.00913],[76.40175,31.00937],[76.40082,31.00942],[76.39942,31.00954],[76.39853,31.00965],[76.39806,31.00975],[76.39767,31.00985],[76.39697,31.01007],[76.39606,31.01046],[76.39358,31.01192],[76.39232,31.01269]]},"properties":{"id":"osm:w1458387821","name":"NH344A","highway":"trunk","bridge":false}},{"type":"Feature","geometry":{"type":"LineString","coordinates":[[76.40775,31.00897],[76.40718,31.00898]]},"properties":{"id":"osm:w1458387822","name":"NH344A","highway":"trunk","bridge":true}},{"type":"Feature","geometry":{"type":"LineString","coordinates":[[76.40649,31.00915],[76.4072,31.0091]]},"properties":{"id":"osm:w1458387823","name":"NH344A","highway":"trunk","bridge":false}},{"type":"Feature","geometry":{"type":"LineString","coordinates":[[76.4072,31.0091],[76.40774,31.00909]]},"properties":{"id":"osm:w1458387824","name":"NH344A","highway":"trunk","bridge":true}},{"type":"Feature","geometry":{"type":"LineString","coordinates":[[76.43567,31.00467],[76.43616,31.00454]]},"properties":{"id":"osm:w1458389089","name":"NH344A","highway":"trunk","bridge":false}},{"type":"Feature","geometry":{"type":"LineString","coordinates":[[76.43616,31.00454],[76.43652,31.00443]]},"properties":{"id":"osm:w1458389090","name":"NH344A","highway":"trunk","bridge":true}},{"type":"Feature","geometry":{"type":"LineString","coordinates":[[76.43612,31.00441],[76.43604,31.00444],[76.43551,31.00457],[76.43506,31.00467],[76.43468,31.00472],[76.43429,31.00475],[76.43367,31.00478],[76.43305,31.00479]]},"properties":{"id":"osm:w1458389091","name":"NH344A","highway":"trunk","bridge":false}},{"type":"Feature","geometry":{"type":"LineString","coordinates":[[76.43647,31.0043],[76.43612,31.00441]]},"properties":{"id":"osm:w1458389092","name":"NH344A","highway":"trunk","bridge":true}},{"type":"Feature","geometry":{"type":"LineString","coordinates":[[76.29964,31.20467],[76.29973,31.2045],[76.29975,31.20429],[76.29963,31.20401],[76.29936,31.20382],[76.29929,31.20373],[76.29928,31.20359],[76.30017,31.20151],[76.30097,31.19955],[76.30109,31.19926],[76.30124,31.19853],[76.3013,31.19827],[76.30141,31.19815],[76.30511,31.19604],[76.30697,31.19482],[76.30727,31.19385],[76.30734,31.19362],[76.30748,31.19279],[76.30759,31.19242],[76.30792,31.19172],[76.30879,31.19039],[76.30885,31.19035],[76.30956,31.19056],[76.30983,31.19063],[76.31026,31.19075],[76.31038,31.19074],[76.31042,31.19071],[76.31055,31.19045],[76.31068,31.19039],[76.31087,31.19035],[76.31331,31.19038],[76.31352,31.19035],[76.31356,31.19027],[76.31347,31.18922],[76.31345,31.18801],[76.31343,31.18467],[76.31335,31.18323],[76.31343,31.1831],[76.31386,31.18289],[76.3143,31.18285],[76.31457,31.18274],[76.31495,31.18268],[76.31563,31.18276]]},"properties":{"id":"osm:w1462324983","name":"","highway":"tertiary","bridge":false}},{"type":"Feature","geometry":{"type":"LineString","coordinates":[[76.31563,31.18276],[76.31585,31.18276]]},"properties":{"id":"osm:w1462324984","name":"","highway":"tertiary","bridge":true}},{"type":"Feature","geometry":{"type":"LineString","coordinates":[[76.48721,30.9385],[76.48611,30.93774],[76.48297,30.93542],[76.48219,30.93487],[76.47634,30.93209],[76.4759,30.93189],[76.47415,30.93105],[76.47261,30.93035],[76.46857,30.92851],[76.46683,30.92793],[76.46676,30.92791],[76.46497,30.92727],[76.46445,30.92708]]},"properties":{"id":"osm:w1463480391","name":"Bela-Ropar Road","highway":"tertiary","bridge":false}},{"type":"Feature","geometry":{"type":"LineString","coordinates":[[76.46445,30.92708],[76.46329,30.92664]]},"properties":{"id":"osm:w1463480392","name":"Bela-Ropar Road","highway":"tertiary","bridge":true}},{"type":"Feature","geometry":{"type":"LineString","coordinates":[[76.40292,30.93639],[76.40277,30.93638]]},"properties":{"id":"osm:w1463535270","name":"Bela-Ropar Road","highway":"tertiary","bridge":false}},{"type":"Feature","geometry":{"type":"LineString","coordinates":[[76.40397,30.93647],[76.40292,30.93639]]},"properties":{"id":"osm:w1463535271","name":"Bela-Ropar Road","highway":"tertiary","bridge":true}},{"type":"Feature","geometry":{"type":"LineString","coordinates":[[76.33426,31.16153],[76.33443,31.16107],[76.33553,31.15812],[76.33617,31.15673],[76.33682,31.15588],[76.33699,31.15571],[76.3402,31.15432],[76.3403,31.15422],[76.34181,31.15241],[76.34217,31.15191],[76.34248,31.15113],[76.34283,31.15028]]},"properties":{"id":"osm:w1481210115","name":"","highway":"tertiary","bridge":false}},{"type":"Feature","geometry":{"type":"LineString","coordinates":[[76.33145,31.16469],[76.33153,31.16463]]},"properties":{"id":"osm:w1481210116","name":"","highway":"tertiary","bridge":true}},{"type":"Feature","geometry":{"type":"LineString","coordinates":[[76.33153,31.16463],[76.3317,31.16447],[76.33204,31.1641],[76.33234,31.16378],[76.33374,31.16263],[76.33383,31.16254],[76.33416,31.16178]]},"properties":{"id":"osm:w1481210580","name":"","highway":"tertiary","bridge":false}},{"type":"Feature","geometry":{"type":"LineString","coordinates":[[76.33416,31.16178],[76.33426,31.16153]]},"properties":{"id":"osm:w1481210581","name":"","highway":"tertiary","bridge":true}},{"type":"Feature","geometry":{"type":"LineString","coordinates":[[76.49575,31.23367],[76.49579,31.23377],[76.49664,31.23485],[76.49381,31.23751],[76.49342,31.23787],[76.49328,31.23802],[76.49324,31.23809],[76.49324,31.23821],[76.49329,31.23834],[76.49342,31.23853],[76.4937,31.23882],[76.49415,31.23913],[76.49521,31.23981],[76.49542,31.23995],[76.49556,31.24004],[76.49699,31.24148],[76.4977,31.24174],[76.49884,31.24199],[76.49917,31.24207],[76.49928,31.24228],[76.49927,31.24256],[76.49927,31.24262]]},"properties":{"id":"osm:w1484711904","name":"","highway":"secondary","bridge":false}},{"type":"Feature","geometry":{"type":"LineString","coordinates":[[76.49927,31.24262],[76.49924,31.24324]]},"properties":{"id":"osm:w1484711905","name":"","highway":"secondary","bridge":true}},{"type":"Feature","geometry":{"type":"LineString","coordinates":[[76.44427,31.23327],[76.44467,31.23433],[76.44501,31.23493],[76.4455,31.23549],[76.44593,31.23583],[76.44671,31.23627],[76.44741,31.23654],[76.44803,31.23667],[76.44887,31.23668],[76.45311,31.23639],[76.45317,31.23638]]},"properties":{"id":"osm:w1484724519","name":"","highway":"secondary","bridge":false}},{"type":"Feature","geometry":{"type":"LineString","coordinates":[[76.45317,31.23638],[76.45471,31.23625]]},"properties":{"id":"osm:w1484724520","name":"","highway":"secondary","bridge":true}},{"type":"Feature","geometry":{"type":"LineString","coordinates":[[76.53426,30.97148],[76.53441,30.97226],[76.53452,30.97286],[76.53476,30.97427],[76.53521,30.97734],[76.53531,30.97794],[76.53533,30.97814],[76.53543,30.97886],[76.53559,30.97965],[76.53576,30.98021],[76.53587,30.98058],[76.53595,30.98087],[76.53599,30.98099],[76.53608,30.98138],[76.53621,30.98219],[76.53622,30.98226],[76.53635,30.98303]]},"properties":{"id":"osm:w1504687955","name":"NH205","highway":"trunk","bridge":false}},{"type":"Feature","geometry":{"type":"LineString","coordinates":[[76.53635,30.98303],[76.53638,30.98318]]},"properties":{"id":"osm:w1504687956","name":"NH205","highway":"trunk","bridge":true}},{"type":"Feature","geometry":{"type":"LineString","coordinates":[[76.53652,30.98301],[76.5365,30.98295],[76.53636,30.98232],[76.53635,30.98224],[76.53627,30.98176],[76.53608,30.98086],[76.53607,30.98083],[76.53585,30.98002],[76.53557,30.97886],[76.53538,30.97788],[76.53533,30.97762],[76.53521,30.97659],[76.53504,30.9755],[76.53484,30.97417],[76.53464,30.97314],[76.53448,30.97223],[76.53436,30.97154],[76.53428,30.97097],[76.5343,30.97069],[76.5343,30.97037],[76.53439,30.96967],[76.53449,30.96881],[76.53454,30.96829],[76.53463,30.96769],[76.53472,30.9672]]},"properties":{"id":"osm:w1504687957","name":"NH205","highway":"trunk","bridge":false}},{"type":"Feature","geometry":{"type":"LineString","coordinates":[[76.53654,30.98315],[76.53652,30.98301]]},"properties":{"id":"osm:w1504687958","name":"NH205","highway":"trunk","bridge":true}}]}