{"type":"FeatureCollection","features":[{"type":"Feature","geometry":{"type":"LineString","coordinates":[[70.78973,22.73379],[70.79015,22.73465],[70.79151,22.73747],[70.79275,22.7408]]},"properties":{"id":"osm:w22867758","name":"Morbi Bypass","highway":"primary","bridge":false}},{"type":"Feature","geometry":{"type":"LineString","coordinates":[[70.7528,22.63786],[70.75287,22.63751],[70.75315,22.63624],[70.75328,22.63548],[70.75333,22.63486],[70.75326,22.63426],[70.75315,22.6337],[70.75286,22.63272],[70.7527,22.63207],[70.75264,22.63165],[70.75255,22.62986],[70.75249,22.62877],[70.75246,22.62748],[70.75244,22.62318],[70.75233,22.61809],[70.75232,22.61739],[70.75228,22.61681],[70.75214,22.6162],[70.75195,22.61576],[70.75093,22.61352],[70.75089,22.61344],[70.74967,22.61088],[70.7481,22.60762],[70.74592,22.60323],[70.74503,22.60122],[70.74362,22.5979],[70.74325,22.59702],[70.74321,22.59674],[70.74319,22.59663],[70.74316,22.59608],[70.74321,22.59556],[70.74333,22.5942],[70.74341,22.59336],[70.74372,22.59022],[70.74399,22.58742],[70.7442,22.58529],[70.74483,22.57927],[70.74546,22.57361],[70.74581,22.57037],[70.74618,22.56717],[70.7463,22.56569],[70.74631,22.56551]]},"properties":{"id":"osm:w44506186","name":"Rajkot - Morbi Highway","highway":"primary","bridge":false}},{"type":"Feature","geometry":{"type":"LineString","coordinates":[[71.01716,22.5947],[71.01341,22.59496],[71.00908,22.59533],[71.00893,22.59526],[71.00867,22.59522],[71.008,22.59523],[71.0077,22.59527],[71.00639,22.59562],[71.00511,22.59618],[71.00373,22.59667],[71.00331,22.59679],[71.00181,22.59713],[71.00058,22.59741],[70.99921,22.59789],[70.99905,22.59794],[70.99841,22.59815],[70.99816,22.59823],[70.99806,22.59827],[70.99784,22.59834],[70.99768,22.5984],[70.99759,22.59843],[70.99743,22.59853],[70.99683,22.59876],[70.99638,22.59893],[70.99625,22.59898],[70.99522,22.59931],[70.99417,22.59969],[70.99383,22.59986],[70.99329,22.60031],[70.99272,22.60079],[70.99201,22.60126],[70.9912,22.60179],[70.98979,22.60268],[70.98895,22.60312],[70.98851,22.60331],[70.98833,22.60343],[70.9879,22.60396],[70.98758,22.60444],[70.98748,22.60476],[70.98747,22.60492],[70.98749,22.60515],[70.98748,22.60529],[70.98745,22.60587],[70.98744,22.6069],[70.98744,22.6073],[70.98772,22.60824],[70.98807,22.60911],[70.98854,22.61021],[70.98925,22.61179],[70.98934,22.61212],[70.98927,22.61296],[70.98916,22.61398],[70.98895,22.61473],[70.9887,22.61567],[70.98844,22.6165],[70.98818,22.617],[70.98791,22.6173],[70.98779,22.61742],[70.98769,22.6175],[70.98718,22.61785],[70.98702,22.61796],[70.98676,22.61813],[70.98636,22.6184],[70.98555,22.61893],[70.98431,22.61981],[70.98256,22.62091],[70.98057,22.6225],[70.9774,22.62495],[70.97061,22.62993],[70.97054,22.62998],[70.96907,22.63124],[70.96605,22.63337],[70.96179,22.63636],[70.96162,22.63643]]},"properties":{"id":"osm:w119944391","name":"SH113","highway":"primary","bridge":false}},{"type":"Feature","geometry":{"type":"LineString","coordinates":[[70.81088,22.79919],[70.81085,22.79954],[70.81077,22.80043],[70.81067,22.80163],[70.81066,22.80177],[70.8105,22.80345],[70.81043,22.80455],[70.81042,22.80464],[70.81041,22.80478],[70.81037,22.80597],[70.81037,22.80863],[70.81036,22.81012],[70.81035,22.81164],[70.81031,22.81595],[70.81031,22.81609],[70.81031,22.81653],[70.81031,22.8181],[70.81032,22.8219],[70.81032,22.82244],[70.81032,22.82578],[70.81032,22.82915],[70.81032,22.82938]]},"properties":{"id":"osm:w129111367","name":"Morbi Bypass","highway":"primary","bridge":false}},{"type":"Feature","geometry":{"type":"LineString","coordinates":[[70.88699,22.83474],[70.88688,22.83465],[70.88673,22.83462],[70.88654,22.83464],[70.88553,22.83504],[70.88514,22.83508],[70.88474,22.83502],[70.88252,22.83454],[70.88216,22.83436],[70.88069,22.83326],[70.88004,22.83293],[70.87766,22.83209],[70.87663,22.83183],[70.87303,22.8312],[70.87257,22.83112],[70.87107,22.83084],[70.86805,22.83008],[70.86532,22.82939],[70.86321,22.82887],[70.86096,22.82833],[70.85754,22.82749],[70.85718,22.82741],[70.85688,22.82735]]},"properties":{"id":"osm:w129111371","name":"","highway":"secondary","bridge":false}},{"type":"Feature","geometry":{"type":"LineString","coordinates":[[70.83059,22.81138],[70.82963,22.81167],[70.82866,22.81261],[70.82859,22.81274],[70.82853,22.81281],[70.8285,22.81285],[70.82849,22.8129],[70.82849,22.81294],[70.82849,22.81305],[70.82844,22.81368],[70.82841,22.8143],[70.82837,22.81491],[70.82834,22.81556],[70.82833,22.81562],[70.8283,22.8162],[70.82827,22.81683],[70.82823,22.8175],[70.82821,22.81787],[70.82819,22.81818]]},"properties":{"id":"osm:w129114402","name":"","highway":"tertiary","bridge":false}},{"type":"Feature","geometry":{"type":"LineString","coordinates":[[70.95322,22.61659],[70.95348,22.61662],[70.95391,22.61665],[70.95422,22.61668],[70.95474,22.61673],[70.95511,22.61676],[70.95555,22.6168],[70.95588,22.61683],[70.95602,22.6168],[70.95656,22.61684],[70.95755,22.6169],[70.95782,22.61692],[70.95785,22.61692],[70.95801,22.61693],[70.95821,22.61698],[70.95833,22.61706],[70.95847,22.6172],[70.95848,22.61722],[70.95889,22.61781],[70.96157,22.61915],[70.96354,22.62033],[70.96369,22.62035],[70.9638,22.62032],[70.96413,22.62022],[70.96438,22.62014],[70.965,22.61995],[70.96544,22.61982],[70.9658,22.61971],[70.96581,22.6197],[70.96691,22.61937],[70.96725,22.61927],[70.96795,22.61905],[70.9684,22.61892],[70.96881,22.61879],[70.96898,22.61874],[70.96912,22.61872],[70.96925,22.61875],[70.96929,22.61876],[70.96954,22.61887],[70.96957,22.61888],[70.96983,22.61898],[70.96987,22.619],[70.96993,22.61901],[70.97259,22.61943],[70.97704,22.62003],[70.98256,22.62091],[70.98858,22.62199],[70.98879,22.62203],[70.99707,22.62408],[70.99718,22.62409],[70.99959,22.62433],[71.00439,22.62524],[71.00669,22.62568],[71.01507,22.62566],[71.02376,22.62447],[71.02493,22.62432],[71.02541,22.62428],[71.02752,22.62433],[71.02921,22.62433],[71.03036,22.62431],[71.03313,22.62425],[71.03388,22.62427],[71.03426,22.62424],[71.03544,22.62405],[71.03647,22.62394],[71.03677,22.62398],[71.03806,22.62421],[71.04137,22.62496],[71.04353,22.62543],[71.0438,22.62673],[71.04452,22.6287],[71.04472,22.62953],[71.04487,22.63026],[71.04605,22.63238],[71.04693,22.63332],[71.0481,22.63427],[71.04849,22.63438],[71.04881,22.63429],[71.04953,22.63388],[71.05007,22.63363],[71.05058,22.63366],[71.05182,22.63372],[71.05242,22.63373],[71.05261,22.6337],[71.05292,22.63347],[71.05492,22.6319],[71.05529,22.6313],[71.05614,22.63009],[71.05697,22.62882],[71.05749,22.62804],[71.05785,22.62788],[71.05891,22.62775],[71.06131,22.62709],[71.0632,22.62662],[71.06541,22.62625],[71.06702,22.62605],[71.07039,22.62558],[71.07141,22.6254],[71.07332,22.62446],[71.0757,22.62312],[71.07715,22.62236],[71.07758,22.62215],[71.0779,22.62209],[71.0783,22.62209],[71.07879,22.62229],[71.08126,22.62356],[71.08329,22.62459],[71.08348,22.62456],[71.08376,22.6246],[71.08436,22.62482],[71.08482,22.62504],[71.08517,22.6251],[71.08534,22.6248],[71.08543,22.6244],[71.08588,22.6238],[71.08613,22.6231],[71.08612,22.62268],[71.0874,22.62088],[71.08786,22.62083],[71.08774,22.62004],[71.08771,22.61963],[71.08785,22.61895],[71.08804,22.61859],[71.08808,22.61809],[71.08789,22.61785],[71.08761,22.61774],[71.08712,22.61731],[71.0874,22.61393],[71.08799,22.61167],[71.08899,22.61025],[71.08903,22.6101],[71.0882,22.60791],[71.08833,22.6057]]},"properties":{"id":"osm:w136383881","name":"","highway":"tertiary","bridge":false}},{"type":"Feature","geometry":{"type":"LineString","coordinates":[[70.95743,22.62825],[70.95734,22.6283]]},"properties":{"id":"osm:w136383884","name":"SH319","highway":"tertiary","bridge":false}},{"type":"Feature","geometry":{"type":"LineString","coordinates":[[70.80756,22.68335],[70.80767,22.68342],[70.80868,22.6841],[70.80879,22.68417],[70.80884,22.68446],[70.80884,22.68484],[70.80883,22.68522],[70.80883,22.68558],[70.80882,22.68604],[70.80703,22.68609],[70.80674,22.68479],[70.80671,22.68463],[70.80665,22.68459]]},"properties":{"id":"osm:w136383888","name":"","highway":"tertiary","bridge":false}},{"type":"Feature","geometry":{"type":"LineString","coordinates":[[70.84081,22.71941],[70.83965,22.72041],[70.83884,22.72097],[70.83626,22.72134],[70.83513,22.72155],[70.83439,22.72177],[70.83247,22.72235],[70.83146,22.72282],[70.83026,22.72335],[70.82975,22.72347],[70.82888,22.72357],[70.82756,22.72428],[70.8273,22.72479],[70.82706,22.7277],[70.82656,22.73254],[70.82639,22.73504],[70.82626,22.73542],[70.82572,22.73612],[70.8249,22.73698],[70.82414,22.73825],[70.82407,22.73843],[70.8237,22.73949],[70.82364,22.7399],[70.82331,22.74261],[70.82282,22.74586],[70.82225,22.74922],[70.82201,22.75036],[70.82122,22.75213],[70.82003,22.75506],[70.81878,22.75835],[70.81805,22.76043],[70.81801,22.76126],[70.81811,22.76236],[70.81811,22.7626],[70.81816,22.76632],[70.81803,22.76785],[70.81834,22.76954],[70.81837,22.77012],[70.81849,22.77067],[70.81889,22.77147],[70.81983,22.77265],[70.82061,22.77367],[70.82063,22.77391],[70.82057,22.77459],[70.82039,22.77543],[70.82031,22.77598],[70.82036,22.7766],[70.82045,22.77706],[70.82053,22.77734],[70.82109,22.77884],[70.82149,22.77955],[70.82172,22.77991],[70.82202,22.78037],[70.8221,22.78049],[70.82232,22.78098],[70.82268,22.78181],[70.82284,22.78222],[70.82328,22.78383],[70.82378,22.78498],[70.8238,22.78504],[70.8243,22.78617],[70.82435,22.78627],[70.82479,22.78711],[70.82486,22.78727],[70.82502,22.78764],[70.82514,22.78792],[70.8253,22.78829],[70.82543,22.7886],[70.82607,22.79008],[70.82644,22.79095],[70.82666,22.79145],[70.82665,22.79157],[70.82661,22.79189],[70.82658,22.7922],[70.82653,22.79266],[70.82642,22.79308],[70.82629,22.79358],[70.82619,22.79368],[70.82617,22.79377],[70.82594,22.79444],[70.82586,22.79466],[70.82572,22.79518],[70.82572,22.79587],[70.82576,22.79621],[70.82582,22.79641],[70.82589,22.79662],[70.82602,22.79711],[70.82607,22.79777],[70.82604,22.79808],[70.82598,22.79867],[70.82596,22.79878]]},"properties":{"id":"osm:w143297631","name":"","highway":"secondary","bridge":false}},{"type":"Feature","geometry":{"type":"LineString","coordinates":[[70.85069,22.771],[70.85063,22.77126],[70.85059,22.77242],[70.84864,22.77736],[70.84793,22.77845],[70.84756,22.77918],[70.84717,22.78081],[70.84714,22.78094],[70.84685,22.78226],[70.84656,22.78321],[70.84589,22.78411],[70.84574,22.78449],[70.84526,22.78964],[70.8451,22.79072],[70.84504,22.79112],[70.8442,22.79283],[70.84171,22.79927],[70.84098,22.80177],[70.84062,22.80303],[70.84057,22.80318],[70.8395,22.80512],[70.83924,22.8056],[70.83871,22.80656],[70.83858,22.80735],[70.83849,22.80794],[70.83834,22.80932],[70.83823,22.80954],[70.83786,22.8101],[70.83718,22.81113],[70.83692,22.81148],[70.83621,22.81242],[70.83579,22.81298],[70.83573,22.81306],[70.83499,22.81404],[70.83494,22.81411],[70.83388,22.81551],[70.83336,22.8162],[70.83332,22.81626],[70.83311,22.81657]]},"properties":{"id":"osm:w143297632","name":"","highway":"tertiary","bridge":false}},{"type":"Feature","geometry":{"type":"LineString","coordinates":[[70.82865,22.8175],[70.8292,22.81749],[70.82967,22.81749],[70.83002,22.81748],[70.83075,22.81747],[70.83113,22.81747],[70.83155,22.81747],[70.83215,22.81746],[70.83258,22.81745],[70.83314,22.81746],[70.8335,22.81746],[70.83376,22.8175],[70.83381,22.81751],[70.83457,22.81754],[70.835,22.81756],[70.83634,22.81762],[70.83662,22.81764],[70.83704,22.81765],[70.83795,22.8177],[70.83823,22.81771],[70.83993,22.81779]]},"properties":{"id":"osm:w143297636","name":"","highway":"tertiary","bridge":false}},{"type":"Feature","geometry":{"type":"LineString","coordinates":[[70.79424,22.78076],[70.79799,22.78306],[70.80083,22.78512],[70.80117,22.78536],[70.80195,22.78593],[70.80239,22.78616],[70.80255,22.78624],[70.80287,22.7864],[70.80358,22.78672],[70.80396,22.78692]]},"properties":{"id":"osm:w143297637","name":"Morbi To Amaran Road","highway":"secondary","bridge":false}},{"type":"Feature","geometry":{"type":"LineString","coordinates":[[70.83993,22.81779],[70.84018,22.81777],[70.84027,22.81779],[70.84034,22.8179],[70.8405,22.81799],[70.8406,22.81828],[70.84054,22.81853],[70.84032,22.81864],[70.84003,22.8188],[70.83907,22.81971],[70.83901,22.81986],[70.8387,22.82063],[70.83867,22.82074],[70.83823,22.82228]]},"properties":{"id":"osm:w143297639","name":"","highway":"tertiary","bridge":false}},{"type":"Feature","geometry":{"type":"LineString","coordinates":[[70.94627,22.68604],[70.94623,22.68637],[70.94612,22.6868],[70.94598,22.68719],[70.94586,22.68751],[70.94585,22.68754],[70.94566,22.68788],[70.94526,22.68854],[70.94433,22.69001],[70.94335,22.69154],[70.94145,22.69453],[70.93996,22.69691],[70.93861,22.69902],[70.93854,22.69913],[70.93773,22.70042],[70.93769,22.70047],[70.93563,22.70376],[70.93534,22.70424],[70.93518,22.70466],[70.93511,22.70504],[70.93511,22.70556],[70.93525,22.70606],[70.93551,22.70655]]},"properties":{"id":"osm:w180015607","name":"NH27","highway":"trunk","bridge":false}},{"type":"Feature","geometry":{"type":"LineString","coordinates":[[70.8573,22.82765],[70.85791,22.82667]]},"properties":{"id":"osm:w222784892","name":"NH27","highway":"trunk","bridge":true}},{"type":"Feature","geometry":{"type":"LineString","coordinates":[[70.85183,22.84306],[70.85184,22.84264],[70.85185,22.84232],[70.85185,22.84197],[70.85185,22.84192],[70.85184,22.84188],[70.85179,22.84145],[70.85171,22.84109],[70.85147,22.8403],[70.85107,22.83937],[70.85089,22.83887]]},"properties":{"id":"osm:w222784893","name":"NH27","highway":"trunk","bridge":false}},{"type":"Feature","geometry":{"type":"LineString","coordinates":[[70.74849,22.64867],[70.74865,22.64834],[70.74946,22.64663],[70.74981,22.6459],[70.75022,22.64488],[70.75065,22.64281],[70.75107,22.64102],[70.75136,22.64047],[70.75199,22.6395],[70.75258,22.63853],[70.7528,22.63786]]},"properties":{"id":"osm:w222784898","name":"Rajkot - Morbi Highway","highway":"primary","bridge":false}},{"type":"Feature","geometry":{"type":"LineString","coordinates":[[70.8105,22.83369],[70.81049,22.83348],[70.81048,22.83267],[70.81047,22.83185],[70.81045,22.83105],[70.81042,22.83012],[70.81041,22.82938]]},"properties":{"id":"osm:w222811129","name":"Morbi Bypass","highway":"primary","bridge":false}},{"type":"Feature","geometry":{"type":"LineString","coordinates":[[70.96154,22.6366],[70.96153,22.63618],[70.96147,22.63586],[70.96137,22.63556],[70.96124,22.63527],[70.9609,22.63463],[70.96069,22.63426],[70.95972,22.63255]]},"properties":{"id":"osm:w223884254","name":"NH27","highway":"trunk","bridge":false}},{"type":"Feature","geometry":{"type":"LineString","coordinates":[[70.82941,22.81976],[70.82889,22.81978],[70.82867,22.81978],[70.82841,22.81978],[70.8282,22.81978],[70.82814,22.81978],[70.8277,22.81977],[70.82767,22.81977],[70.82766,22.81978],[70.82765,22.8198],[70.82765,22.81982],[70.82758,22.82064],[70.82758,22.82084],[70.82757,22.82114],[70.82757,22.82119],[70.82756,22.82124],[70.82753,22.82127],[70.82748,22.82131],[70.82727,22.82143],[70.82651,22.82181],[70.82609,22.82203],[70.82607,22.82204],[70.82574,22.82218],[70.82546,22.8223],[70.82515,22.82243],[70.82483,22.82256],[70.82448,22.82271],[70.82418,22.82282],[70.82325,22.8231],[70.82284,22.82323],[70.82268,22.82328],[70.82246,22.82334],[70.82228,22.8234],[70.822,22.82348],[70.82172,22.82357],[70.8216,22.82361],[70.82138,22.82367],[70.82108,22.82373],[70.82074,22.82379],[70.82013,22.8239],[70.8195,22.82402],[70.81818,22.82423],[70.81769,22.82431],[70.81632,22.82458],[70.81521,22.82483],[70.81487,22.82489],[70.81431,22.825],[70.81405,22.82505],[70.81396,22.82506],[70.81363,22.82513],[70.81356,22.82514],[70.81327,22.82519],[70.8104,22.82577],[70.81032,22.82578]]},"properties":{"id":"osm:w224652674","name":"","highway":"secondary","bridge":false}},{"type":"Feature","geometry":{"type":"LineString","coordinates":[[70.96095,22.63828],[70.96163,22.63904],[70.96318,22.64087],[70.96438,22.64228],[70.96515,22.64317],[70.96619,22.64439],[70.96657,22.64484],[70.9669,22.64523],[70.96722,22.64561],[70.96883,22.64751],[70.96974,22.64858],[70.97075,22.64977],[70.97221,22.65151],[70.97327,22.6527],[70.97564,22.6555],[70.97771,22.65791],[70.97821,22.65849],[70.97937,22.65988],[70.98082,22.66162],[70.98272,22.66384],[70.98381,22.66507],[70.98606,22.66758],[70.98682,22.66859],[70.98748,22.66959],[70.98817,22.67099],[70.98897,22.67271],[70.98966,22.67408],[70.99085,22.67573],[70.99116,22.67614]]},"properties":{"id":"osm:w224658328","name":"SH318","highway":"primary","bridge":false}},{"type":"Feature","geometry":{"type":"LineString","coordinates":[[70.85343,22.83674],[70.85343,22.83664],[70.85257,22.8351],[70.85187,22.83382],[70.85171,22.83355],[70.85138,22.83294],[70.85129,22.83274],[70.85119,22.83249],[70.85118,22.83245],[70.8511,22.83183],[70.85107,22.83162],[70.85094,22.83077],[70.8508,22.82968],[70.85074,22.82947],[70.85061,22.82924],[70.8505,22.82913],[70.85038,22.829],[70.85024,22.82888],[70.85007,22.82874],[70.84984,22.82852],[70.84972,22.82837],[70.84963,22.82824],[70.84954,22.82808],[70.8495,22.82794],[70.84946,22.82783],[70.84942,22.82772],[70.84926,22.82706],[70.8491,22.82641],[70.84901,22.82606],[70.84899,22.82591],[70.84899,22.82567],[70.84902,22.82545],[70.84907,22.82527]]},"properties":{"id":"osm:w224670708","name":"SH22","highway":"primary","bridge":false}},{"type":"Feature","geometry":{"type":"LineString","coordinates":[[70.98928,22.88117],[70.98877,22.88054]]},"properties":{"id":"osm:w225155828","name":"SH22","highway":"primary","bridge":true}},{"type":"Feature","geometry":{"type":"LineString","coordinates":[[70.84319,22.82352],[70.83819,22.82288]]},"properties":{"id":"osm:w225155829","name":"Mayur Bridge","highway":"primary","bridge":true}},{"type":"Feature","geometry":{"type":"LineString","coordinates":[[70.82866,22.81261],[70.82854,22.81247],[70.82838,22.81231],[70.82804,22.81202],[70.828,22.81198],[70.82765,22.81167],[70.8276,22.81163],[70.8273,22.8114],[70.82726,22.81137],[70.82695,22.81107],[70.82663,22.81076],[70.82656,22.81069],[70.82625,22.8104],[70.8262,22.81035],[70.82595,22.8101],[70.82547,22.80958],[70.82535,22.80945]]},"properties":{"id":"osm:w225155830","name":"SH22","highway":"primary","bridge":false}},{"type":"Feature","geometry":{"type":"LineString","coordinates":[[70.98877,22.88054],[70.98667,22.87793],[70.98557,22.87661],[70.98511,22.8762],[70.98443,22.87582],[70.98279,22.875],[70.98224,22.8747],[70.98008,22.87278],[70.97829,22.87132],[70.97725,22.87054],[70.97494,22.86914],[70.97148,22.86699],[70.97074,22.86659],[70.9684,22.86539],[70.9676,22.86498],[70.96717,22.86476],[70.96702,22.86468],[70.96676,22.86454],[70.96656,22.86444],[70.96627,22.86437],[70.96597,22.86429],[70.96585,22.86427],[70.96568,22.86424],[70.96538,22.8642],[70.96416,22.86405],[70.96352,22.86398],[70.96053,22.86362],[70.96004,22.86356],[70.95969,22.86349],[70.95937,22.86336],[70.95907,22.86303],[70.95851,22.86236],[70.95763,22.86106],[70.95731,22.86074],[70.95703,22.86053],[70.9567,22.86034],[70.95499,22.85954],[70.95209,22.85807],[70.95032,22.85722],[70.94988,22.85705],[70.9487,22.85686],[70.94706,22.85649],[70.94576,22.85614],[70.94525,22.85601],[70.94437,22.85591],[70.94361,22.85584],[70.94312,22.85584],[70.9423,22.85593],[70.94134,22.85589],[70.94094,22.85581],[70.9406,22.85571],[70.94007,22.85539],[70.93873,22.85436],[70.93657,22.85257],[70.93644,22.85246],[70.93641,22.85244],[70.93511,22.85137],[70.93471,22.85105],[70.93421,22.8507],[70.93384,22.85046],[70.93361,22.85038],[70.93327,22.85035],[70.93148,22.85018],[70.93007,22.84994],[70.92796,22.84961],[70.92273,22.84902],[70.92161,22.84884],[70.92047,22.84859],[70.91724,22.84773],[70.91396,22.84684],[70.9125,22.84635],[70.91086,22.84568],[70.9094,22.84516],[70.90743,22.84425],[70.90719,22.84412],[70.90698,22.84404],[70.90661,22.84397],[70.90611,22.84398],[70.9046,22.84409]]},"properties":{"id":"osm:w225155831","name":"SH22","highway":"primary","bridge":false}},{"type":"Feature","geometry":{"type":"LineString","coordinates":[[70.79446,22.74569],[70.79547,22.74852],[70.79571,22.74928],[70.79574,22.74936],[70.79625,22.75091],[70.79654,22.75268],[70.7968,22.75438],[70.79746,22.75868],[70.79815,22.76321],[70.79824,22.76385],[70.79903,22.76902],[70.79918,22.77011],[70.7992,22.7703],[70.7993,22.77102],[70.79947,22.772],[70.80064,22.77611],[70.80107,22.77754],[70.80166,22.77957],[70.80172,22.77977],[70.80244,22.78218],[70.80267,22.78297],[70.80314,22.78449],[70.80323,22.78476],[70.80378,22.78652],[70.80396,22.78692],[70.80413,22.78727],[70.80439,22.78769],[70.8046,22.78805],[70.80479,22.78829],[70.8048,22.7883],[70.8054,22.78907],[70.80563,22.78936],[70.80615,22.79004],[70.80624,22.79015],[70.8068,22.79086],[70.80739,22.79161],[70.80771,22.79201],[70.80801,22.79237],[70.80816,22.79252]]},"properties":{"id":"osm:w225155832","name":"Rajkot - Morbi Highway","highway":"primary","bridge":false}},{"type":"Feature","geometry":{"type":"LineString","coordinates":[[70.77868,22.71294],[70.77903,22.71378],[70.7792,22.71412],[70.77944,22.71447],[70.78044,22.71572],[70.78156,22.71712],[70.7816,22.71716],[70.78192,22.71753],[70.78261,22.71831],[70.7837,22.71955],[70.78392,22.71977],[70.78435,22.72029],[70.78465,22.72065],[70.78489,22.72109],[70.78549,22.72345],[70.78568,22.72419],[70.78604,22.72565],[70.78643,22.72684],[70.78655,22.72721],[70.78729,22.7289],[70.7873,22.72894],[70.78798,22.73031],[70.78816,22.73066],[70.78949,22.73331],[70.78973,22.73379]]},"properties":{"id":"osm:w225155833","name":"Rajkot - Morbi Highway","highway":"primary","bridge":false}},{"type":"Feature","geometry":{"type":"LineString","coordinates":[[70.75603,22.68053],[70.75508,22.67772],[70.75503,22.67757],[70.75362,22.67352],[70.75322,22.67236],[70.75219,22.66937],[70.75089,22.66545],[70.75077,22.6651],[70.75041,22.66403],[70.75012,22.66341],[70.74981,22.663],[70.74891,22.66208],[70.74777,22.66094],[70.74694,22.66017],[70.74642,22.65953],[70.7462,22.65904],[70.7461,22.65838],[70.74612,22.65771],[70.74629,22.65687],[70.74635,22.65651]]},"properties":{"id":"osm:w225155834","name":"Rajkot - Morbi Highway","highway":"primary","bridge":false}},{"type":"Feature","geometry":{"type":"LineString","coordinates":[[70.79423,22.74505],[70.79446,22.74569]]},"properties":{"id":"osm:w225155835","name":"Morbi Bypass","highway":"primary","bridge":true}},{"type":"Feature","geometry":{"type":"LineString","coordinates":[[70.76763,22.70065],[70.76721,22.70022]]},"properties":{"id":"osm:w225155836","name":"Rajkot - Morbi Highway","highway":"primary","bridge":true}},{"type":"Feature","geometry":{"type":"LineString","coordinates":[[70.75856,22.68582],[70.75789,22.68451]]},"properties":{"id":"osm:w225155837","name":"Rajkot - Morbi Highway","highway":"primary","bridge":true}},{"type":"Feature","geometry":{"type":"LineString","coordinates":[[70.76721,22.70022],[70.76689,22.6998],[70.76668,22.69942],[70.76639,22.69895],[70.76524,22.69738],[70.76277,22.69399],[70.76196,22.69255],[70.76001,22.68881],[70.75856,22.68582]]},"properties":{"id":"osm:w225155838","name":"Rajkot - Morbi Highway","highway":"primary","bridge":false}},{"type":"Feature","geometry":{"type":"LineString","coordinates":[[70.85259,22.85272],[70.852,22.85082],[70.85169,22.84988],[70.85152,22.84937],[70.85144,22.84903],[70.85141,22.84866],[70.85142,22.84815],[70.85163,22.84566],[70.8517,22.84477],[70.85173,22.84435],[70.85183,22.84306]]},"properties":{"id":"osm:w225882203","name":"NH27","highway":"trunk","bridge":false}},{"type":"Feature","geometry":{"type":"LineString","coordinates":[[70.85068,22.83831],[70.85041,22.83768],[70.85027,22.83736],[70.85021,22.83712],[70.85015,22.83678],[70.85014,22.83646],[70.85015,22.83622],[70.85023,22.83594],[70.85035,22.83559],[70.85045,22.83538],[70.85063,22.83512],[70.85078,22.83489]]},"properties":{"id":"osm:w225882204","name":"NH27","highway":"trunk","bridge":false}},{"type":"Feature","geometry":{"type":"LineString","coordinates":[[70.85065,22.83486],[70.85055,22.835],[70.85036,22.8353],[70.85024,22.83553],[70.85012,22.83589],[70.85006,22.83618],[70.85002,22.83645],[70.85002,22.83679],[70.85008,22.8371],[70.85014,22.83738],[70.85027,22.83769],[70.85055,22.83835]]},"properties":{"id":"osm:w225882205","name":"NH27","highway":"trunk","bridge":false}},{"type":"Feature","geometry":{"type":"LineString","coordinates":[[70.84185,22.87763],[70.8439,22.87432],[70.84748,22.86856],[70.85024,22.86414],[70.85262,22.8603],[70.8531,22.85953],[70.85343,22.85895],[70.85369,22.85835],[70.85381,22.85784],[70.85384,22.85736],[70.85382,22.85697],[70.85381,22.85691],[70.85378,22.85673],[70.85372,22.85642],[70.85312,22.85438],[70.85274,22.85315]]},"properties":{"id":"osm:w225882207","name":"NH27","highway":"trunk","bridge":false}},{"type":"Feature","geometry":{"type":"LineString","coordinates":[[70.85261,22.85317],[70.85297,22.85439],[70.8536,22.85644],[70.85368,22.85692],[70.85368,22.85694],[70.85371,22.85735],[70.85368,22.85781],[70.85362,22.8581],[70.85349,22.85849],[70.85336,22.85879],[70.85331,22.8589],[70.85301,22.85945],[70.85252,22.86024],[70.85173,22.86154],[70.85005,22.86424],[70.84779,22.86785],[70.84458,22.87298],[70.84396,22.87399],[70.84378,22.87427],[70.84267,22.87611],[70.84175,22.87757]]},"properties":{"id":"osm:w225882208","name":"NH27","highway":"trunk","bridge":false}},{"type":"Feature","geometry":{"type":"LineString","coordinates":[[70.85075,22.83886],[70.85095,22.83942],[70.85133,22.84031],[70.85156,22.841],[70.85168,22.84143],[70.85173,22.84183],[70.85174,22.84193],[70.85176,22.84229],[70.85172,22.84305],[70.85162,22.84437],[70.8516,22.84469],[70.85159,22.84476],[70.85153,22.84554],[70.85131,22.84813],[70.8513,22.84864],[70.85131,22.84902],[70.85139,22.84935],[70.85155,22.84989],[70.85185,22.85084],[70.85246,22.85275]]},"properties":{"id":"osm:w225882209","name":"NH27","highway":"trunk","bridge":false}},{"type":"Feature","geometry":{"type":"LineString","coordinates":[[70.85089,22.83887],[70.85068,22.83831]]},"properties":{"id":"osm:w225882210","name":"NH27","highway":"trunk","bridge":true}},{"type":"Feature","geometry":{"type":"LineString","coordinates":[[70.84175,22.87757],[70.84157,22.87785]]},"properties":{"id":"osm:w225882211","name":"NH27","highway":"trunk","bridge":true}},{"type":"Feature","geometry":{"type":"LineString","coordinates":[[70.85055,22.83835],[70.85075,22.83886]]},"properties":{"id":"osm:w225882212","name":"NH27","highway":"trunk","bridge":true}},{"type":"Feature","geometry":{"type":"LineString","coordinates":[[70.85274,22.85315],[70.85259,22.85272]]},"properties":{"id":"osm:w225882213","name":"NH27","highway":"trunk","bridge":true}},{"type":"Feature","geometry":{"type":"LineString","coordinates":[[70.85246,22.85275],[70.85261,22.85317]]},"properties":{"id":"osm:w225882216","name":"NH27","highway":"trunk","bridge":true}},{"type":"Feature","geometry":{"type":"LineString","coordinates":[[70.84169,22.8779],[70.84179,22.87773],[70.84185,22.87763]]},"properties":{"id":"osm:w225882217","name":"NH27","highway":"trunk","bridge":true}},{"type":"Feature","geometry":{"type":"LineString","coordinates":[[70.85782,22.82662],[70.85753,22.82709],[70.85718,22.8276]]},"properties":{"id":"osm:w225882218","name":"NH27","highway":"trunk","bridge":true}},{"type":"Feature","geometry":{"type":"LineString","coordinates":[[70.79565,23.07577],[70.79744,23.07263],[70.80036,23.06747],[70.80071,23.06684],[70.80285,23.06305],[70.80418,23.0607],[70.80531,23.0587],[70.80558,23.05816],[70.80569,23.05793],[70.80578,23.05772],[70.8059,23.0573],[70.80601,23.05673],[70.80667,23.05316],[70.80736,23.04948],[70.80792,23.04644],[70.80887,23.04128],[70.80984,23.03612],[70.81026,23.0339],[70.8113,23.02845],[70.81163,23.02668],[70.81275,23.0207],[70.81333,23.01756],[70.81666,23.00084],[70.81701,22.99888],[70.81816,22.99244],[70.81958,22.98405],[70.82003,22.98007],[70.82013,22.97912],[70.82033,22.9774],[70.82043,22.97649],[70.82075,22.97365],[70.82188,22.96321],[70.82287,22.95397],[70.82336,22.94938],[70.82382,22.94518],[70.82392,22.94423],[70.82408,22.94276],[70.82472,22.93657],[70.8251,22.93295],[70.82515,22.93251],[70.82589,22.92528],[70.8259,22.92515],[70.8262,22.92228],[70.82635,22.92071],[70.82638,22.92037],[70.82641,22.92003],[70.82666,22.91728],[70.82694,22.91426],[70.82768,22.9061],[70.82769,22.90597],[70.82792,22.90345],[70.82796,22.90292],[70.82797,22.90285],[70.82806,22.90227],[70.82815,22.90193],[70.82829,22.90161],[70.8284,22.90139],[70.82851,22.90119],[70.82854,22.90113],[70.82915,22.90003],[70.8311,22.89642],[70.83419,22.89079],[70.83626,22.88701],[70.83673,22.88616],[70.83777,22.88441],[70.83945,22.88159],[70.83958,22.88139],[70.84169,22.8779]]},"properties":{"id":"osm:w225882219","name":"NH27","highway":"trunk","bridge":false}},{"type":"Feature","geometry":{"type":"LineString","coordinates":[[70.84157,22.87785],[70.83953,22.88126],[70.83936,22.88154],[70.83828,22.88335],[70.83805,22.88373],[70.83767,22.88436],[70.8374,22.88481],[70.83728,22.88502],[70.83663,22.88611],[70.83629,22.88672],[70.83616,22.88695],[70.83535,22.88835],[70.83409,22.89072],[70.82903,22.89998],[70.82844,22.90106],[70.82841,22.90113],[70.8283,22.90132],[70.82824,22.90145],[70.82818,22.90157],[70.82805,22.90189],[70.82793,22.90226],[70.82783,22.90285],[70.82782,22.90292],[70.82779,22.90343],[70.82771,22.90428],[70.82758,22.90583],[70.82755,22.9061],[70.82657,22.91708],[70.82632,22.91986],[70.82628,22.92035],[70.82624,22.92071],[70.82607,22.92227],[70.82502,22.93252],[70.82498,22.93293],[70.8249,22.93369],[70.82479,22.93475],[70.82466,22.93602],[70.8246,22.93656],[70.82453,22.9372],[70.82396,22.94273],[70.8238,22.94417],[70.82357,22.94636],[70.82329,22.94892],[70.82324,22.94936],[70.82176,22.96317],[70.82063,22.97362],[70.82031,22.97648],[70.82022,22.97729],[70.81999,22.97932],[70.81991,22.98005],[70.81946,22.98405],[70.81806,22.99242],[70.81689,22.99886],[70.81653,23.00082],[70.81405,23.01334],[70.81321,23.01753],[70.81264,23.02065],[70.81151,23.02666],[70.81119,23.02841],[70.81014,23.03389],[70.80972,23.0361],[70.80875,23.04132],[70.8078,23.0464],[70.80724,23.04945],[70.80655,23.05314],[70.80589,23.05671],[70.80578,23.05728],[70.80565,23.05772],[70.80546,23.05813],[70.8052,23.05865],[70.80407,23.06064],[70.80226,23.06381],[70.80115,23.06581],[70.8006,23.06679],[70.79999,23.06786],[70.79835,23.07074],[70.79752,23.07224],[70.7974,23.07245],[70.79649,23.07407],[70.79552,23.0757]]},"properties":{"id":"osm:w225882221","name":"NH27","highway":"trunk","bridge":false}},{"type":"Feature","geometry":{"type":"LineString","coordinates":[[70.85791,22.82667],[70.85847,22.82571],[70.86009,22.82319],[70.86087,22.822],[70.861,22.82181],[70.86136,22.82127],[70.86175,22.8207],[70.86253,22.81948],[70.86274,22.81916],[70.86302,22.81878],[70.86324,22.81851],[70.86366,22.81803],[70.86377,22.81793],[70.86421,22.81751],[70.86511,22.81678],[70.86595,22.81613],[70.868,22.81455],[70.86831,22.81432],[70.86991,22.8131],[70.87076,22.81243],[70.87133,22.81198],[70.87165,22.81172],[70.87173,22.81166],[70.87573,22.80857],[70.87687,22.80769],[70.87887,22.80615],[70.87999,22.80528],[70.88059,22.80481],[70.88129,22.80428],[70.88307,22.8029],[70.88792,22.79915],[70.88833,22.79884],[70.88917,22.79819],[70.88992,22.79762],[70.89534,22.79348],[70.89807,22.7914],[70.89851,22.79103],[70.89879,22.79073],[70.89919,22.79027],[70.90022,22.78869],[70.90113,22.78729],[70.90163,22.78652],[70.90193,22.78608],[70.90218,22.78559],[70.90235,22.78508],[70.90271,22.78378],[70.90277,22.78347],[70.90286,22.78313],[70.90308,22.78234],[70.90315,22.7821],[70.9034,22.78137],[70.9038,22.78052],[70.90424,22.77962],[70.90584,22.77641],[70.90626,22.77555],[70.90664,22.77478],[70.90668,22.77471],[70.90759,22.77279],[70.90864,22.77053],[70.90874,22.7703],[70.90934,22.769],[70.90939,22.7689],[70.90997,22.76756],[70.91156,22.76391],[70.91235,22.76204],[70.91295,22.76066],[70.91314,22.76019],[70.91341,22.75962],[70.91377,22.75908],[70.91429,22.75843],[70.91516,22.75736],[70.91536,22.75712],[70.91613,22.75619],[70.91657,22.75567],[70.92001,22.75162],[70.92022,22.75137],[70.92195,22.74934],[70.92198,22.74931],[70.92251,22.74869],[70.92296,22.74816],[70.92356,22.74747],[70.92413,22.7468],[70.92712,22.7433],[70.9274,22.74297],[70.92802,22.74225],[70.92904,22.74106],[70.93019,22.73972],[70.93073,22.73911],[70.93109,22.73866],[70.93147,22.73811],[70.93165,22.73772],[70.9319,22.73703],[70.93223,22.73585],[70.93336,22.73182],[70.93363,22.7309]]},"properties":{"id":"osm:w225882222","name":"NH27","highway":"trunk","bridge":false}},{"type":"Feature","geometry":{"type":"LineString","coordinates":[[70.85718,22.8276],[70.85695,22.82789],[70.85651,22.82839],[70.85585,22.82914],[70.85515,22.8299]]},"properties":{"id":"osm:w225882223","name":"NH27","highway":"trunk","bridge":false}},{"type":"Feature","geometry":{"type":"LineString","coordinates":[[70.85525,22.82995],[70.85593,22.82921],[70.85658,22.82848],[70.85702,22.82798],[70.8573,22.82765]]},"properties":{"id":"osm:w225882224","name":"NH27","highway":"trunk","bridge":false}},{"type":"Feature","geometry":{"type":"LineString","coordinates":[[70.85515,22.8299],[70.85458,22.83054],[70.85384,22.83132],[70.85311,22.83213],[70.85275,22.83254],[70.85237,22.83295],[70.85192,22.83345]]},"properties":{"id":"osm:w225882226","name":"NH27","highway":"trunk","bridge":false}},{"type":"Feature","geometry":{"type":"LineString","coordinates":[[70.852,22.83352],[70.8532,22.83219],[70.85456,22.8307],[70.85462,22.83064],[70.85525,22.82995]]},"properties":{"id":"osm:w225882227","name":"NH27","highway":"trunk","bridge":false}},{"type":"Feature","geometry":{"type":"LineString","coordinates":[[70.85754,22.82749],[70.85788,22.82694],[70.85835,22.82613],[70.85882,22.8254],[70.85984,22.82371],[70.8604,22.82289],[70.86104,22.82196],[70.86145,22.82132],[70.86193,22.82059],[70.86206,22.8204],[70.86288,22.81919],[70.86358,22.81832],[70.86389,22.81802],[70.8642,22.81772],[70.8653,22.81677],[70.86603,22.81619],[70.8663,22.81597],[70.86724,22.81528],[70.86883,22.81408],[70.86965,22.81342],[70.87091,22.81244],[70.87142,22.81206],[70.87175,22.81181],[70.87184,22.81174],[70.87268,22.81106],[70.87418,22.80993],[70.87556,22.80885],[70.87694,22.80776],[70.87743,22.80738],[70.87858,22.8065],[70.87941,22.80586],[70.87999,22.80528]]},"properties":{"id":"osm:w225882228","name":"","highway":"tertiary","bridge":false}},{"type":"Feature","geometry":{"type":"LineString","coordinates":[[70.88003,22.80513],[70.87968,22.80529],[70.87932,22.80556],[70.87922,22.80563],[70.87866,22.80606],[70.87805,22.80653],[70.87739,22.80706],[70.87725,22.80717],[70.87634,22.80787],[70.87624,22.80795],[70.87613,22.80803],[70.87573,22.80835],[70.87507,22.80885],[70.87421,22.80949],[70.87407,22.80959],[70.87291,22.8105],[70.87242,22.81088],[70.87183,22.81135],[70.87029,22.81253],[70.86953,22.81314],[70.86847,22.81395],[70.86746,22.81471],[70.86652,22.81541],[70.86558,22.81616],[70.86446,22.81704],[70.86406,22.81739],[70.86383,22.81761],[70.86375,22.81768],[70.86337,22.81806],[70.86256,22.81911],[70.86242,22.81932],[70.86221,22.81964],[70.86216,22.81971],[70.86162,22.82054],[70.86151,22.8207],[70.86119,22.82119],[70.8609,22.82161],[70.86026,22.82259],[70.85979,22.82329],[70.85952,22.82371],[70.85933,22.82402],[70.85877,22.82487],[70.8587,22.82498],[70.85833,22.82557],[70.85808,22.82599],[70.85803,22.82608],[70.85774,22.82653],[70.85764,22.82671],[70.85749,22.82698],[70.85736,22.82717],[70.85718,22.82741]]},"properties":{"id":"osm:w225882229","name":"","highway":"tertiary","bridge":false}},{"type":"Feature","geometry":{"type":"LineString","coordinates":[[70.85041,22.83768],[70.85042,22.83747],[70.85037,22.8372],[70.8503,22.83684],[70.8503,22.83654],[70.85034,22.83616],[70.85046,22.83571],[70.85069,22.83528],[70.85082,22.83506],[70.85103,22.83482],[70.85112,22.83472],[70.85141,22.83437],[70.85179,22.83391],[70.85187,22.83382],[70.85233,22.83332],[70.85297,22.83261],[70.85329,22.83226],[70.85364,22.83188],[70.85424,22.83118],[70.85461,22.83076],[70.85493,22.83043],[70.85557,22.82974],[70.85643,22.82879],[70.85705,22.82812],[70.85731,22.82781],[70.85749,22.82757],[70.85754,22.82749]]},"properties":{"id":"osm:w225882232","name":"","highway":"tertiary","bridge":false}},{"type":"Feature","geometry":{"type":"LineString","coordinates":[[70.85718,22.82741],[70.85714,22.82747],[70.85694,22.82774],[70.85663,22.82811],[70.8563,22.82847],[70.85578,22.82904],[70.85518,22.8297],[70.85456,22.83039],[70.85442,22.83056],[70.85388,22.83116],[70.85349,22.83158],[70.85272,22.83244],[70.85197,22.83326],[70.85171,22.83355],[70.85164,22.83362],[70.85139,22.83385],[70.8509,22.83438],[70.85061,22.83472],[70.85056,22.83479],[70.8505,22.83486],[70.85037,22.83506],[70.85021,22.83536],[70.85007,22.83572],[70.84999,22.83596],[70.84993,22.83631],[70.84992,22.83661],[70.84992,22.83684],[70.84997,22.83711],[70.85003,22.83736],[70.8501,22.83754],[70.85027,22.83769]]},"properties":{"id":"osm:w225882233","name":"","highway":"tertiary","bridge":false}},{"type":"Feature","geometry":{"type":"LineString","coordinates":[[70.8532,22.83219],[70.85329,22.83226]]},"properties":{"id":"osm:w225882236","name":"","highway":"tertiary","bridge":false}},{"type":"Feature","geometry":{"type":"LineString","coordinates":[[70.86145,22.82132],[70.86136,22.82127]]},"properties":{"id":"osm:w225882238","name":"","highway":"tertiary","bridge":false}},{"type":"Feature","geometry":{"type":"LineString","coordinates":[[70.86119,22.82119],[70.86128,22.82124]]},"properties":{"id":"osm:w225882240","name":"","highway":"tertiary","bridge":false}},{"type":"Feature","geometry":{"type":"LineString","coordinates":[[70.93886,22.71301],[70.93897,22.71261],[70.93903,22.71216],[70.93903,22.71213],[70.93903,22.71185],[70.93898,22.71157],[70.93887,22.71125],[70.93861,22.71074],[70.93828,22.71024],[70.93735,22.70894],[70.93626,22.70741]]},"properties":{"id":"osm:w225889458","name":"NH27","highway":"trunk","bridge":false}},{"type":"Feature","geometry":{"type":"LineString","coordinates":[[70.93615,22.70744],[70.93719,22.70897],[70.93815,22.71029],[70.9385,22.71079],[70.93876,22.71125],[70.93887,22.71158],[70.93888,22.71184],[70.9389,22.71212],[70.93885,22.71243],[70.93882,22.71261],[70.9387,22.71296]]},"properties":{"id":"osm:w225889460","name":"NH27","highway":"trunk","bridge":false}},{"type":"Feature","geometry":{"type":"LineString","coordinates":[[70.95323,22.61465],[70.95297,22.61663],[70.95296,22.61675],[70.9529,22.61722],[70.9527,22.61869],[70.95263,22.61936],[70.95264,22.61972],[70.95271,22.62019],[70.95282,22.62059],[70.95298,22.621],[70.95311,22.62127],[70.95343,22.62181],[70.95386,22.62257],[70.95454,22.62378],[70.9558,22.62598],[70.95626,22.6268],[70.9571,22.62829],[70.95802,22.62977]]},"properties":{"id":"osm:w225889465","name":"NH27","highway":"trunk","bridge":false}},{"type":"Feature","geometry":{"type":"LineString","coordinates":[[70.95814,22.62976],[70.95738,22.62841],[70.95666,22.62722],[70.95607,22.62613],[70.95464,22.62375],[70.95394,22.62251],[70.95351,22.62178],[70.9532,22.62121],[70.95308,22.62099],[70.9529,22.62056],[70.95281,22.62014],[70.95274,22.61971],[70.95274,22.61935],[70.95281,22.6187],[70.95296,22.6177],[70.95302,22.61724],[70.95311,22.61664],[70.95321,22.61587],[70.9533,22.61518],[70.95337,22.61465]]},"properties":{"id":"osm:w225889466","name":"NH27","highway":"trunk","bridge":false}},{"type":"Feature","geometry":{"type":"LineString","coordinates":[[70.95802,22.62977],[70.95871,22.63103]]},"properties":{"id":"osm:w225889471","name":"NH27","highway":"trunk","bridge":true}},{"type":"Feature","geometry":{"type":"LineString","coordinates":[[70.9588,22.63094],[70.95814,22.62976]]},"properties":{"id":"osm:w225889472","name":"NH27","highway":"trunk","bridge":true}},{"type":"Feature","geometry":{"type":"LineString","coordinates":[[70.93384,22.72967],[70.93349,22.7309]]},"properties":{"id":"osm:w225889474","name":"NH27","highway":"trunk","bridge":true}},{"type":"Feature","geometry":{"type":"LineString","coordinates":[[70.93363,22.7309],[70.93398,22.7297]]},"properties":{"id":"osm:w225889475","name":"NH27","highway":"trunk","bridge":true}},{"type":"Feature","geometry":{"type":"LineString","coordinates":[[70.93626,22.70741],[70.93585,22.70684],[70.93562,22.70648]]},"properties":{"id":"osm:w225889477","name":"NH27","highway":"trunk","bridge":true}},{"type":"Feature","geometry":{"type":"LineString","coordinates":[[70.93551,22.70655],[70.93573,22.70686],[70.93615,22.70744]]},"properties":{"id":"osm:w225889478","name":"NH27","highway":"trunk","bridge":true}},{"type":"Feature","geometry":{"type":"LineString","coordinates":[[70.9596,22.6326],[70.96044,22.63408],[70.9608,22.6347],[70.96104,22.6351],[70.96126,22.63559],[70.96136,22.63586],[70.96142,22.63619],[70.96142,22.63646],[70.96139,22.63664],[70.96135,22.63697],[70.96121,22.63737],[70.96115,22.63749],[70.96061,22.63849],[70.96013,22.63941],[70.96005,22.63956],[70.95794,22.64345],[70.95778,22.64373],[70.95756,22.64414],[70.95682,22.64549],[70.95614,22.64676],[70.95548,22.64789],[70.95539,22.64805],[70.9544,22.64987],[70.95408,22.65047],[70.95343,22.65165],[70.9526,22.65314],[70.95199,22.65424],[70.95178,22.65462],[70.95141,22.65529],[70.95057,22.6568],[70.95008,22.65771],[70.95002,22.65783],[70.94943,22.65892],[70.94836,22.66081],[70.94709,22.66315],[70.94657,22.66414],[70.9464,22.66457],[70.94625,22.66504],[70.94617,22.66535],[70.94613,22.66569],[70.94609,22.66606],[70.94609,22.66772],[70.94612,22.66944],[70.94613,22.67128],[70.94618,22.6761],[70.94622,22.67786],[70.94625,22.68065],[70.94631,22.68551],[70.94629,22.68591],[70.94627,22.68604]]},"properties":{"id":"osm:w225889479","name":"NH27","highway":"trunk","bridge":false}},{"type":"Feature","geometry":{"type":"LineString","coordinates":[[70.9387,22.71296],[70.93854,22.71357],[70.93826,22.71454],[70.93784,22.71595],[70.93748,22.71727]]},"properties":{"id":"osm:w225889480","name":"NH27","highway":"trunk","bridge":true}},{"type":"Feature","geometry":{"type":"LineString","coordinates":[[70.9376,22.71729],[70.93797,22.71602],[70.93837,22.71461],[70.93867,22.71364],[70.93886,22.71301]]},"properties":{"id":"osm:w225889481","name":"NH27","highway":"trunk","bridge":true}},{"type":"Feature","geometry":{"type":"LineString","coordinates":[[70.93562,22.70648],[70.93536,22.70601],[70.93523,22.70555],[70.93524,22.70504],[70.93529,22.70467],[70.93547,22.70427],[70.93575,22.70382],[70.93782,22.70054],[70.93865,22.69921],[70.9401,22.69691],[70.94141,22.69483],[70.94157,22.69458],[70.94174,22.69431],[70.94346,22.69159],[70.94442,22.6901],[70.94445,22.69006],[70.94536,22.6886],[70.94561,22.68818],[70.94576,22.68793],[70.94595,22.68754],[70.9461,22.68723],[70.94624,22.6868],[70.94635,22.68638],[70.94639,22.68603],[70.94643,22.68539],[70.94636,22.68061],[70.94632,22.67787],[70.94631,22.67609],[70.9463,22.67492],[70.94626,22.67127],[70.94623,22.66944],[70.94622,22.66771],[70.9462,22.66658],[70.94621,22.66627],[70.94622,22.66606],[70.94625,22.66569],[70.94631,22.66533],[70.94638,22.66504],[70.94653,22.66454],[70.9467,22.66415],[70.9472,22.6632],[70.95019,22.65775],[70.95035,22.65747],[70.95164,22.65513],[70.95193,22.65462],[70.95211,22.65429],[70.95272,22.65317],[70.95355,22.65169],[70.95418,22.65052],[70.95452,22.6499],[70.95562,22.64797],[70.95617,22.64694],[70.9563,22.64669],[70.95784,22.64385],[70.95879,22.6421],[70.96014,22.63962],[70.96023,22.63946],[70.96063,22.6387],[70.96073,22.63851],[70.96123,22.63756],[70.96134,22.63737],[70.96145,22.63701],[70.96154,22.6366]]},"properties":{"id":"osm:w225889482","name":"NH27","highway":"trunk","bridge":false}},{"type":"Feature","geometry":{"type":"LineString","coordinates":[[70.93398,22.7297],[70.93491,22.72652],[70.93642,22.72131],[70.93704,22.71919],[70.93718,22.71871],[70.9376,22.71729]]},"properties":{"id":"osm:w225889483","name":"NH27","highway":"trunk","bridge":false}},{"type":"Feature","geometry":{"type":"LineString","coordinates":[[70.93748,22.71727],[70.93691,22.71918],[70.93689,22.71922],[70.93632,22.72125],[70.9357,22.72336],[70.93478,22.7265],[70.93384,22.72967]]},"properties":{"id":"osm:w225889484","name":"NH27","highway":"trunk","bridge":false}},{"type":"Feature","geometry":{"type":"LineString","coordinates":[[70.93349,22.7309],[70.93324,22.73178],[70.93222,22.73542],[70.93179,22.73699],[70.93156,22.73773],[70.93137,22.73808],[70.93101,22.73862],[70.93066,22.73903],[70.93011,22.73966],[70.92905,22.7409],[70.92898,22.74099],[70.92794,22.7422],[70.92731,22.74292],[70.92405,22.74673],[70.92351,22.74739],[70.92288,22.74811],[70.9224,22.7487],[70.92214,22.74901],[70.92191,22.74927],[70.92144,22.74981],[70.92014,22.75132],[70.91993,22.75157],[70.91827,22.75349],[70.91649,22.75562],[70.91607,22.75612],[70.91529,22.75704],[70.91509,22.75727],[70.9142,22.75836],[70.91372,22.759],[70.91331,22.75959],[70.91306,22.76013],[70.91286,22.76063],[70.91225,22.76199],[70.91146,22.76388],[70.91086,22.76527],[70.91002,22.76722],[70.90989,22.76751],[70.90929,22.76886],[70.90924,22.76897],[70.90868,22.77024],[70.90855,22.77051],[70.90821,22.77124],[70.90743,22.77285],[70.90659,22.77468],[70.90656,22.77476],[70.90618,22.77551],[70.9056,22.77668],[70.90417,22.77958],[70.90373,22.78049],[70.90332,22.78132],[70.90305,22.78207],[70.90269,22.78345],[70.90262,22.78364],[70.90259,22.78378],[70.90223,22.78506],[70.90203,22.78558],[70.90183,22.786],[70.90157,22.78643],[70.90103,22.78725],[70.90012,22.78864],[70.89908,22.79022],[70.89873,22.79066],[70.89844,22.79094],[70.89799,22.79134],[70.89528,22.7934],[70.89422,22.79422],[70.89196,22.79593],[70.88986,22.79756],[70.88965,22.79772],[70.88911,22.79813],[70.88826,22.79877],[70.88787,22.79906],[70.88549,22.80086],[70.883,22.80281],[70.88131,22.80413],[70.88051,22.80476],[70.88003,22.80513],[70.87883,22.80606],[70.8788,22.80608],[70.87755,22.80705],[70.87661,22.80779],[70.87641,22.80794],[70.87567,22.8085],[70.87538,22.80872],[70.87406,22.80975],[70.87161,22.81164],[70.87072,22.81234],[70.86955,22.81325],[70.86802,22.81443],[70.86794,22.81449],[70.86671,22.81543],[70.86505,22.81671],[70.86415,22.81744],[70.8636,22.81798],[70.86316,22.81845],[70.86293,22.81874],[70.86266,22.81913],[70.86245,22.81944],[70.86168,22.82061],[70.86128,22.82124],[70.86093,22.82176],[70.8608,22.82196],[70.86002,22.82311],[70.85887,22.82488],[70.85826,22.82589],[70.85782,22.82662]]},"properties":{"id":"osm:w225889485","name":"NH27","highway":"trunk","bridge":false}},{"type":"Feature","geometry":{"type":"LineString","coordinates":[[70.95734,22.6283],[70.95709,22.6284]]},"properties":{"id":"osm:w225889486","name":"SH319","highway":"tertiary","bridge":false}},{"type":"Feature","geometry":{"type":"LineString","coordinates":[[70.95686,22.6284],[70.95071,22.62836],[70.94642,22.62825],[70.94322,22.62816],[70.9418,22.62817],[70.94146,22.62817],[70.94101,22.62816],[70.94074,22.62817],[70.93722,22.62824],[70.93652,22.62835],[70.93555,22.62859],[70.93493,22.62861],[70.93451,22.62855]]},"properties":{"id":"osm:w225889487","name":"Wakaner To Lajai Highway","highway":"primary","bridge":false}},{"type":"Feature","geometry":{"type":"LineString","coordinates":[[70.95297,22.61663],[70.95288,22.61692],[70.95281,22.6174],[70.95274,22.6179],[70.9527,22.61821],[70.95261,22.61888],[70.95257,22.61942],[70.95257,22.61979],[70.95257,22.61994],[70.95264,22.62027],[70.95288,22.62096],[70.95317,22.62151],[70.95322,22.6216],[70.95393,22.62285],[70.95416,22.62325],[70.95487,22.62452],[70.95567,22.6259],[70.9558,22.62598]]},"properties":{"id":"osm:w225889499","name":"","highway":"tertiary","bridge":false}},{"type":"Feature","geometry":{"type":"LineString","coordinates":[[70.95743,22.62825],[70.95738,22.62812],[70.9572,22.62792],[70.95695,22.62753],[70.95661,22.6269],[70.95599,22.62582],[70.95516,22.62448],[70.95417,22.62273],[70.95349,22.62155],[70.95316,22.62091],[70.95297,22.62043],[70.95291,22.6201],[70.95283,22.61971],[70.95283,22.61947],[70.95283,22.61936],[70.95289,22.61866],[70.95291,22.61856],[70.95304,22.61772],[70.95307,22.61751],[70.95311,22.61731],[70.95322,22.61659],[70.95325,22.61605],[70.9533,22.61518]]},"properties":{"id":"osm:w225889504","name":"","highway":"tertiary","bridge":false}},{"type":"Feature","geometry":{"type":"LineString","coordinates":[[70.93451,22.62855],[70.93119,22.62812]]},"properties":{"id":"osm:w227972087","name":"SH319","highway":"primary","bridge":true}},{"type":"Feature","geometry":{"type":"LineString","coordinates":[[70.93119,22.62812],[70.93055,22.62805],[70.92269,22.62555],[70.92193,22.62573],[70.92151,22.62577],[70.92124,22.62583],[70.92072,22.62596],[70.92033,22.62605],[70.91961,22.62623],[70.91797,22.62662],[70.91731,22.62682],[70.91678,22.62721],[70.91658,22.62731],[70.91544,22.62794],[70.9149,22.62821]]},"properties":{"id":"osm:w227972088","name":"Wakaner To Lajai Highway","highway":"primary","bridge":false}},{"type":"Feature","geometry":{"type":"LineString","coordinates":[[70.9149,22.62821],[70.91327,22.62903]]},"properties":{"id":"osm:w228569278","name":"SH319","highway":"primary","bridge":true}},{"type":"Feature","geometry":{"type":"LineString","coordinates":[[70.91327,22.62903],[70.91291,22.6292],[70.91259,22.62933],[70.91187,22.62949],[70.90762,22.63039],[70.90586,22.63074]]},"properties":{"id":"osm:w228569280","name":"Lajai To Wakaner Highway","highway":"primary","bridge":false}},{"type":"Feature","geometry":{"type":"LineString","coordinates":[[70.80457,22.83654],[70.80425,22.83668]]},"properties":{"id":"osm:w229445290","name":"SH24","highway":"primary","bridge":true}},{"type":"Feature","geometry":{"type":"LineString","coordinates":[[70.71527,22.85478],[70.71513,22.85467],[70.71502,22.85461],[70.71485,22.8546],[70.71448,22.85469],[70.71431,22.85474],[70.71392,22.85484],[70.7129,22.85521],[70.71186,22.8555],[70.71123,22.85566],[70.71075,22.85583],[70.71052,22.85602],[70.70813,22.85834],[70.70487,22.86163],[70.70232,22.86436],[70.69982,22.86705],[70.69774,22.86939],[70.69494,22.8726],[70.69415,22.8735],[70.69341,22.87439],[70.69318,22.87462],[70.69295,22.87485],[70.69275,22.87507],[70.69232,22.87558],[70.6921,22.87578],[70.69194,22.87589],[70.69179,22.87591],[70.69152,22.87594],[70.6913,22.87595],[70.69105,22.876],[70.69082,22.87603],[70.69065,22.87608],[70.69047,22.87617],[70.69025,22.8763],[70.68988,22.87649],[70.68935,22.87675],[70.6889,22.87702],[70.68813,22.87746],[70.68699,22.87811],[70.68539,22.879],[70.68376,22.87989],[70.68332,22.88012],[70.68259,22.8805],[70.68233,22.88064],[70.68169,22.88093],[70.68135,22.88104],[70.68097,22.88124],[70.68035,22.88163],[70.67919,22.88236],[70.67839,22.88286],[70.678,22.8831],[70.67787,22.8832],[70.67717,22.88413],[70.67621,22.88542],[70.67508,22.88692],[70.67408,22.8882],[70.67261,22.8902],[70.67171,22.89133],[70.67051,22.89283],[70.66931,22.89436],[70.66903,22.89473],[70.66881,22.89504],[70.66843,22.89542],[70.66772,22.89602],[70.66709,22.89661],[70.6666,22.89713],[70.66613,22.89751],[70.66553,22.89797],[70.66531,22.8982],[70.66473,22.89881],[70.66455,22.899],[70.66445,22.8991],[70.66374,22.89976],[70.66365,22.89987],[70.66346,22.90015],[70.66342,22.9002],[70.66326,22.90044],[70.66324,22.90049],[70.66317,22.90073],[70.66304,22.90104],[70.66292,22.9014],[70.6628,22.90165],[70.66256,22.902],[70.66242,22.90222],[70.66225,22.90242],[70.66205,22.9026],[70.66193,22.90269],[70.66171,22.90281],[70.66151,22.90299],[70.66114,22.90338],[70.6604,22.90431],[70.65902,22.9059],[70.65861,22.90642],[70.65778,22.90746],[70.65756,22.9077]]},"properties":{"id":"osm:w229445292","name":"SH314","highway":"primary","bridge":false}},{"type":"Feature","geometry":{"type":"LineString","coordinates":[[70.7159,22.85534],[70.71527,22.85478]]},"properties":{"id":"osm:w229445293","name":"SH314","highway":"primary","bridge":true}},{"type":"Feature","geometry":{"type":"LineString","coordinates":[[70.8077,22.82629],[70.80689,22.8264]]},"properties":{"id":"osm:w229445294","name":"SH314","highway":"primary","bridge":true}},{"type":"Feature","geometry":{"type":"LineString","coordinates":[[70.79403,22.82934],[70.79038,22.8301],[70.78773,22.83065],[70.78583,22.83107],[70.78476,22.83156],[70.78454,22.83162],[70.78443,22.83174],[70.78438,22.83197],[70.78397,22.83269],[70.78386,22.8329],[70.78318,22.83316],[70.78198,22.83365],[70.78185,22.83371],[70.7816,22.83384],[70.78117,22.83404],[70.77997,22.83463],[70.77993,22.83465],[70.77858,22.83524],[70.77611,22.83641],[70.77397,22.83735],[70.76972,22.8393],[70.7661,22.8409],[70.76201,22.84282],[70.75973,22.84387],[70.75693,22.84471],[70.75246,22.84614],[70.74736,22.84777],[70.74147,22.84957],[70.73718,22.85086],[70.73636,22.85107],[70.73381,22.85121],[70.73067,22.8514],[70.72508,22.85178],[70.72433,22.8518],[70.72423,22.85195],[70.72413,22.8523],[70.72375,22.85355],[70.72348,22.85433],[70.72324,22.8551],[70.72297,22.85534],[70.72231,22.8556],[70.72166,22.85579],[70.72117,22.85577],[70.72041,22.8556],[70.71983,22.85544],[70.71921,22.85523],[70.71902,22.85522],[70.7187,22.85522],[70.7181,22.85547],[70.71756,22.85571],[70.71727,22.85574],[70.71702,22.85574],[70.7168,22.8557],[70.7159,22.85534]]},"properties":{"id":"osm:w229445295","name":"SH314","highway":"primary","bridge":false}},{"type":"Feature","geometry":{"type":"LineString","coordinates":[[70.99272,22.67862],[70.99371,22.67979],[70.9943,22.68048],[70.99469,22.6808],[70.99537,22.68115],[70.99769,22.68208],[70.99886,22.68255],[71.00104,22.6834],[71.00492,22.68494],[71.00873,22.68656],[71.00934,22.68679],[71.00984,22.68679],[71.01104,22.68666],[71.0138,22.68625],[71.0238,22.68478],[71.02508,22.68402],[71.02684,22.68297],[71.02722,22.68274],[71.02949,22.68282],[71.0314,22.68289],[71.03243,22.68323],[71.03299,22.68338],[71.03369,22.68328],[71.03696,22.68282],[71.04511,22.68159],[71.05397,22.68029],[71.0583,22.67969],[71.05868,22.67968],[71.05874,22.67972],[71.0592,22.68002],[71.06073,22.68131],[71.06315,22.68348],[71.06363,22.68396],[71.06495,22.68598],[71.06561,22.687],[71.06579,22.68775],[71.06582,22.68802],[71.06571,22.68841],[71.06528,22.68968],[71.06539,22.69],[71.06568,22.69053],[71.06756,22.69362],[71.06916,22.69637],[71.06929,22.69683],[71.06949,22.69746],[71.07039,22.69974],[71.07159,22.70297],[71.07283,22.70644],[71.07328,22.7076],[71.07372,22.7083],[71.07544,22.71105],[71.07547,22.7111],[71.08117,22.72017],[71.08253,22.72237],[71.08339,22.72335],[71.08498,22.72522],[71.08735,22.72797],[71.08752,22.72816],[71.09032,22.73139],[71.09149,22.73239],[71.09319,22.73374],[71.09369,22.73406],[71.0952,22.73463],[71.09684,22.73519],[71.09772,22.73554],[71.09923,22.736],[71.10075,22.73644],[71.10159,22.73685],[71.10196,22.73697],[71.10326,22.73714],[71.10441,22.73727],[71.1048,22.73749],[71.10565,22.73821],[71.1074,22.73959],[71.10783,22.74011],[71.10806,22.74107],[71.10835,22.74259],[71.10865,22.74385],[71.10916,22.74517],[71.11032,22.74737],[71.11101,22.74944],[71.11104,22.74956],[71.11164,22.75173],[71.11243,22.75368],[71.11285,22.75462],[71.11289,22.75513],[71.11277,22.75614],[71.11307,22.75718],[71.11383,22.75982],[71.11443,22.76208],[71.11445,22.76247],[71.11445,22.76447],[71.1145,22.76531],[71.11504,22.76785],[71.11563,22.77082],[71.11555,22.77149],[71.11543,22.77291],[71.11536,22.77369],[71.11515,22.77427],[71.11513,22.77431],[71.1142,22.77643],[71.11377,22.77684],[71.11144,22.779],[71.10852,22.78172],[71.10595,22.78495],[71.10321,22.78847],[71.10035,22.79207],[71.09757,22.796],[71.09602,22.79808],[71.09559,22.7984],[71.09435,22.79922],[71.09331,22.79987],[71.09168,22.80155],[71.09018,22.80282],[71.08854,22.80428],[71.08622,22.80637],[71.08412,22.80826],[71.08296,22.80977],[71.08195,22.81109],[71.08104,22.81226],[71.07891,22.81514],[71.07848,22.81616],[71.0768,22.81971],[71.07584,22.82176],[71.07546,22.82221],[71.07363,22.82388],[71.06977,22.82746],[71.06591,22.83109],[71.06415,22.83274],[71.06329,22.83411],[71.06264,22.83519],[71.06184,22.83616],[71.06,22.83813],[71.0592,22.83907],[71.05912,22.83957],[71.05921,22.8402],[71.05945,22.84154],[71.05956,22.84211],[71.0595,22.84262],[71.05937,22.84279],[71.05904,22.84292],[71.05705,22.84373],[71.05637,22.84426],[71.05576,22.84485],[71.05515,22.84549],[71.05469,22.84587],[71.05433,22.84625],[71.05401,22.84666],[71.05396,22.8473],[71.05404,22.84838],[71.05433,22.84878],[71.05603,22.85091],[71.05712,22.8523],[71.0572,22.85249],[71.0578,22.85587],[71.05832,22.85842],[71.06078,22.87171],[71.0613,22.87458],[71.06175,22.87664],[71.0627,22.88137],[71.06356,22.8865],[71.0636,22.8871],[71.0632,22.8891],[71.06335,22.88957],[71.06418,22.89097],[71.06437,22.89148],[71.06526,22.89642],[71.06595,22.90029],[71.06672,22.90459],[71.06701,22.90645],[71.06703,22.90661]]},"properties":{"id":"osm:w229447139","name":"SH318","highway":"primary","bridge":false}},{"type":"Feature","geometry":{"type":"LineString","coordinates":[[70.99116,22.67614],[70.99223,22.67757],[70.99272,22.67862]]},"properties":{"id":"osm:w229447145","name":"SH318","highway":"primary","bridge":true}},{"type":"Feature","geometry":{"type":"LineString","coordinates":[[70.90586,22.63074],[70.90541,22.63082]]},"properties":{"id":"osm:w229448762","name":"SH319","highway":"primary","bridge":true}},{"type":"Feature","geometry":{"type":"LineString","coordinates":[[70.90541,22.63082],[70.90463,22.63093],[70.9034,22.63095],[70.89971,22.631],[70.89908,22.63105],[70.89871,22.6311],[70.89787,22.63129],[70.89545,22.63191],[70.89284,22.63259],[70.89027,22.63324],[70.88828,22.63373],[70.88795,22.63389],[70.8877,22.63416],[70.88759,22.63438],[70.88754,22.63466],[70.88755,22.63499],[70.88758,22.63588],[70.88758,22.63619],[70.88751,22.63633],[70.88733,22.63642],[70.88709,22.6365],[70.88682,22.63663],[70.88679,22.63664],[70.88663,22.63668],[70.88657,22.63666],[70.88653,22.63663],[70.88648,22.63654],[70.88645,22.63644],[70.88647,22.6363],[70.88644,22.63613],[70.88635,22.63596],[70.88624,22.63586],[70.88607,22.63575],[70.88586,22.63569],[70.88548,22.63562],[70.88519,22.63567],[70.88499,22.63575],[70.88489,22.63583],[70.88472,22.6359],[70.88458,22.63588],[70.88445,22.63584],[70.88434,22.63578],[70.8843,22.63574],[70.88421,22.63557],[70.88419,22.6354],[70.88413,22.63494],[70.88408,22.63463],[70.88396,22.63435],[70.8838,22.63421],[70.88354,22.63415],[70.88329,22.63412],[70.88304,22.6342],[70.88279,22.63433],[70.8822,22.63482],[70.88173,22.63532],[70.88134,22.6355],[70.881,22.6356],[70.88029,22.63579],[70.87929,22.63598],[70.87687,22.6364],[70.8748,22.63677],[70.87393,22.63699],[70.87279,22.63727],[70.87152,22.63761],[70.87017,22.63796],[70.86765,22.63859],[70.8644,22.63941],[70.86115,22.64023],[70.86077,22.64033],[70.85903,22.64076],[70.85848,22.64096],[70.85813,22.64121],[70.85784,22.64146],[70.85763,22.64179],[70.85751,22.64207],[70.85746,22.64235],[70.85736,22.64316],[70.85729,22.64334],[70.8572,22.64345],[70.85703,22.64352],[70.85688,22.64353],[70.85657,22.64346],[70.8556,22.64325],[70.85531,22.6431],[70.85505,22.64298],[70.85475,22.64282],[70.85453,22.64281],[70.85427,22.6428],[70.85411,22.64286],[70.854,22.64293],[70.85341,22.64362],[70.85335,22.64364],[70.85264,22.64391],[70.85133,22.64433],[70.8509,22.64447],[70.85069,22.64458],[70.85046,22.64484],[70.85029,22.6451],[70.84975,22.64615],[70.8497,22.64622],[70.84948,22.64652],[70.84911,22.64681],[70.8481,22.64735],[70.84715,22.6479],[70.84523,22.649],[70.84394,22.64974],[70.84353,22.65005],[70.84326,22.6504],[70.8431,22.65074],[70.84222,22.65277],[70.84207,22.65315],[70.84211,22.65338],[70.84261,22.65498],[70.84274,22.65533],[70.84269,22.65579],[70.8426,22.65638],[70.84259,22.65709],[70.84258,22.65757],[70.8426,22.65818],[70.84256,22.65945],[70.84244,22.66069],[70.84231,22.66133],[70.84214,22.66234],[70.842,22.66295],[70.84135,22.66522],[70.8411,22.66602],[70.84093,22.66642],[70.84082,22.66701],[70.84055,22.66822],[70.84006,22.67015],[70.83986,22.67139],[70.83961,22.67219],[70.83927,22.673],[70.83879,22.67395],[70.83801,22.6754],[70.8371,22.67704],[70.83656,22.6778],[70.83538,22.67971],[70.83525,22.67995],[70.8352,22.68],[70.83512,22.68006],[70.83495,22.6801],[70.8348,22.68012],[70.83457,22.68012],[70.83341,22.68015],[70.83204,22.68025],[70.83161,22.68027],[70.83038,22.68026],[70.82862,22.68015],[70.82734,22.6801],[70.82674,22.68004],[70.82643,22.68],[70.82591,22.67985],[70.82456,22.67953],[70.82418,22.67936],[70.82344,22.67868],[70.82264,22.67789],[70.82248,22.67782],[70.82238,22.67781],[70.82213,22.67784],[70.82075,22.67812],[70.8205,22.67811],[70.82028,22.67801],[70.81926,22.67744],[70.81862,22.67716],[70.81781,22.67682],[70.81706,22.67654],[70.81684,22.67647],[70.81665,22.67646],[70.81644,22.67646],[70.81618,22.67654],[70.81595,22.67671],[70.81576,22.67697],[70.81552,22.67744],[70.81481,22.67891],[70.8138,22.68104],[70.81345,22.68166],[70.81332,22.68177],[70.81309,22.68188],[70.81227,22.68213],[70.81117,22.68242],[70.81011,22.68269],[70.80883,22.68302],[70.80759,22.68334],[70.80756,22.68335],[70.80749,22.68337],[70.80732,22.68345],[70.80715,22.68353],[70.8069,22.68368],[70.80674,22.68378],[70.80664,22.68394],[70.80661,22.68404],[70.80662,22.68421],[70.80663,22.68429],[70.80665,22.68459],[70.8066,22.68484],[70.80652,22.68517],[70.80627,22.68566],[70.80614,22.68592],[70.80601,22.68627],[70.80585,22.68683],[70.80553,22.68792],[70.80522,22.68903],[70.80468,22.69099],[70.80438,22.69201],[70.80419,22.69246],[70.80404,22.69277],[70.80378,22.69316],[70.80368,22.69329],[70.80317,22.69398],[70.80246,22.69494],[70.80177,22.69604],[70.80162,22.69632],[70.80126,22.69694],[70.8008,22.69772],[70.80055,22.69806],[70.79989,22.69879],[70.79926,22.69947],[70.7989,22.69989],[70.79805,22.70081],[70.79751,22.7015],[70.79721,22.70195],[70.79673,22.70275],[70.7963,22.70334],[70.79593,22.70381],[70.7953,22.70466],[70.79482,22.70546],[70.79457,22.70583],[70.79433,22.70603],[70.79408,22.70623],[70.79359,22.70659],[70.79342,22.70669],[70.79324,22.70675],[70.79311,22.70675],[70.79288,22.7067],[70.79256,22.70657],[70.79148,22.70619],[70.78903,22.70516],[70.78749,22.7045],[70.78721,22.70444],[70.78707,22.70447],[70.7869,22.70452],[70.78677,22.70463],[70.78663,22.70493],[70.78592,22.70642],[70.78537,22.70767],[70.78502,22.70811],[70.78449,22.70855],[70.78261,22.71009],[70.78117,22.71128],[70.7807,22.71194],[70.78038,22.71232],[70.78005,22.71256],[70.7797,22.71262],[70.77938,22.71268],[70.77919,22.71274],[70.77879,22.7129]]},"properties":{"id":"osm:w229448763","name":"Lajai - Wakaner Highway","highway":"primary","bridge":false}},{"type":"Feature","geometry":{"type":"LineString","coordinates":[[70.85365,22.83715],[70.85396,22.8377]]},"properties":{"id":"osm:w229450865","name":"SH22","highway":"primary","bridge":true}},{"type":"Feature","geometry":{"type":"LineString","coordinates":[[70.88705,22.89956],[70.88721,22.8999]]},"properties":{"id":"osm:w229450866","name":"SH321","highway":"primary","bridge":true}},{"type":"Feature","geometry":{"type":"LineString","coordinates":[[70.85649,22.8431],[70.85719,22.84479],[70.85742,22.84534],[70.85804,22.84683],[70.85854,22.848],[70.85899,22.84919],[70.85929,22.85061],[70.85951,22.85095],[70.86016,22.852],[70.86059,22.85317],[70.86115,22.85465],[70.86133,22.85502],[70.8614,22.85513]]},"properties":{"id":"osm:w229450867","name":"SH321","highway":"primary","bridge":false}},{"type":"Feature","geometry":{"type":"LineString","coordinates":[[70.88721,22.8999],[70.88762,22.90081],[70.88801,22.90169],[70.88918,22.90431],[70.88989,22.90591],[70.89028,22.90678],[70.89075,22.90784],[70.89152,22.90952],[70.89222,22.91105],[70.89332,22.91351],[70.89372,22.91439],[70.89481,22.91685],[70.89525,22.91782],[70.89629,22.92009],[70.8965,22.92086],[70.89686,22.92228]]},"properties":{"id":"osm:w229450868","name":"SH321","highway":"primary","bridge":false}},{"type":"Feature","geometry":{"type":"LineString","coordinates":[[70.8084,22.81574],[70.80875,22.81576],[70.80903,22.81578],[70.80962,22.81584],[70.81031,22.81595],[70.81041,22.81597],[70.81241,22.81635],[70.81306,22.81647],[70.81421,22.81656],[70.81467,22.81659],[70.81492,22.81661],[70.81531,22.81664],[70.81543,22.81664],[70.8156,22.81665],[70.81614,22.81669],[70.81645,22.81671],[70.8168,22.81674],[70.81719,22.81681],[70.8176,22.81695],[70.81793,22.81706],[70.81837,22.81722],[70.81855,22.81727],[70.81883,22.81736],[70.81935,22.81752],[70.8196,22.8176],[70.81984,22.81769],[70.82028,22.81785],[70.82074,22.81803],[70.82081,22.81805],[70.82101,22.81812],[70.82143,22.81827],[70.82183,22.8184],[70.8222,22.81853],[70.82233,22.81858],[70.82411,22.81961],[70.82448,22.81981],[70.82499,22.82007],[70.82503,22.8201],[70.82567,22.82028],[70.82623,22.82029],[70.82672,22.82018],[70.8268,22.82014],[70.82707,22.82002],[70.82737,22.8198],[70.82756,22.81979],[70.82766,22.81978]]},"properties":{"id":"osm:w229682210","name":"","highway":"secondary","bridge":false}},{"type":"Feature","geometry":{"type":"LineString","coordinates":[[70.86133,22.76967],[70.85914,22.76849]]},"properties":{"id":"osm:w229682212","name":"","highway":"secondary","bridge":true}},{"type":"Feature","geometry":{"type":"LineString","coordinates":[[70.80785,22.81571],[70.8084,22.81574]]},"properties":{"id":"osm:w229682213","name":"","highway":"secondary","bridge":true}},{"type":"Feature","geometry":{"type":"LineString","coordinates":[[70.76,22.79932],[70.7622,22.80109],[70.76275,22.80147],[70.76575,22.80249],[70.76997,22.80398],[70.77253,22.80548],[70.77609,22.80734],[70.77761,22.80831],[70.77876,22.80908],[70.78152,22.81023],[70.7826,22.81049],[70.78717,22.81142],[70.78816,22.81162],[70.78985,22.81227],[70.79066,22.81249],[70.79182,22.81263],[70.79287,22.81265],[70.79411,22.81281],[70.79484,22.81308],[70.79803,22.81405],[70.80205,22.81524],[70.80245,22.8153],[70.80292,22.81532],[70.8035,22.81535],[70.80474,22.81544],[70.80575,22.81551],[70.80633,22.81555],[70.8068,22.81558],[70.80785,22.81571]]},"properties":{"id":"osm:w229682215","name":"","highway":"secondary","bridge":false}},{"type":"Feature","geometry":{"type":"LineString","coordinates":[[70.9074,22.77268],[70.90696,22.77248],[70.90655,22.77229],[70.90622,22.77211],[70.90563,22.77188],[70.90559,22.77187],[70.90533,22.77175],[70.90513,22.77161],[70.90511,22.7716],[70.90479,22.77128],[70.9045,22.77099],[70.90409,22.77058],[70.90404,22.77053],[70.90392,22.77042],[70.90369,22.77032],[70.90367,22.77031],[70.90333,22.77022],[70.90263,22.77004],[70.90227,22.76995],[70.90188,22.76986],[70.90171,22.76981],[70.90145,22.76972],[70.90129,22.76966],[70.90123,22.76963],[70.90107,22.76956],[70.90096,22.76954],[70.90092,22.76953],[70.90087,22.76954],[70.9007,22.76959],[70.90049,22.76967],[70.90041,22.76969],[70.90033,22.7697],[70.90018,22.76969],[70.89995,22.76965],[70.8994,22.76932],[70.89876,22.76896],[70.89858,22.76887],[70.89819,22.76868],[70.89804,22.7686],[70.89702,22.76831],[70.8968,22.76826],[70.89668,22.76824],[70.8965,22.76823],[70.89625,22.76823],[70.89601,22.76826],[70.89555,22.76838],[70.89493,22.76852],[70.89457,22.76855],[70.89427,22.76853],[70.89358,22.76843],[70.89288,22.76829],[70.89257,22.76823],[70.89188,22.76804],[70.89185,22.76803],[70.89176,22.76798],[70.89132,22.76775],[70.88872,22.76615],[70.88835,22.766],[70.88796,22.76588],[70.88752,22.76577],[70.88691,22.76566],[70.88565,22.76549],[70.88465,22.76534],[70.88439,22.7653],[70.88377,22.76519],[70.88352,22.76515],[70.88311,22.76514],[70.88235,22.76525],[70.88168,22.76535],[70.88107,22.76549],[70.88093,22.76555],[70.88087,22.76558],[70.88071,22.76565],[70.88063,22.76571],[70.88059,22.76574]]},"properties":{"id":"osm:w229682219","name":"","highway":"secondary","bridge":false}},{"type":"Feature","geometry":{"type":"LineString","coordinates":[[70.82576,22.85981],[70.82338,22.85708]]},"properties":{"id":"osm:w231000362","name":"Morbi Bypass","highway":"primary","bridge":true}},{"type":"Feature","geometry":{"type":"LineString","coordinates":[[70.84144,22.87747],[70.84141,22.87736],[70.84116,22.87707],[70.83795,22.87344],[70.83738,22.8728],[70.83662,22.87193],[70.83492,22.87],[70.83458,22.86962],[70.83292,22.86775],[70.83223,22.86696],[70.83189,22.86657],[70.8279,22.86206],[70.82739,22.86148],[70.82576,22.85981]]},"properties":{"id":"osm:w231000363","name":"Morbi Bypass","highway":"primary","bridge":false}},{"type":"Feature","geometry":{"type":"LineString","coordinates":[[70.8614,22.85513],[70.8616,22.85547]]},"properties":{"id":"osm:w231000366","name":"SH321","highway":"primary","bridge":true}},{"type":"Feature","geometry":{"type":"LineString","coordinates":[[70.8616,22.85547],[70.86179,22.85577],[70.86282,22.85755],[70.8631,22.85812],[70.86319,22.85846],[70.86333,22.85895],[70.86396,22.85998],[70.86447,22.8608],[70.86471,22.86118],[70.86526,22.86179],[70.86559,22.86215],[70.8672,22.86387],[70.86935,22.86615],[70.8724,22.86946],[70.87412,22.87136],[70.87474,22.87224],[70.87526,22.87317],[70.87582,22.87466],[70.87708,22.87782],[70.87731,22.87842],[70.87797,22.88011],[70.87839,22.88119],[70.87945,22.88379],[70.87973,22.88448],[70.88066,22.88678],[70.88082,22.88709],[70.88126,22.88796],[70.88191,22.88924],[70.88219,22.88979],[70.88301,22.89148],[70.88351,22.8925],[70.8848,22.89492],[70.88603,22.89733],[70.88609,22.89745],[70.88643,22.8982],[70.88681,22.89903],[70.88705,22.89956]]},"properties":{"id":"osm:w231000367","name":"SH321","highway":"primary","bridge":false}},{"type":"Feature","geometry":{"type":"LineString","coordinates":[[70.66449,22.59346],[70.66497,22.5939],[70.66611,22.59492],[70.66714,22.59588],[70.66816,22.59641],[70.66902,22.59677],[70.67224,22.598],[70.67269,22.59817],[70.67307,22.59831],[70.67348,22.59847],[70.67388,22.59862],[70.67826,22.60042],[70.67844,22.60053],[70.67903,22.60089],[70.6801,22.60153],[70.68107,22.60211],[70.68143,22.60233],[70.68171,22.60249],[70.68386,22.60378],[70.69182,22.60869],[70.69733,22.61235],[70.69745,22.61244],[70.69766,22.61258],[70.6985,22.61318],[70.70045,22.61411],[70.70424,22.61585],[70.70511,22.61629],[70.70552,22.61663],[70.70569,22.61676],[70.70621,22.6172],[70.71025,22.62026],[70.71182,22.62142],[70.71335,22.62259],[70.71346,22.62271]]},"properties":{"id":"osm:w280518343","name":"Dhrol - Tankara State Highway SH-22","highway":"primary","bridge":false}},{"type":"Feature","geometry":{"type":"LineString","coordinates":[[70.78235,22.62976],[70.78143,22.62956]]},"properties":{"id":"osm:w280518356","name":"","highway":"tertiary","bridge":true}},{"type":"Feature","geometry":{"type":"LineString","coordinates":[[70.82123,22.6377],[70.82102,22.6377],[70.82081,22.63775],[70.81974,22.63818],[70.81921,22.63842],[70.81871,22.63866],[70.81847,22.63873],[70.81798,22.63893],[70.81778,22.63904],[70.81738,22.63922],[70.81719,22.63929],[70.81691,22.6393],[70.81639,22.63931],[70.81627,22.63932],[70.8159,22.63926],[70.81565,22.63917],[70.81538,22.63901],[70.81498,22.63871],[70.81447,22.63831],[70.81406,22.638],[70.81365,22.63763],[70.81348,22.6375],[70.81311,22.63717],[70.81257,22.63675],[70.81242,22.63661],[70.81223,22.63649],[70.81206,22.63644],[70.8118,22.63636],[70.8117,22.63636],[70.8115,22.63629],[70.81101,22.63612],[70.81088,22.63605],[70.81077,22.6359],[70.8107,22.6357],[70.81061,22.63556],[70.81049,22.63544],[70.8104,22.63526],[70.81027,22.63502],[70.81016,22.63493],[70.80978,22.6348],[70.80954,22.63471],[70.80922,22.63462],[70.8088,22.63444],[70.80819,22.63419],[70.80784,22.63394],[70.80764,22.63384],[70.80751,22.6338],[70.80737,22.63379],[70.80723,22.63379],[70.80668,22.6339],[70.80612,22.63402],[70.8057,22.63411],[70.80555,22.63411],[70.80543,22.6341],[70.80527,22.63404],[70.80494,22.63384],[70.80472,22.63367],[70.80424,22.63329],[70.80385,22.633],[70.8036,22.63289],[70.80334,22.63281],[70.80291,22.63274],[70.80234,22.63264],[70.80127,22.63238],[70.80065,22.63221],[70.80021,22.63208],[70.79975,22.63198],[70.79836,22.63171],[70.79817,22.63167],[70.7979,22.63166],[70.79668,22.63166],[70.79553,22.6316],[70.79448,22.63153],[70.79411,22.63146],[70.79366,22.63132],[70.79293,22.63114],[70.79247,22.63112],[70.79212,22.63111],[70.79181,22.63102],[70.7914,22.63083],[70.79105,22.63063],[70.79085,22.63053],[70.78975,22.63023],[70.78862,22.62998],[70.7883,22.62996],[70.78817,22.62996],[70.78801,22.63002],[70.78789,22.63011],[70.7878,22.63028],[70.7877,22.63057],[70.7876,22.63079],[70.78756,22.63092],[70.78727,22.63105],[70.78676,22.63121],[70.7862,22.6314],[70.78596,22.6314],[70.78554,22.63142],[70.78508,22.63134],[70.78488,22.63122],[70.78469,22.63107],[70.78447,22.63077],[70.78424,22.63051],[70.78403,22.63033],[70.78384,22.63018],[70.78358,22.63008],[70.78319,22.62994],[70.78287,22.62986],[70.78235,22.62976]]},"properties":{"id":"osm:w280518358","name":"Tol - Amrapar Road","highway":"tertiary","bridge":false}},{"type":"Feature","geometry":{"type":"LineString","coordinates":[[70.78143,22.62956],[70.78129,22.62951],[70.78114,22.6295],[70.78104,22.62953],[70.78087,22.62969],[70.78075,22.62988],[70.78065,22.63005],[70.78048,22.6303],[70.78027,22.63053],[70.78,22.63072],[70.77976,22.63092],[70.77956,22.63109],[70.77908,22.63142],[70.77858,22.63185],[70.77824,22.63228],[70.778,22.63251],[70.77783,22.63267],[70.77675,22.63325],[70.7765,22.63335],[70.77635,22.63344],[70.77626,22.63352],[70.77589,22.6339],[70.77527,22.63445],[70.775,22.63467],[70.7746,22.63498],[70.77427,22.63521],[70.77374,22.63554],[70.77253,22.63628],[70.77087,22.63743],[70.76968,22.63839],[70.76942,22.63862],[70.76917,22.63884],[70.76897,22.63907],[70.76819,22.64008],[70.76701,22.6415],[70.76652,22.64193],[70.76581,22.64239],[70.76542,22.64252],[70.76507,22.64258],[70.76419,22.64279],[70.76379,22.64295],[70.76336,22.64324],[70.7633,22.64337],[70.7632,22.64346],[70.76304,22.64355],[70.76277,22.6437],[70.76249,22.64391],[70.76229,22.64406],[70.76199,22.64435],[70.76164,22.64474],[70.76136,22.64508],[70.76119,22.64524],[70.76037,22.646],[70.75973,22.64665],[70.75903,22.64791],[70.75882,22.6484],[70.7587,22.64876],[70.75852,22.64913],[70.75801,22.64976],[70.75705,22.65088],[70.7565,22.65157],[70.75617,22.65195],[70.75603,22.65217],[70.75572,22.6529],[70.75508,22.65445],[70.75495,22.65471],[70.75495,22.65492],[70.75496,22.65509],[70.75487,22.65526],[70.7547,22.65557],[70.75441,22.65598]]},"properties":{"id":"osm:w280518367","name":"Amrapar - Tankara Road","highway":"tertiary","bridge":false}},{"type":"Feature","geometry":{"type":"LineString","coordinates":[[70.75441,22.65598],[70.75397,22.6565],[70.75351,22.65706]]},"properties":{"id":"osm:w280518373","name":"","highway":"tertiary","bridge":false}},{"type":"Feature","geometry":{"type":"LineString","coordinates":[[70.7462,22.65904],[70.74678,22.65906],[70.74707,22.65905],[70.74742,22.65909],[70.74791,22.65927],[70.74816,22.6594],[70.74835,22.65945],[70.74865,22.65945],[70.74881,22.65939],[70.74885,22.65938],[70.74908,22.6593],[70.74936,22.65925],[70.74979,22.6593],[70.75015,22.65932],[70.7504,22.65931],[70.75065,22.65928],[70.75088,22.65923],[70.75093,22.65921],[70.75186,22.659],[70.75243,22.6589],[70.75259,22.6588],[70.75261,22.65877],[70.75269,22.65859],[70.75287,22.65798],[70.75303,22.6576],[70.75351,22.65706]]},"properties":{"id":"osm:w280518374","name":"Amrapar - Tankara Road","highway":"tertiary","bridge":false}},{"type":"Feature","geometry":{"type":"LineString","coordinates":[[70.83182,22.81974],[70.83178,22.82029],[70.83176,22.82059],[70.83173,22.82104],[70.83172,22.82117],[70.83171,22.82131]]},"properties":{"id":"osm:w380764005","name":"","highway":"tertiary","bridge":false}},{"type":"Feature","geometry":{"type":"LineString","coordinates":[[70.82866,22.81261],[70.82881,22.81321],[70.82881,22.81458],[70.82876,22.81541],[70.82876,22.81555],[70.82875,22.81562],[70.8287,22.81665],[70.82865,22.8175],[70.8286,22.81812],[70.82859,22.81818],[70.82859,22.81849],[70.82859,22.81864],[70.82861,22.81879],[70.82868,22.81892],[70.82878,22.81907],[70.82887,22.81918],[70.82938,22.81969],[70.82941,22.81976]]},"properties":{"id":"osm:w380764010","name":"","highway":"secondary","bridge":false}},{"type":"Feature","geometry":{"type":"LineString","coordinates":[[70.83256,22.81634],[70.83258,22.81745],[70.83263,22.81815]]},"properties":{"id":"osm:w380764013","name":"","highway":"tertiary","bridge":false}},{"type":"Feature","geometry":{"type":"LineString","coordinates":[[70.83263,22.81815],[70.83217,22.81816],[70.83135,22.81817],[70.8311,22.81817],[70.83077,22.81817],[70.82984,22.81817],[70.82931,22.81818],[70.8292,22.81818],[70.82885,22.81818],[70.82859,22.81818],[70.82848,22.81818],[70.82819,22.81818]]},"properties":{"id":"osm:w380764015","name":"","highway":"tertiary","bridge":false}},{"type":"Feature","geometry":{"type":"LineString","coordinates":[[70.83211,22.81559],[70.83213,22.81596],[70.83214,22.81635],[70.83215,22.81746],[70.83217,22.81816]]},"properties":{"id":"osm:w380764020","name":"","highway":"tertiary","bridge":false}},{"type":"Feature","geometry":{"type":"LineString","coordinates":[[70.82941,22.81976],[70.82949,22.81944],[70.82955,22.81926],[70.82959,22.81907],[70.8296,22.81899],[70.82967,22.81877],[70.82978,22.81849],[70.82984,22.81817],[70.83002,22.81748],[70.83003,22.81699],[70.83003,22.81679],[70.83003,22.81665],[70.83003,22.81649],[70.83004,22.81575],[70.83003,22.81559],[70.83003,22.81537],[70.83003,22.81524],[70.83003,22.81498],[70.83002,22.8145],[70.83004,22.81437],[70.83007,22.81424],[70.83031,22.81398],[70.83049,22.81372],[70.83059,22.81363],[70.831,22.81325],[70.83125,22.81309],[70.83142,22.81305],[70.83249,22.8127],[70.83268,22.81263],[70.83325,22.81245],[70.83364,22.81228],[70.83375,22.81224],[70.83403,22.81219],[70.83407,22.81219],[70.83422,22.81221],[70.83433,22.81227],[70.83458,22.81241],[70.83482,22.81252],[70.83503,22.81264],[70.83524,22.81277],[70.83548,22.81291],[70.83573,22.81306]]},"properties":{"id":"osm:w380764156","name":"","highway":"tertiary","bridge":false}},{"type":"Feature","geometry":{"type":"LineString","coordinates":[[70.83993,22.81779],[70.83997,22.81743],[70.84036,22.81717],[70.84065,22.81698],[70.84095,22.81682],[70.84116,22.81679],[70.84182,22.81669],[70.84194,22.81662],[70.84191,22.81628],[70.84189,22.81612],[70.84179,22.81576],[70.84174,22.81543],[70.84173,22.81532],[70.84161,22.8151],[70.84137,22.81444],[70.84114,22.81386],[70.84106,22.81371],[70.84106,22.81363],[70.84107,22.81349],[70.84099,22.81338],[70.84089,22.81323],[70.84081,22.81312],[70.84069,22.81297],[70.84058,22.81283],[70.84056,22.81275],[70.8404,22.81182],[70.84038,22.81167],[70.84028,22.8115],[70.84019,22.81146],[70.84004,22.81146],[70.8399,22.81147],[70.83952,22.81153],[70.83921,22.81156],[70.83882,22.81159],[70.83867,22.8116],[70.83849,22.81162],[70.83785,22.81162],[70.83774,22.81161],[70.83743,22.81157],[70.83718,22.81113],[70.83643,22.81066],[70.83609,22.81052],[70.83585,22.81043],[70.83578,22.81039],[70.83537,22.8102],[70.83521,22.81012],[70.83509,22.81006],[70.83494,22.80993],[70.83484,22.80983],[70.8347,22.80971],[70.83451,22.80954],[70.83408,22.80939],[70.83377,22.8095],[70.8332,22.80968],[70.83273,22.80983],[70.83228,22.80998],[70.8318,22.81013],[70.83097,22.8104],[70.8307,22.81048],[70.83029,22.81061],[70.82894,22.81107],[70.828,22.81198]]},"properties":{"id":"osm:w380765145","name":"","highway":"tertiary","bridge":false}},{"type":"Feature","geometry":{"type":"LineString","coordinates":[[70.83557,22.82266],[70.83554,22.82291],[70.83545,22.8233],[70.83542,22.82343],[70.83536,22.82386],[70.83528,22.82445],[70.83524,22.82471],[70.8352,22.82499],[70.83515,22.82541],[70.83497,22.82667],[70.83494,22.82697],[70.83486,22.82756],[70.83485,22.82766],[70.83479,22.82814],[70.83478,22.82827],[70.83475,22.82863],[70.83469,22.82935],[70.83468,22.82947],[70.83467,22.82962],[70.83462,22.82982],[70.83454,22.8301],[70.83445,22.83042],[70.8343,22.83096],[70.8342,22.83135],[70.83398,22.83188]]},"properties":{"id":"osm:w380770414","name":"","highway":"tertiary","bridge":false}},{"type":"Feature","geometry":{"type":"LineString","coordinates":[[70.83557,22.82266],[70.83458,22.82294],[70.83395,22.8232],[70.83372,22.82329],[70.83346,22.82339],[70.83325,22.82347],[70.83307,22.8235],[70.83144,22.82352],[70.83148,22.82324],[70.83157,22.82256],[70.83163,22.82208],[70.83171,22.82131],[70.83133,22.82126],[70.83095,22.82121],[70.83063,22.82117],[70.83054,22.82111],[70.83049,22.82095],[70.8304,22.82071],[70.83034,22.82063],[70.83014,22.82039],[70.82993,22.8202],[70.82989,22.82016],[70.82941,22.81976]]},"properties":{"id":"osm:w380770442","name":"","highway":"secondary","bridge":false}},{"type":"Feature","geometry":{"type":"LineString","coordinates":[[70.81016,22.83405],[70.81025,22.83407],[70.81031,22.83404],[70.81056,22.83393],[70.81197,22.83331],[70.81341,22.83268],[70.81391,22.83246],[70.81729,22.83095],[70.81817,22.83055],[70.81989,22.82979],[70.82057,22.82949],[70.82171,22.82897],[70.82265,22.82852],[70.82275,22.82842]]},"properties":{"id":"osm:w380774746","name":"","highway":"secondary","bridge":false}},{"type":"Feature","geometry":{"type":"LineString","coordinates":[[70.84606,22.82431],[70.84538,22.82418],[70.84497,22.82405],[70.84465,22.82404],[70.84454,22.8242],[70.84449,22.82432],[70.84414,22.8254],[70.84391,22.82609],[70.8439,22.82614],[70.84385,22.82631],[70.84385,22.82641],[70.84386,22.82645],[70.84386,22.82671],[70.84393,22.82717],[70.84407,22.82815],[70.84415,22.8289],[70.84417,22.82907]]},"properties":{"id":"osm:w398122558","name":"","highway":"tertiary","bridge":false}},{"type":"Feature","geometry":{"type":"LineString","coordinates":[[70.84412,22.82929],[70.8434,22.83121],[70.84339,22.83125],[70.84312,22.83187],[70.84305,22.83205],[70.84263,22.83261],[70.84208,22.83324],[70.84122,22.83423],[70.84028,22.83531],[70.83928,22.83644],[70.83924,22.83649],[70.83912,22.83663],[70.83893,22.83685],[70.83868,22.83729],[70.8382,22.83804],[70.83816,22.83809],[70.83793,22.83847],[70.83739,22.83927],[70.83732,22.83944],[70.8373,22.83948],[70.83724,22.83965],[70.83721,22.83987],[70.83714,22.84041],[70.83705,22.84071],[70.83688,22.84085],[70.83672,22.84096],[70.83642,22.84112],[70.83613,22.84145],[70.8359,22.84195],[70.83556,22.84281],[70.83512,22.84402],[70.83477,22.84503],[70.83474,22.84514],[70.83467,22.84533],[70.83456,22.84597],[70.83444,22.84687],[70.83438,22.84729],[70.83436,22.84741],[70.8343,22.84787],[70.83426,22.84809],[70.83422,22.84833],[70.8342,22.84849],[70.83387,22.85054],[70.83379,22.85076],[70.83366,22.85125],[70.83365,22.85141],[70.83362,22.85164],[70.83367,22.85182],[70.83377,22.85195]]},"properties":{"id":"osm:w398122561","name":"","highway":"tertiary","bridge":false}},{"type":"Feature","geometry":{"type":"LineString","coordinates":[[70.85159,22.81862],[70.85195,22.81865],[70.85211,22.81866],[70.85249,22.81869],[70.85279,22.81872],[70.85392,22.81885],[70.85475,22.81894],[70.85504,22.81898],[70.85514,22.81899],[70.85553,22.81904],[70.85603,22.8191],[70.85629,22.81913],[70.85663,22.81917],[70.85699,22.81922],[70.85724,22.81925],[70.8585,22.81949],[70.85908,22.81968],[70.85935,22.81978],[70.86013,22.82002],[70.86062,22.82018],[70.86162,22.82054]]},"properties":{"id":"osm:w398143929","name":"","highway":"tertiary","bridge":false}},{"type":"Feature","geometry":{"type":"LineString","coordinates":[[70.75373,22.97046],[70.75355,22.97025],[70.75326,22.97004],[70.75308,22.96989],[70.75251,22.96901],[70.75199,22.96818],[70.7517,22.96769],[70.75167,22.96746],[70.75195,22.96679],[70.75213,22.96617],[70.75235,22.96546],[70.75265,22.96471],[70.75281,22.96443],[70.75301,22.96415],[70.75329,22.96382],[70.75342,22.96337],[70.75355,22.96273],[70.75358,22.96249],[70.75353,22.96224],[70.75337,22.96186],[70.75332,22.96159],[70.75341,22.96108],[70.75351,22.96021],[70.7536,22.95974],[70.75368,22.95942],[70.75386,22.95896],[70.754,22.9588],[70.75439,22.95855],[70.75483,22.95841],[70.75503,22.95831],[70.75522,22.95811],[70.75527,22.95807],[70.75559,22.95784],[70.75585,22.95771],[70.75604,22.95763],[70.75617,22.95748],[70.7565,22.95669],[70.75687,22.95597],[70.7571,22.95558],[70.75744,22.95517],[70.75765,22.95486],[70.75801,22.95421],[70.75836,22.95361],[70.75851,22.95317],[70.75867,22.9524],[70.75875,22.95198],[70.75879,22.95184],[70.759,22.95152],[70.7591,22.95139],[70.75936,22.95123],[70.75956,22.9508],[70.75987,22.95],[70.76001,22.94964]]},"properties":{"id":"osm:w518599896","name":"","highway":"tertiary","bridge":false}},{"type":"Feature","geometry":{"type":"LineString","coordinates":[[70.7219,22.89702],[70.72194,22.89714],[70.72192,22.89732],[70.72177,22.89767],[70.7216,22.89791],[70.72118,22.89845],[70.72101,22.89867],[70.72079,22.89896],[70.72065,22.89918],[70.72062,22.89933],[70.72066,22.89951],[70.72099,22.90019],[70.72147,22.90131],[70.72179,22.90203],[70.72209,22.90271],[70.72226,22.90305],[70.72253,22.90344],[70.72296,22.90392],[70.72382,22.90445],[70.72475,22.90499],[70.72505,22.90522],[70.72556,22.90567],[70.72619,22.90624],[70.72674,22.90674],[70.72718,22.90714],[70.72783,22.9077],[70.72867,22.90845],[70.72892,22.90871],[70.72917,22.90908],[70.7295,22.90977],[70.72982,22.91056],[70.73005,22.91132],[70.73016,22.91171],[70.73046,22.91281],[70.73054,22.91311],[70.73064,22.91331],[70.73091,22.91363],[70.73127,22.91398],[70.73145,22.91421],[70.73169,22.91448],[70.73171,22.91463],[70.73163,22.91496],[70.73163,22.91534],[70.73166,22.91592],[70.73171,22.91626],[70.73176,22.91642],[70.73203,22.91668],[70.73253,22.9171],[70.73294,22.91735],[70.73335,22.91751],[70.7339,22.91757],[70.73488,22.91777],[70.73603,22.91799],[70.73669,22.91813],[70.73766,22.91825],[70.7379,22.91823],[70.73835,22.91816],[70.73867,22.91806],[70.73894,22.91792],[70.73989,22.91733],[70.74066,22.91691],[70.74108,22.91666],[70.74134,22.91659],[70.74228,22.91671],[70.74316,22.91686],[70.74376,22.91688],[70.74503,22.91685],[70.74633,22.91688],[70.74705,22.91689],[70.74758,22.91687],[70.74828,22.91677],[70.74871,22.91674],[70.74943,22.91674],[70.75042,22.91673],[70.75087,22.9167],[70.75129,22.91675],[70.75255,22.91706],[70.75323,22.91725],[70.75393,22.91742],[70.75496,22.91772],[70.75587,22.91792],[70.757,22.91813],[70.75833,22.91839],[70.75971,22.91869],[70.76136,22.91904],[70.76265,22.9193],[70.76487,22.91976],[70.7663,22.92005],[70.76693,22.92024],[70.7682,22.9207],[70.76872,22.92091],[70.76915,22.92112],[70.76978,22.92142],[70.77017,22.92154],[70.77172,22.9218],[70.77229,22.92192],[70.77392,22.92221],[70.77479,22.92239],[70.77558,22.92256],[70.77716,22.92268],[70.77857,22.9228],[70.77906,22.92287]]},"properties":{"id":"osm:w518601737","name":"","highway":"tertiary","bridge":false}},{"type":"Feature","geometry":{"type":"LineString","coordinates":[[70.77906,22.92287],[70.7789,22.92308],[70.77854,22.92352],[70.77826,22.92387],[70.77814,22.92398],[70.77795,22.92403],[70.77758,22.92405],[70.77735,22.92411],[70.77702,22.92428],[70.77638,22.92463],[70.77597,22.92481],[70.77553,22.92505],[70.77516,22.92525],[70.77484,22.92539],[70.77466,22.92552],[70.77447,22.92584],[70.77417,22.92659],[70.77402,22.92711],[70.77381,22.9278],[70.77364,22.92819],[70.77351,22.92836],[70.77326,22.92856],[70.77304,22.92864],[70.77252,22.92877],[70.77233,22.92883],[70.77215,22.92893],[70.77198,22.92909],[70.77177,22.92945],[70.77161,22.92968],[70.77139,22.92997],[70.77099,22.93038],[70.77081,22.93057],[70.77053,22.93092],[70.77032,22.93117],[70.77023,22.93127],[70.76999,22.93139],[70.76958,22.93147],[70.7691,22.93164],[70.76863,22.93194],[70.76823,22.93236],[70.76785,22.93281],[70.76773,22.93312],[70.76755,22.9335],[70.76731,22.9339],[70.76708,22.93425],[70.76663,22.93501],[70.76643,22.93538],[70.76605,22.936],[70.76586,22.93629],[70.76578,22.93647],[70.76577,22.93662],[70.76585,22.9368],[70.76598,22.93702],[70.76603,22.9372],[70.76598,22.93745],[70.76589,22.9377],[70.76576,22.93801],[70.76569,22.93831],[70.76565,22.93879],[70.76558,22.93908],[70.76545,22.93949],[70.76533,22.94002],[70.76523,22.9404],[70.76517,22.94078],[70.76509,22.94107],[70.76491,22.94157],[70.76471,22.94212],[70.76451,22.94262],[70.7644,22.94291],[70.76409,22.9436],[70.76396,22.94395],[70.76385,22.94434],[70.76375,22.94472],[70.76366,22.94499],[70.76354,22.94532],[70.76341,22.94556],[70.76323,22.94592],[70.76307,22.94609],[70.76293,22.94629],[70.76271,22.94666],[70.76247,22.94705],[70.76222,22.94749],[70.76206,22.9478],[70.76187,22.94812],[70.76177,22.94826],[70.76171,22.94849],[70.76171,22.94856],[70.76172,22.94883],[70.7616,22.94923],[70.76154,22.94947],[70.76141,22.9496],[70.76117,22.94972],[70.76077,22.94974],[70.76025,22.94966],[70.76007,22.94964],[70.76001,22.94964]]},"properties":{"id":"osm:w518608023","name":"","highway":"tertiary","bridge":false}},{"type":"Feature","geometry":{"type":"LineString","coordinates":[[70.77906,22.92287],[70.77918,22.92287],[70.77964,22.92289],[70.77996,22.92286],[70.7802,22.92281],[70.7805,22.92261],[70.78066,22.9223],[70.78088,22.92177],[70.78101,22.92147],[70.78118,22.92108],[70.78145,22.92063],[70.78189,22.91982],[70.78227,22.91917],[70.78245,22.91877],[70.78251,22.91834],[70.78258,22.91778],[70.7827,22.91721],[70.78274,22.91694],[70.78279,22.91629],[70.78278,22.91609],[70.78271,22.91595],[70.78257,22.91584],[70.78225,22.91572],[70.78198,22.91565],[70.78148,22.91532],[70.78127,22.91518],[70.78054,22.91498],[70.78005,22.91484],[70.77936,22.91466],[70.77918,22.91452],[70.77918,22.91441],[70.7794,22.914],[70.77953,22.91359],[70.77963,22.91331],[70.77978,22.91297],[70.77981,22.9127],[70.77982,22.91238],[70.77988,22.91216],[70.78006,22.91194],[70.7802,22.91178],[70.7804,22.91117],[70.78067,22.9104],[70.78078,22.91021],[70.78093,22.91007],[70.78111,22.90998],[70.78126,22.90963],[70.78162,22.90878],[70.78184,22.90817],[70.78203,22.90787],[70.78238,22.9073],[70.7827,22.9067],[70.78293,22.90634],[70.78316,22.90587],[70.78338,22.90529],[70.78364,22.90447],[70.78383,22.90383],[70.78387,22.90364],[70.78396,22.90341],[70.78423,22.90291],[70.78445,22.90226],[70.78458,22.90192],[70.7847,22.90169],[70.78481,22.90157],[70.78509,22.90151],[70.78549,22.90144],[70.78566,22.90138],[70.78599,22.90113],[70.78675,22.9004],[70.78731,22.89991],[70.78745,22.89976],[70.78753,22.89958],[70.78759,22.89921],[70.78765,22.89896],[70.78782,22.89881],[70.78795,22.89872],[70.78825,22.89856],[70.78859,22.8983],[70.78875,22.89809],[70.78893,22.8978],[70.78919,22.89742],[70.78935,22.89708],[70.78952,22.89686],[70.78973,22.89664],[70.78996,22.89628],[70.79019,22.89584],[70.79029,22.8956],[70.79055,22.89502],[70.79077,22.8946],[70.79098,22.89425],[70.79133,22.89368],[70.79176,22.89303],[70.79219,22.89245],[70.79272,22.89176],[70.79305,22.89135],[70.79337,22.89093],[70.79351,22.89057],[70.79363,22.89014],[70.79365,22.88952],[70.79367,22.88923],[70.79374,22.88902],[70.79389,22.88884],[70.79409,22.88855],[70.79423,22.88836],[70.7944,22.8882],[70.79452,22.88801],[70.79453,22.88793],[70.79449,22.88782],[70.79433,22.88765],[70.79426,22.88741],[70.79416,22.8869],[70.79411,22.88651],[70.79413,22.88593],[70.79419,22.88527],[70.79426,22.88486],[70.79433,22.88442],[70.79441,22.88398],[70.79446,22.8837],[70.79455,22.8835],[70.79472,22.8832],[70.79498,22.88286],[70.79531,22.88264],[70.79558,22.88246],[70.79587,22.88208],[70.79626,22.88144],[70.79652,22.88115],[70.79657,22.88101],[70.79659,22.88078],[70.79653,22.8806],[70.79637,22.88035],[70.79618,22.87988],[70.79611,22.87963],[70.79591,22.87903],[70.79583,22.87856],[70.79578,22.87826],[70.79567,22.87762],[70.79552,22.87687],[70.7954,22.87624],[70.79525,22.87569],[70.79494,22.87481],[70.79485,22.87453],[70.79454,22.87391],[70.79431,22.87334],[70.79412,22.87285],[70.7938,22.87191],[70.79355,22.87119],[70.79332,22.87066],[70.79294,22.86981],[70.7927,22.86937],[70.7926,22.86907],[70.79254,22.86868],[70.79254,22.86821],[70.79266,22.86731],[70.79272,22.86677],[70.79276,22.86625],[70.79273,22.86543],[70.79276,22.86455],[70.79275,22.86377],[70.79266,22.86288],[70.79252,22.86187],[70.79242,22.86135],[70.7922,22.86063],[70.79184,22.85944],[70.79147,22.85825],[70.79128,22.85758],[70.79131,22.85736],[70.79148,22.85668],[70.7917,22.85583],[70.79176,22.85556],[70.79176,22.85544],[70.79169,22.85516],[70.79132,22.8546],[70.79108,22.85416],[70.7909,22.85366],[70.79075,22.85301],[70.79067,22.85263],[70.79053,22.8521],[70.79042,22.85151],[70.79036,22.85131],[70.79003,22.85065],[70.78952,22.84968],[70.78919,22.84899],[70.78872,22.84813]]},"properties":{"id":"osm:w518612891","name":"","highway":"tertiary","bridge":false}},{"type":"Feature","geometry":{"type":"LineString","coordinates":[[70.79219,22.89245],[70.79176,22.89248],[70.7907,22.89259],[70.78954,22.89273],[70.78899,22.89278],[70.78814,22.89285],[70.78774,22.89289],[70.78733,22.89299],[70.78712,22.89309],[70.78645,22.89348],[70.78584,22.89372],[70.78541,22.89391],[70.78465,22.89432],[70.78375,22.89479],[70.78338,22.89507],[70.78309,22.89532],[70.78292,22.89542],[70.7823,22.89558],[70.78184,22.89574],[70.78141,22.89595],[70.78093,22.89611],[70.78014,22.89632],[70.77968,22.89639],[70.77904,22.89643],[70.77808,22.89654],[70.77714,22.89672],[70.77663,22.89684],[70.77626,22.89687],[70.77556,22.89704],[70.77528,22.89715],[70.77475,22.89728],[70.77439,22.89734],[70.77414,22.89734],[70.77368,22.89739],[70.77336,22.89738],[70.773,22.89742],[70.7726,22.89745]]},"properties":{"id":"osm:w518628984","name":"","highway":"tertiary","bridge":false}},{"type":"Feature","geometry":{"type":"LineString","coordinates":[[70.80581,22.89556],[70.80602,22.89543],[70.80638,22.89522],[70.80654,22.89517],[70.80686,22.89513],[70.80712,22.89511],[70.80742,22.89506],[70.8078,22.89496],[70.80795,22.89494],[70.80812,22.89491],[70.80844,22.89501],[70.80874,22.89525],[70.80899,22.89543],[70.8092,22.89565],[70.80948,22.89582],[70.81002,22.89602],[70.81051,22.89616],[70.81175,22.8966],[70.81241,22.8969]]},"properties":{"id":"osm:w518628986","name":"","highway":"tertiary","bridge":false}},{"type":"Feature","geometry":{"type":"LineString","coordinates":[[70.80712,22.89511],[70.807,22.89535],[70.80699,22.89553],[70.8071,22.89564],[70.80745,22.89585],[70.80758,22.89602],[70.80786,22.89639],[70.80797,22.8968],[70.80808,22.8972],[70.80834,22.8976],[70.80855,22.89794],[70.80877,22.89833],[70.80897,22.8986],[70.80923,22.89883],[70.8097,22.89934],[70.81023,22.89996],[70.81068,22.90044],[70.81136,22.90103],[70.81158,22.90128],[70.81178,22.90176],[70.8119,22.90206],[70.81172,22.90234],[70.81149,22.90261],[70.81132,22.90277],[70.81112,22.90284],[70.81082,22.90291],[70.81065,22.90301],[70.81055,22.90312],[70.81024,22.90367],[70.80986,22.90434],[70.80962,22.90481],[70.80928,22.90581],[70.80914,22.9062],[70.80872,22.90745],[70.8086,22.90781],[70.80853,22.9082],[70.80842,22.90853],[70.80832,22.90867],[70.80812,22.90882],[70.80777,22.90901],[70.80744,22.90926],[70.80703,22.90963],[70.80667,22.90988],[70.80633,22.91015],[70.80602,22.91041],[70.80572,22.91069],[70.80541,22.91108],[70.80526,22.91133]]},"properties":{"id":"osm:w518628987","name":"","highway":"tertiary","bridge":false}},{"type":"Feature","geometry":{"type":"LineString","coordinates":[[70.80795,22.89494],[70.8078,22.89482],[70.80757,22.89456],[70.80739,22.89437],[70.80701,22.89417],[70.80645,22.89393],[70.8059,22.89368],[70.80572,22.89356],[70.80537,22.89327],[70.80482,22.89267],[70.80445,22.89224],[70.80424,22.89201],[70.80403,22.89188],[70.80399,22.89179],[70.80397,22.89164],[70.80411,22.89128],[70.80439,22.89064],[70.8046,22.88999],[70.80468,22.8897],[70.80482,22.88935],[70.80506,22.88889],[70.80533,22.8883],[70.8056,22.88769],[70.80583,22.88734],[70.80602,22.88697],[70.80626,22.88649],[70.80645,22.88604],[70.80661,22.88581],[70.80684,22.8855],[70.80727,22.88492],[70.80754,22.88449],[70.8078,22.88414],[70.80811,22.88377],[70.80847,22.88332],[70.80868,22.88304],[70.809,22.88271],[70.80944,22.88227],[70.80969,22.88201],[70.80993,22.88161],[70.81015,22.8813],[70.81054,22.88086],[70.81084,22.88047],[70.81135,22.87969],[70.81183,22.87903],[70.81209,22.8787],[70.81245,22.87835],[70.81272,22.87798],[70.81299,22.87758],[70.81334,22.87705],[70.81354,22.87673],[70.81384,22.87628],[70.81413,22.87577],[70.81427,22.87552],[70.81448,22.87529],[70.81474,22.87505],[70.81491,22.87481],[70.81513,22.87453],[70.8153,22.87434],[70.81561,22.87384],[70.81595,22.87341]]},"properties":{"id":"osm:w518628988","name":"","highway":"tertiary","bridge":false}},{"type":"Feature","geometry":{"type":"LineString","coordinates":[[70.81241,22.8969],[70.81329,22.89734],[70.81399,22.89766],[70.81486,22.89796],[70.8155,22.89808],[70.81592,22.89817],[70.81698,22.89858],[70.81859,22.89918],[70.81911,22.89935],[70.81968,22.89964],[70.82008,22.89982],[70.82045,22.90016],[70.82075,22.90038],[70.82137,22.90074],[70.82174,22.90089],[70.82221,22.90111],[70.82275,22.90147],[70.82316,22.90164],[70.82382,22.90182],[70.82464,22.90213],[70.8251,22.90226],[70.82527,22.9023],[70.82559,22.90237],[70.82567,22.90239],[70.82614,22.90249],[70.82642,22.90254],[70.82693,22.90267],[70.82758,22.90283],[70.82769,22.90286],[70.82775,22.90287]]},"properties":{"id":"osm:w518653776","name":"","highway":"tertiary","bridge":false}},{"type":"Feature","geometry":{"type":"LineString","coordinates":[[70.82275,22.90147],[70.82295,22.90182],[70.82313,22.90218],[70.82321,22.9024],[70.8234,22.90274],[70.82353,22.90318],[70.82362,22.90346],[70.82375,22.90372],[70.82395,22.90408],[70.824,22.90418],[70.82421,22.90443],[70.82428,22.90452],[70.82449,22.90477],[70.82472,22.90501],[70.82508,22.90537],[70.82516,22.90545],[70.82534,22.90568],[70.82545,22.90581],[70.82557,22.90596],[70.82594,22.90636]]},"properties":{"id":"osm:w518653778","name":"","highway":"tertiary","bridge":false}},{"type":"Feature","geometry":{"type":"LineString","coordinates":[[70.81595,22.87341],[70.81623,22.87309],[70.8165,22.87284],[70.81687,22.87252],[70.81715,22.87235],[70.81737,22.87219],[70.81768,22.87176],[70.81795,22.87141],[70.81815,22.87117],[70.8185,22.87078],[70.81874,22.87056],[70.81899,22.87038],[70.81916,22.8702],[70.81943,22.86992],[70.82,22.8693],[70.8205,22.86877],[70.82091,22.86835],[70.82132,22.86795],[70.82156,22.86757],[70.82191,22.86713],[70.82221,22.86677],[70.82246,22.86654],[70.82294,22.86618],[70.82349,22.86573],[70.82412,22.86519],[70.82461,22.86484],[70.82546,22.86442],[70.82569,22.86431],[70.826,22.86409],[70.82634,22.86376],[70.82652,22.8635],[70.82685,22.86285],[70.82718,22.86207],[70.82733,22.86164],[70.82736,22.86158],[70.82739,22.86148]]},"properties":{"id":"osm:w519340339","name":"","highway":"tertiary","bridge":false}},{"type":"Feature","geometry":{"type":"LineString","coordinates":[[70.82739,22.86148],[70.82745,22.8613],[70.82761,22.86103],[70.82782,22.86081],[70.82818,22.8604],[70.82899,22.8596],[70.82962,22.85904],[70.82999,22.85876],[70.83033,22.85848],[70.83051,22.85826],[70.8307,22.858],[70.83094,22.85763],[70.83107,22.8575],[70.83139,22.85726],[70.83188,22.85695],[70.83231,22.85678],[70.8327,22.85668],[70.83292,22.8566],[70.83302,22.85639],[70.83303,22.8562]]},"properties":{"id":"osm:w519342498","name":"","highway":"tertiary","bridge":false}},{"type":"Feature","geometry":{"type":"LineString","coordinates":[[70.83479,22.85362],[70.83471,22.85394],[70.8347,22.854],[70.83465,22.85414],[70.83442,22.85423],[70.83417,22.85446],[70.83396,22.85465],[70.83364,22.85475],[70.83344,22.85491],[70.83335,22.855],[70.83331,22.85504],[70.8333,22.85506],[70.83314,22.85534],[70.83295,22.85554],[70.83281,22.85567],[70.83275,22.85573],[70.83276,22.85587],[70.8329,22.85604],[70.833,22.85613],[70.83303,22.8562]]},"properties":{"id":"osm:w519342500","name":"","highway":"tertiary","bridge":false}},{"type":"Feature","geometry":{"type":"LineString","coordinates":[[70.84686,22.85759],[70.84726,22.85784],[70.84752,22.85801],[70.84782,22.85811],[70.84819,22.85818],[70.84937,22.85837],[70.85038,22.85858],[70.85066,22.85863],[70.85076,22.85865],[70.85078,22.85866],[70.85146,22.85882],[70.85237,22.85884],[70.85313,22.85872],[70.85324,22.85872],[70.85336,22.85879]]},"properties":{"id":"osm:w519342999","name":"","highway":"tertiary","bridge":false}},{"type":"Feature","geometry":{"type":"LineString","coordinates":[[70.82641,22.92003],[70.82649,22.91983],[70.82656,22.91935],[70.82659,22.91898],[70.8266,22.91887],[70.82665,22.91835],[70.82669,22.91794],[70.82671,22.91763],[70.8267,22.91748],[70.82666,22.91728]]},"properties":{"id":"osm:w519343000","name":"","highway":"tertiary","bridge":false}},{"type":"Feature","geometry":{"type":"LineString","coordinates":[[70.8266,22.91887],[70.82688,22.91912],[70.82719,22.91953],[70.82765,22.92027],[70.82777,22.92049],[70.82811,22.92098],[70.82844,22.92154],[70.82854,22.92171],[70.8288,22.92207],[70.82934,22.9229],[70.82954,22.92324],[70.82984,22.92359],[70.83057,22.92424],[70.8314,22.92499],[70.83216,22.92569],[70.83294,22.92638],[70.83334,22.92664],[70.83437,22.92734],[70.83494,22.9277],[70.8358,22.92825],[70.83637,22.92862],[70.83675,22.92883],[70.83763,22.92917],[70.83886,22.92959],[70.83929,22.92973],[70.84021,22.93006],[70.84136,22.93044],[70.84184,22.9306],[70.84242,22.93083],[70.84265,22.93096],[70.8431,22.93146],[70.84388,22.93231],[70.84396,22.93239],[70.84423,22.93269],[70.84531,22.9339],[70.84579,22.93423],[70.84665,22.93477],[70.84696,22.93503],[70.84777,22.93581],[70.84846,22.93668],[70.84892,22.93725],[70.84902,22.93737],[70.84939,22.93784],[70.84975,22.93829],[70.84979,22.93834],[70.85012,22.93868],[70.85014,22.9387],[70.85082,22.93942],[70.85088,22.93949],[70.85128,22.9399],[70.85174,22.94036],[70.85178,22.94037],[70.85192,22.94043],[70.8526,22.94053],[70.85275,22.94056],[70.85301,22.94062],[70.85326,22.94067],[70.85349,22.94072],[70.85376,22.94079]]},"properties":{"id":"osm:w519344234","name":"","highway":"tertiary","bridge":false}},{"type":"Feature","geometry":{"type":"LineString","coordinates":[[70.91929,22.67532],[70.92015,22.67306],[70.92107,22.67067],[70.92326,22.66813],[70.92605,22.66413],[70.92654,22.66289],[70.92729,22.66132],[70.93028,22.65722],[70.9327,22.65386],[70.93377,22.65097],[70.93404,22.64939],[70.93413,22.64899],[70.93417,22.64883],[70.93448,22.64797],[70.93459,22.6477],[70.93455,22.64748],[70.93444,22.64701],[70.93438,22.64673],[70.93437,22.64665],[70.93441,22.64651],[70.93458,22.64573],[70.9347,22.64518],[70.93558,22.64328],[70.93637,22.64184],[70.93686,22.64084],[70.93722,22.64037],[70.93826,22.639],[70.93844,22.63873],[70.93849,22.63863],[70.93851,22.63849],[70.93854,22.63799],[70.9385,22.63762],[70.93837,22.63686],[70.93836,22.63667],[70.93838,22.63647],[70.93845,22.6363],[70.93855,22.63614],[70.93874,22.63601],[70.93892,22.63591],[70.93961,22.63564],[70.94088,22.63431],[70.94128,22.63352],[70.94167,22.63277],[70.94201,22.63175],[70.94225,22.63105],[70.94236,22.63071],[70.94251,22.63023],[70.94271,22.62969],[70.94283,22.62934],[70.94285,22.62928],[70.94322,22.62816]]},"properties":{"id":"osm:w531367303","name":"","highway":"tertiary","bridge":false}},{"type":"Feature","geometry":{"type":"LineString","coordinates":[[70.91929,22.67532],[70.91931,22.67543],[70.91939,22.67549],[70.91971,22.67556],[70.92138,22.67567],[70.92164,22.67576],[70.92179,22.67594],[70.92183,22.67657],[70.92176,22.67728],[70.92111,22.67864]]},"properties":{"id":"osm:w531367668","name":"","highway":"tertiary","bridge":false}},{"type":"Feature","geometry":{"type":"LineString","coordinates":[[70.58013,22.79371],[70.5803,22.79313],[70.58043,22.79267],[70.58064,22.79212],[70.5809,22.79168],[70.58111,22.79134],[70.58151,22.79082],[70.58199,22.79046],[70.58246,22.79004],[70.58294,22.78954],[70.58317,22.78936],[70.5837,22.78907],[70.58435,22.78867],[70.58508,22.78814],[70.58604,22.78742],[70.58674,22.78688],[70.58715,22.78673],[70.5884,22.78638],[70.58899,22.78621],[70.58935,22.78606],[70.59044,22.78552],[70.59157,22.7849],[70.5921,22.78455],[70.5937,22.78336],[70.59406,22.7831],[70.59441,22.78296],[70.59471,22.78283],[70.59548,22.78254],[70.59616,22.78232],[70.59648,22.78218],[70.59743,22.78151],[70.59784,22.78123],[70.59883,22.78065],[70.59935,22.78016],[70.59989,22.77962],[70.6004,22.7791],[70.60079,22.77876],[70.6014,22.77836],[70.60209,22.77787],[70.60249,22.7776],[70.60325,22.77705],[70.60439,22.77627],[70.60563,22.77548],[70.60624,22.77502],[70.60689,22.77449],[70.60722,22.77424],[70.60859,22.77375],[70.60947,22.77337],[70.61098,22.77272],[70.61225,22.77223],[70.61309,22.77194],[70.61391,22.77164],[70.61506,22.77122],[70.6166,22.77076],[70.61725,22.7705],[70.61731,22.77038],[70.61728,22.77022],[70.61668,22.76928],[70.61588,22.76845],[70.61579,22.76824],[70.61573,22.76771],[70.61572,22.76739],[70.61576,22.76703],[70.61616,22.76631],[70.61688,22.76528],[70.61711,22.76493],[70.61719,22.76471],[70.61721,22.76456],[70.617,22.7644],[70.61622,22.7639],[70.61608,22.76366],[70.61604,22.76349],[70.61611,22.76331],[70.61759,22.76219],[70.61939,22.76079],[70.62091,22.75962],[70.62316,22.75791],[70.62401,22.75747],[70.62688,22.75609],[70.62967,22.75479],[70.63029,22.75446],[70.63274,22.75263],[70.63474,22.75114],[70.63565,22.7504],[70.63629,22.7497],[70.63726,22.74861],[70.63762,22.74824],[70.63794,22.74799],[70.63837,22.74787],[70.63862,22.74784],[70.63956,22.7477],[70.64227,22.74732],[70.64401,22.74691],[70.64418,22.74688],[70.64487,22.74672],[70.64576,22.74675],[70.64682,22.74681],[70.64801,22.7465],[70.64946,22.74603],[70.65132,22.74548],[70.65194,22.74529],[70.6526,22.74516],[70.65348,22.74522],[70.65476,22.74537],[70.65547,22.74566],[70.65592,22.7459],[70.65639,22.74594],[70.65786,22.74586],[70.65845,22.74579],[70.65997,22.7454],[70.6606,22.74528],[70.66176,22.74527],[70.66343,22.74533],[70.66394,22.74543],[70.66515,22.74589],[70.66569,22.74609],[70.66709,22.74628],[70.66935,22.74641],[70.67136,22.74653],[70.67266,22.74661],[70.67368,22.74682],[70.67492,22.74718],[70.67538,22.74722],[70.67576,22.74722],[70.67622,22.74707],[70.67715,22.74669],[70.67839,22.74654],[70.67995,22.74632],[70.68108,22.74618],[70.68224,22.7462],[70.68352,22.74621],[70.68587,22.74629],[70.68604,22.74629],[70.68745,22.74632],[70.6901,22.74644],[70.69103,22.74646],[70.69355,22.74656],[70.69448,22.74664],[70.69583,22.74691],[70.69726,22.74742],[70.69997,22.7485],[70.7016,22.74921],[70.70243,22.7496],[70.70335,22.75003],[70.70395,22.75018],[70.70545,22.7505],[70.70751,22.75097],[70.70831,22.75111],[70.70982,22.75123],[70.71127,22.75132],[70.71186,22.75138],[70.71296,22.75167],[70.71383,22.75201],[70.71478,22.75255],[70.71597,22.75344],[70.71795,22.75497],[70.7197,22.75632],[70.72087,22.75682],[70.72216,22.75738],[70.72448,22.75833],[70.72517,22.75867],[70.72561,22.75894],[70.72681,22.75966],[70.72787,22.76031],[70.72951,22.76132],[70.73162,22.76262],[70.7321,22.76286],[70.73406,22.76363],[70.73459,22.76381],[70.73636,22.76407],[70.73862,22.76437],[70.74109,22.76471],[70.74262,22.76494],[70.74426,22.76512],[70.74574,22.76522],[70.7472,22.76537],[70.74925,22.7658],[70.75016,22.76596],[70.75055,22.76602],[70.7515,22.76618],[70.7525,22.76631],[70.75321,22.76644],[70.75349,22.76649],[70.75512,22.76685],[70.75737,22.76748],[70.76047,22.76834],[70.76193,22.76858],[70.76329,22.76871],[70.76603,22.76899],[70.76782,22.76917],[70.76952,22.76934],[70.77048,22.76943],[70.77207,22.76958],[70.77241,22.7696],[70.77315,22.76967]]},"properties":{"id":"osm:w532380539","name":"Morbi to Amanran Road","highway":"secondary","bridge":false}},{"type":"Feature","geometry":{"type":"LineString","coordinates":[[70.76,22.79932],[70.75911,22.79857],[70.75806,22.79772],[70.75772,22.79746],[70.75749,22.79735],[70.75707,22.79724],[70.75632,22.79719],[70.756,22.79711],[70.75558,22.79707],[70.75486,22.79696],[70.75404,22.79672],[70.75337,22.79658],[70.75277,22.7965],[70.75247,22.79645],[70.75218,22.79645],[70.75134,22.7966],[70.75082,22.79673],[70.74983,22.79724],[70.74876,22.79767],[70.74727,22.79805],[70.74659,22.79822],[70.74569,22.79862],[70.74406,22.79918],[70.74295,22.79956],[70.7424,22.7997],[70.74194,22.79982],[70.74148,22.8],[70.74114,22.80015],[70.74058,22.80027],[70.73967,22.80045],[70.73897,22.80058],[70.7384,22.80076],[70.73799,22.80089],[70.7376,22.80094],[70.7372,22.80107],[70.73661,22.80118],[70.73614,22.80125],[70.7356,22.80141],[70.73537,22.80148],[70.73522,22.8015],[70.73478,22.80145],[70.7342,22.80134],[70.7336,22.8013],[70.73288,22.80124],[70.7321,22.8011],[70.73158,22.80098],[70.73124,22.80086],[70.73084,22.80082],[70.73005,22.80071],[70.72938,22.80064],[70.72902,22.80059],[70.72861,22.80059],[70.72816,22.80062],[70.7275,22.80067],[70.72713,22.80068],[70.72642,22.80066],[70.72584,22.80069],[70.72513,22.80076],[70.72448,22.80089],[70.72396,22.80103],[70.72345,22.80122],[70.72294,22.80133],[70.72205,22.80149],[70.72148,22.80159],[70.72079,22.80182],[70.72025,22.80198],[70.71917,22.80257],[70.71841,22.80304],[70.71774,22.80341],[70.71704,22.80361],[70.71671,22.80366],[70.71628,22.80365],[70.71577,22.80361],[70.715,22.80349],[70.71453,22.80352],[70.71403,22.80353],[70.71331,22.80358],[70.7124,22.80355],[70.71182,22.80353],[70.71126,22.80348],[70.71072,22.80347],[70.71043,22.80347]]},"properties":{"id":"osm:w532438655","name":"Amrapar - Nagalapar To Panchasar Road","highway":"secondary","bridge":false}},{"type":"Feature","geometry":{"type":"LineString","coordinates":[[70.71502,22.85461],[70.7146,22.85428],[70.71443,22.85411],[70.71436,22.85399],[70.71435,22.85375],[70.71442,22.85333],[70.71455,22.853],[70.71469,22.85274],[70.71497,22.85252],[70.71547,22.85209],[70.71598,22.85171],[70.71661,22.85136],[70.71685,22.85118],[70.71706,22.85095],[70.71729,22.8506],[70.71736,22.8505],[70.7174,22.85043]]},"properties":{"id":"osm:w532445576","name":"","highway":"tertiary","bridge":false}},{"type":"Feature","geometry":{"type":"LineString","coordinates":[[70.71431,22.85474],[70.71436,22.85463],[70.71439,22.85443],[70.71443,22.85428],[70.71443,22.85411],[70.71422,22.85397],[70.71389,22.85359],[70.71357,22.85328],[70.71336,22.85313],[70.71294,22.85301],[70.71244,22.85288],[70.7118,22.85281],[70.71143,22.85272],[70.71102,22.85257],[70.71067,22.85246],[70.7103,22.85243],[70.70986,22.85242],[70.70948,22.8524],[70.70897,22.8523],[70.70851,22.85219],[70.70826,22.85219],[70.70757,22.85225],[70.70697,22.85234],[70.70656,22.85238],[70.70612,22.85236],[70.70561,22.85231],[70.7053,22.85236],[70.70476,22.85239],[70.70347,22.85238],[70.70268,22.85234],[70.70166,22.85229],[70.70109,22.85233],[70.70083,22.85234],[70.70061,22.85242],[70.70025,22.85261],[70.69998,22.85263],[70.69974,22.85262],[70.69922,22.85252],[70.69861,22.85235],[70.69816,22.85228],[70.69775,22.85225],[70.69691,22.85237],[70.69632,22.85249],[70.69563,22.85276],[70.69513,22.85294],[70.69457,22.8531],[70.69404,22.85333],[70.69309,22.85385],[70.69246,22.85412],[70.69215,22.8542],[70.69154,22.85431],[70.69128,22.85439],[70.69072,22.85448],[70.68991,22.85456],[70.68921,22.85469],[70.68865,22.8548],[70.68832,22.85483],[70.68796,22.85483],[70.68763,22.85485],[70.68734,22.85497],[70.68711,22.85509],[70.68685,22.85515],[70.68637,22.85512],[70.68587,22.85512],[70.68551,22.85509],[70.68523,22.85506],[70.68487,22.85513],[70.68442,22.85519],[70.68398,22.8552],[70.68331,22.85517],[70.68271,22.85511],[70.68237,22.85501],[70.68203,22.85494],[70.68112,22.85486],[70.68029,22.8548],[70.67972,22.8548],[70.67932,22.85483],[70.67885,22.85473],[70.67851,22.85462],[70.67825,22.85457],[70.67794,22.85453],[70.67724,22.85435],[70.67651,22.85416],[70.67607,22.85402],[70.67562,22.85406]]},"properties":{"id":"osm:w532445577","name":"","highway":"tertiary","bridge":false}},{"type":"Feature","geometry":{"type":"LineString","coordinates":[[70.81811,22.7626],[70.81717,22.76378],[70.81659,22.76479],[70.81584,22.76642],[70.81551,22.76719],[70.81484,22.76859],[70.81422,22.76987],[70.81395,22.7704],[70.81369,22.77076],[70.81341,22.77123],[70.81293,22.7725],[70.81273,22.773],[70.81197,22.77435],[70.81165,22.7751],[70.81122,22.77572],[70.81025,22.7769],[70.80938,22.77806],[70.80894,22.77881],[70.8082,22.78011],[70.80788,22.78057],[70.80756,22.78104],[70.80708,22.78175],[70.80643,22.78269],[70.80607,22.78329],[70.80596,22.78343],[70.80534,22.78324],[70.80422,22.78298],[70.80349,22.7829],[70.80301,22.78293],[70.8028,22.78295],[70.80267,22.78297]]},"properties":{"id":"osm:w532618336","name":"","highway":"tertiary","bridge":false}},{"type":"Feature","geometry":{"type":"LineString","coordinates":[[70.81041,22.80478],[70.81052,22.80473],[70.81065,22.80467],[70.81164,22.80426],[70.81257,22.80387],[70.81348,22.8035],[70.81426,22.80305],[70.81444,22.80295],[70.81467,22.80281],[70.81495,22.80264],[70.81582,22.80211],[70.81622,22.80187],[70.81651,22.80173],[70.81998,22.7996],[70.82016,22.79949],[70.82031,22.7994],[70.82046,22.79933],[70.82069,22.79927],[70.82091,22.79924],[70.82118,22.79922],[70.82152,22.79921],[70.82164,22.7992],[70.82191,22.79918],[70.82237,22.79916],[70.82317,22.79911],[70.8249,22.79901],[70.82594,22.79895],[70.82638,22.79894],[70.82657,22.79889],[70.82679,22.79879],[70.82718,22.79848],[70.82726,22.79841],[70.82843,22.79744],[70.82853,22.79736],[70.82991,22.79622],[70.83,22.79615],[70.83018,22.796],[70.83161,22.79481],[70.83178,22.79467],[70.83339,22.79334],[70.83697,22.79023],[70.83817,22.78914],[70.83889,22.78849],[70.83935,22.78806],[70.83956,22.78778],[70.83969,22.78755],[70.84104,22.78461],[70.8424,22.78167],[70.84278,22.7808],[70.84297,22.78036],[70.84339,22.77983],[70.84367,22.77949],[70.84388,22.77922],[70.84437,22.77816],[70.84527,22.77635],[70.84615,22.77467],[70.84684,22.77337],[70.84766,22.77176],[70.84825,22.77068],[70.84869,22.77028],[70.84876,22.77022],[70.84919,22.7699],[70.84927,22.76985],[70.84937,22.76983],[70.84945,22.76986],[70.84954,22.76997],[70.85018,22.77068],[70.85043,22.77086],[70.85053,22.77094],[70.85069,22.771],[70.85091,22.77107],[70.85112,22.77112],[70.8515,22.77121],[70.85173,22.77121],[70.85211,22.77124],[70.85252,22.77131],[70.85278,22.77131],[70.85314,22.77128],[70.85382,22.77122],[70.85409,22.7711],[70.85434,22.77086],[70.85489,22.77007],[70.85507,22.76986],[70.85522,22.76972],[70.85535,22.76965],[70.85549,22.76961],[70.85613,22.76961],[70.85647,22.76959],[70.85676,22.7695],[70.85711,22.76931],[70.8574,22.76911],[70.85798,22.76831],[70.85815,22.76805],[70.8583,22.76804],[70.8584,22.76808],[70.85914,22.76849]]},"properties":{"id":"osm:w532618337","name":"","highway":"secondary","bridge":false}},{"type":"Feature","geometry":{"type":"LineString","coordinates":[[70.71043,22.80347],[70.71055,22.80287],[70.71082,22.80193],[70.7109,22.80142],[70.71097,22.80076],[70.71112,22.79922],[70.71142,22.79696],[70.71204,22.79546],[70.71251,22.79458],[70.71302,22.79152],[70.71296,22.7911],[70.71276,22.79027],[70.71272,22.78934],[70.71263,22.78832],[70.7125,22.78641],[70.7124,22.78545],[70.71136,22.78321],[70.71049,22.78136],[70.71037,22.78057],[70.71039,22.7803],[70.71041,22.78018],[70.71074,22.77956],[70.71115,22.77869],[70.71149,22.77807],[70.7117,22.77768],[70.71191,22.77739],[70.71252,22.77675],[70.71336,22.77594],[70.714,22.77536],[70.71454,22.77496],[70.71598,22.77391],[70.71694,22.77325],[70.71762,22.77282],[70.71778,22.77272],[70.71811,22.7723],[70.71837,22.77193],[70.71863,22.77119],[70.71882,22.7707],[70.71888,22.77035],[70.71897,22.77007],[70.71922,22.76919],[70.71929,22.76881],[70.71933,22.76874],[70.71968,22.76851],[70.72045,22.76801],[70.7207,22.76786],[70.72078,22.76776],[70.72083,22.76755],[70.72086,22.76649],[70.72082,22.76606],[70.72082,22.76578],[70.72083,22.76542],[70.72094,22.76509],[70.72119,22.76457],[70.72146,22.76414],[70.72175,22.76379],[70.72219,22.76333],[70.72271,22.76271],[70.7232,22.76202],[70.72368,22.76148],[70.72434,22.76069],[70.72476,22.76024],[70.72513,22.75957],[70.7254,22.75913],[70.72553,22.75901],[70.72561,22.75894]]},"properties":{"id":"osm:w532618381","name":"Amrapar - Nagalapar To Thorala Road","highway":"tertiary","bridge":false}},{"type":"Feature","geometry":{"type":"LineString","coordinates":[[70.6362,22.69235],[70.63635,22.69228],[70.63681,22.69202],[70.63728,22.69168],[70.63831,22.69088],[70.63896,22.69039],[70.63937,22.69011],[70.63976,22.6899],[70.64109,22.68961],[70.64286,22.6893],[70.64606,22.68878],[70.64698,22.6886],[70.6477,22.68838],[70.64861,22.68796],[70.64928,22.68778],[70.6508,22.68756],[70.65243,22.68729],[70.65246,22.68729],[70.65372,22.68716],[70.65468,22.68695],[70.65556,22.68689],[70.65733,22.68691],[70.65833,22.68686],[70.65907,22.68688],[70.65963,22.68692],[70.65989,22.68686],[70.66046,22.68646],[70.6612,22.68593],[70.66166,22.68551],[70.66202,22.68526],[70.66238,22.68497],[70.66269,22.68474],[70.66341,22.68458],[70.66479,22.68456],[70.66529,22.68454],[70.66564,22.68444],[70.66665,22.68395],[70.66745,22.68346],[70.66822,22.68297],[70.66912,22.6824],[70.66964,22.68217],[70.67097,22.68165],[70.67162,22.68141],[70.67204,22.6813],[70.67252,22.68126],[70.67349,22.68105],[70.67482,22.68076],[70.67627,22.68059],[70.67761,22.68038],[70.67859,22.68021],[70.67981,22.67993],[70.68052,22.67986],[70.68185,22.67985],[70.68262,22.67984],[70.683,22.67982],[70.68363,22.67963],[70.68425,22.6794],[70.68601,22.67891],[70.68666,22.67867],[70.68724,22.67851],[70.68852,22.67797],[70.68911,22.67771],[70.68954,22.67752],[70.68979,22.67748],[70.69011,22.67747],[70.69052,22.67752],[70.69138,22.67778],[70.69243,22.67814],[70.69327,22.67839],[70.69393,22.67851],[70.69496,22.67856],[70.69624,22.67859],[70.69702,22.67852],[70.69805,22.67833],[70.69875,22.67825],[70.69974,22.67823],[70.70127,22.67833],[70.70274,22.6784],[70.70362,22.67834],[70.70445,22.67817],[70.70538,22.67801],[70.70598,22.67788],[70.70644,22.67752],[70.70692,22.67714],[70.70754,22.67685],[70.70805,22.67664],[70.7081,22.67665],[70.70877,22.6767],[70.70887,22.67671],[70.70926,22.67689]]},"properties":{"id":"osm:w532620547","name":"Ghunada(Khanpar) - Nana Khijadiya Road","highway":"secondary","bridge":false}},{"type":"Feature","geometry":{"type":"LineString","coordinates":[[70.70926,22.67689],[70.70908,22.67727],[70.70912,22.67773],[70.70921,22.67849],[70.70926,22.67858],[70.70938,22.67882],[70.71016,22.6795],[70.71069,22.67993]]},"properties":{"id":"osm:w532620548","name":"Nana Khijadiya - Mota Khijadiya Road","highway":"tertiary","bridge":false}},{"type":"Feature","geometry":{"type":"LineString","coordinates":[[70.70926,22.67689],[70.70962,22.67626],[70.70979,22.67586],[70.70993,22.67556],[70.71023,22.6746],[70.71041,22.67399],[70.71076,22.67282],[70.71118,22.67164]]},"properties":{"id":"osm:w532620549","name":"Mota Khijadiya - Nana Khijadiya Road","highway":"tertiary","bridge":false}},{"type":"Feature","geometry":{"type":"LineString","coordinates":[[70.9032,22.92536],[70.90333,22.92524],[70.90338,22.92505],[70.90337,22.9245],[70.90334,22.92424],[70.90349,22.92415],[70.90371,22.92405],[70.90382,22.92401],[70.90393,22.92396],[70.90423,22.92382],[70.9043,22.9238],[70.90453,22.92366],[70.90509,22.92332],[70.9056,22.92303],[70.90587,22.92289],[70.90637,22.92284],[70.90681,22.92282],[70.90834,22.92264],[70.90941,22.9225],[70.91079,22.92238],[70.91182,22.92222],[70.91335,22.92216],[70.91453,22.92212],[70.91553,22.92217],[70.91718,22.9224],[70.91845,22.92258],[70.91981,22.92292],[70.92078,22.9232],[70.92133,22.92337],[70.92142,22.92355],[70.92153,22.92363],[70.92174,22.92355],[70.92181,22.92351],[70.92247,22.92367],[70.92367,22.92401],[70.92494,22.9242],[70.92508,22.92409],[70.92524,22.92409],[70.92538,22.92414],[70.92552,22.92427],[70.92562,22.92434],[70.92672,22.92454],[70.92904,22.92492],[70.93,22.92506],[70.93112,22.92514],[70.93324,22.92526],[70.93415,22.92532],[70.93651,22.92544],[70.93734,22.9255],[70.93838,22.92569],[70.94044,22.92605],[70.94201,22.92628],[70.94463,22.92662],[70.94631,22.92682],[70.94684,22.92691],[70.94761,22.92714],[70.94925,22.92809],[70.94956,22.92829],[70.95022,22.92869],[70.95089,22.92891],[70.95176,22.92903],[70.95308,22.92896],[70.95578,22.92881],[70.95638,22.92881],[70.95774,22.92863],[70.9591,22.92853],[70.95949,22.92844],[70.96088,22.92833],[70.96178,22.92824],[70.96264,22.92792],[70.96368,22.9277],[70.96491,22.92746],[70.96626,22.92715],[70.96714,22.92681],[70.96738,22.92661],[70.96795,22.92613],[70.96823,22.92588],[70.96831,22.9258],[70.96861,22.92543],[70.96886,22.92512],[70.96916,22.92472],[70.96938,22.92443],[70.9694,22.9244],[70.96948,22.92429],[70.96956,22.92418],[70.96999,22.92358],[70.97014,22.92338],[70.97025,22.92323],[70.97051,22.92283],[70.97055,22.92277],[70.97074,22.92248],[70.97102,22.92207],[70.97127,22.92196],[70.97301,22.92186],[70.97409,22.92174],[70.97432,22.92164],[70.97445,22.92153],[70.9745,22.92149]]},"properties":{"id":"osm:w533283656","name":"","highway":"tertiary","bridge":false}},{"type":"Feature","geometry":{"type":"LineString","coordinates":[[70.96999,22.92358],[70.97004,22.92413],[70.97006,22.92444],[70.97007,22.92469],[70.97009,22.92529],[70.97014,22.92691],[70.97013,22.92731],[70.97005,22.9276],[70.96975,22.92803],[70.96944,22.92836],[70.96858,22.92896],[70.9672,22.92997],[70.96575,22.93103],[70.96505,22.93158],[70.96475,22.93216],[70.96423,22.93299],[70.96383,22.93344],[70.96367,22.93364],[70.96366,22.93387],[70.96511,22.93764],[70.96599,22.93973],[70.96617,22.9404],[70.9664,22.94233],[70.96655,22.94462],[70.96663,22.94544]]},"properties":{"id":"osm:w533283657","name":"","highway":"tertiary","bridge":false}},{"type":"Feature","geometry":{"type":"LineString","coordinates":[[70.89745,22.92459],[70.89802,22.92477],[70.89853,22.92494],[70.89915,22.92509],[70.89995,22.92501],[70.90055,22.92489],[70.90089,22.92491],[70.90092,22.92492],[70.90115,22.92497],[70.90217,22.92521],[70.90276,22.9253],[70.90303,22.92535],[70.9032,22.92536],[70.90328,22.92537],[70.9034,22.92544],[70.90346,22.92575],[70.90347,22.9259],[70.90348,22.9261],[70.90352,22.92621]]},"properties":{"id":"osm:w533285122","name":"","highway":"tertiary","bridge":false}},{"type":"Feature","geometry":{"type":"LineString","coordinates":[[70.89782,22.92785],[70.8987,22.92806],[70.89901,22.92814],[70.89953,22.92827],[70.90006,22.9284],[70.90058,22.92852],[70.90096,22.92861]]},"properties":{"id":"osm:w533289668","name":"","highway":"tertiary","bridge":false}},{"type":"Feature","geometry":{"type":"LineString","coordinates":[[70.90352,22.92621],[70.90362,22.92643],[70.9037,22.92655],[70.90402,22.92704],[70.90437,22.92758],[70.90489,22.92853],[70.90516,22.92909],[70.90544,22.92965],[70.90561,22.93025],[70.90592,22.93131],[70.90619,22.93248],[70.90647,22.93355],[70.90662,22.93379],[70.90703,22.93449],[70.90735,22.93498],[70.90781,22.93583],[70.90817,22.93648],[70.90845,22.93688],[70.90886,22.9376],[70.90909,22.9384],[70.90931,22.93906],[70.9095,22.93942],[70.9106,22.94073],[70.91136,22.94152],[70.91181,22.94209],[70.91224,22.94286],[70.91268,22.94387],[70.91306,22.94489],[70.91356,22.94599],[70.91412,22.94724],[70.91448,22.94781],[70.91497,22.94845],[70.9157,22.94946],[70.91617,22.95026],[70.91744,22.9525],[70.9186,22.95434],[70.91971,22.95601],[70.92004,22.95643],[70.92083,22.95731],[70.92124,22.95783],[70.92227,22.95915],[70.92269,22.95982],[70.92357,22.9613],[70.92418,22.96224],[70.92433,22.96259],[70.92426,22.96271],[70.92384,22.96334],[70.92373,22.96354]]},"properties":{"id":"osm:w533289691","name":"","highway":"tertiary","bridge":false}},{"type":"Feature","geometry":{"type":"LineString","coordinates":[[70.93822,22.71562],[70.93838,22.7158],[70.93855,22.71601],[70.93892,22.71649],[70.9405,22.71811],[70.94141,22.71894],[70.94229,22.71992],[70.94287,22.72078],[70.94392,22.72217],[70.94448,22.7228],[70.94502,22.72305],[70.94569,22.72316],[70.94767,22.72321],[70.95084,22.72373],[70.95098,22.72375],[70.95716,22.72475],[70.95988,22.72562],[70.96303,22.72547],[70.96606,22.72585],[70.96665,22.72606],[70.96724,22.72613],[70.96904,22.72602],[70.97072,22.72615],[70.97162,22.7262],[70.97219,22.72624],[70.97262,22.72628],[70.97419,22.72638],[70.9756,22.72685],[70.97756,22.72703],[70.97871,22.72719],[70.98113,22.7273],[70.9831,22.72696],[70.98649,22.72868]]},"properties":{"id":"osm:w533305640","name":"","highway":"tertiary","bridge":false}},{"type":"Feature","geometry":{"type":"LineString","coordinates":[[70.84081,22.71941],[70.84097,22.71928],[70.84123,22.7192],[70.84142,22.71914],[70.84158,22.71879],[70.84187,22.71842],[70.84213,22.71832],[70.8426,22.71833],[70.84322,22.7182],[70.84378,22.71815],[70.84379,22.71809],[70.844,22.71747],[70.84436,22.71664],[70.84449,22.71631],[70.84478,22.71584],[70.84495,22.71546],[70.84499,22.7152],[70.84501,22.71451],[70.84494,22.71371],[70.84473,22.71222],[70.84474,22.71161],[70.84475,22.7112],[70.84472,22.70998],[70.84474,22.70922],[70.84482,22.70867],[70.84491,22.70843],[70.84522,22.70782],[70.84568,22.70698],[70.84614,22.70607],[70.84643,22.70561],[70.84683,22.70512],[70.84709,22.70482],[70.8471,22.70465],[70.8471,22.70398],[70.84708,22.70208],[70.84711,22.70075],[70.8471,22.70008],[70.84709,22.70004],[70.84706,22.69995],[70.84702,22.6999],[70.84689,22.69972],[70.84595,22.6991],[70.84446,22.69812],[70.84414,22.69786],[70.84409,22.69772],[70.84416,22.69735],[70.84463,22.69548],[70.84509,22.6935],[70.84547,22.69186],[70.84594,22.6899],[70.84631,22.68827],[70.84675,22.68634],[70.84715,22.68462],[70.84737,22.6838],[70.84745,22.68361],[70.84771,22.68334],[70.84814,22.6829],[70.85007,22.68107],[70.8511,22.68009],[70.85129,22.67991],[70.85151,22.67952],[70.85167,22.67904],[70.85174,22.67832],[70.85171,22.67794],[70.85178,22.67757],[70.85185,22.67719],[70.85194,22.67686],[70.85232,22.67635],[70.85268,22.67598],[70.85288,22.67581],[70.85315,22.67559],[70.85336,22.67535],[70.85356,22.67525],[70.85398,22.67505],[70.85432,22.67475],[70.85474,22.67425],[70.85511,22.67393],[70.85578,22.67339],[70.85595,22.67321],[70.85602,22.67304],[70.8561,22.67236],[70.85621,22.67168],[70.85629,22.67155],[70.85657,22.67113],[70.85679,22.67055],[70.85697,22.67006],[70.85719,22.66949],[70.85739,22.66878],[70.85777,22.66716],[70.8579,22.66607],[70.85802,22.6651],[70.85801,22.66474],[70.85768,22.66371],[70.85741,22.66315],[70.85667,22.66152],[70.85586,22.66],[70.85577,22.65974],[70.85559,22.6588],[70.85535,22.65807],[70.85524,22.65761],[70.85517,22.65678],[70.85516,22.65628],[70.85512,22.65572],[70.85507,22.65502],[70.85503,22.6546],[70.85499,22.65418],[70.85496,22.65353],[70.85498,22.65275],[70.85505,22.65183],[70.85497,22.6512],[70.85488,22.6505],[70.85482,22.65031],[70.85474,22.65014],[70.85447,22.64955],[70.85419,22.64857],[70.85388,22.64791],[70.85365,22.64744],[70.85322,22.6467],[70.85306,22.6463],[70.8531,22.64598],[70.85325,22.64543],[70.85336,22.64505],[70.85332,22.64466],[70.85328,22.64413],[70.85328,22.64393],[70.85329,22.64378],[70.85331,22.64373],[70.85335,22.64364]]},"properties":{"id":"osm:w533370430","name":"","highway":"secondary","bridge":false}},{"type":"Feature","geometry":{"type":"LineString","coordinates":[[70.85288,22.67581],[70.85257,22.67582],[70.8523,22.67586],[70.85124,22.67624],[70.85056,22.67653],[70.84895,22.67717],[70.84847,22.67736],[70.84776,22.67762],[70.84699,22.67784],[70.84566,22.67824],[70.84506,22.67844],[70.84461,22.67852],[70.84391,22.67872],[70.84358,22.67884],[70.84333,22.67895],[70.84313,22.67904],[70.84292,22.67919],[70.84269,22.67932],[70.842,22.67958],[70.84133,22.67984],[70.84053,22.68009],[70.84011,22.68019],[70.83947,22.68021],[70.8389,22.6802],[70.83744,22.68016],[70.83617,22.68011],[70.83547,22.6801],[70.83521,22.68009],[70.83512,22.68006]]},"properties":{"id":"osm:w533370431","name":"","highway":"tertiary","bridge":false}},{"type":"Feature","geometry":{"type":"LineString","coordinates":[[70.91453,22.63319],[70.9145,22.63332],[70.9145,22.63351],[70.91443,22.63383],[70.9144,22.63431],[70.91429,22.63527],[70.91419,22.63553],[70.91393,22.63593],[70.91311,22.63719],[70.91216,22.63871],[70.91164,22.63953],[70.91098,22.64048],[70.91087,22.64077],[70.91077,22.64137],[70.91053,22.64282],[70.9103,22.6438],[70.91006,22.64468],[70.90982,22.64587],[70.90976,22.64633],[70.90973,22.64666],[70.90981,22.64725],[70.90997,22.648],[70.91023,22.64945],[70.9103,22.64999],[70.91054,22.65059],[70.91082,22.6516],[70.91095,22.65225],[70.91098,22.653],[70.91102,22.65379],[70.91112,22.65462],[70.91112,22.65493],[70.9111,22.65557],[70.91103,22.6565],[70.91102,22.6576],[70.91102,22.65817],[70.91107,22.65878],[70.91106,22.65938],[70.91104,22.65969],[70.91089,22.66079],[70.91087,22.66112],[70.91088,22.66142],[70.91106,22.66214],[70.91123,22.66297],[70.91141,22.66381],[70.91153,22.66441],[70.91164,22.66472],[70.91175,22.6652],[70.91191,22.66574],[70.91191,22.66583],[70.91191,22.66604],[70.91189,22.6663],[70.91193,22.66662],[70.91198,22.66708],[70.91208,22.66733],[70.91256,22.66783],[70.91284,22.66816],[70.91343,22.66901],[70.91379,22.66957],[70.91388,22.66973],[70.91411,22.66995],[70.9143,22.67022],[70.91459,22.67074],[70.9147,22.67115],[70.91502,22.67159],[70.9153,22.67209],[70.91542,22.6725],[70.91548,22.673],[70.91562,22.67374],[70.91564,22.67412],[70.91561,22.67447],[70.9155,22.67485],[70.91524,22.67538],[70.91498,22.67578],[70.91477,22.67602],[70.9146,22.67613],[70.9143,22.67626],[70.91384,22.67649],[70.91325,22.67683],[70.91304,22.67695],[70.9129,22.67712],[70.91283,22.67747],[70.91277,22.6779],[70.9127,22.67824],[70.91259,22.67859],[70.91227,22.67919],[70.91204,22.6794],[70.91194,22.67943],[70.91174,22.67939],[70.91147,22.67931],[70.91139,22.67932],[70.91126,22.67937],[70.91118,22.6796],[70.911,22.68016],[70.91076,22.68069],[70.91053,22.68117],[70.91029,22.68148],[70.91012,22.6817],[70.90997,22.6821],[70.90972,22.68285],[70.90931,22.6839],[70.90908,22.68466],[70.90871,22.68556],[70.90838,22.6864],[70.90823,22.68683],[70.9081,22.68729],[70.90792,22.6879],[70.90772,22.6883],[70.9076,22.68857],[70.90735,22.68912],[70.90723,22.68938],[70.90698,22.68972],[70.90678,22.69008],[70.90642,22.69098],[70.9061,22.69184],[70.90588,22.69226],[70.90561,22.69244],[70.90526,22.69262],[70.90505,22.69296],[70.9048,22.69353],[70.90466,22.69383],[70.9046,22.69403],[70.90464,22.69438],[70.90467,22.69478],[70.90473,22.69507],[70.90467,22.69528],[70.90467,22.69553],[70.90475,22.69572],[70.90487,22.69595],[70.90491,22.69605],[70.90512,22.6961],[70.90525,22.69623],[70.90554,22.69636],[70.90587,22.69647],[70.90592,22.69651]]},"properties":{"id":"osm:w533370432","name":"","highway":"tertiary","bridge":false}},{"type":"Feature","geometry":{"type":"LineString","coordinates":[[70.9825,22.73361],[70.98023,22.73478],[70.97943,22.73529],[70.97861,22.73574],[70.97724,22.73693],[70.97358,22.73922],[70.97086,22.74],[70.96968,22.74037],[70.96767,22.74071],[70.96558,22.74091],[70.96386,22.7412],[70.96233,22.74188],[70.96086,22.74253],[70.95947,22.74337],[70.95706,22.7445],[70.9554,22.74443],[70.95521,22.74451],[70.95421,22.74494],[70.95387,22.7451],[70.95286,22.74592],[70.95153,22.74664],[70.94896,22.74777],[70.94645,22.74908],[70.9421,22.74892],[70.94199,22.74892],[70.93688,22.74859],[70.93093,22.74774],[70.92758,22.74726],[70.92417,22.7469]]},"properties":{"id":"osm:w533568218","name":"","highway":"tertiary","bridge":false}},{"type":"Feature","geometry":{"type":"LineString","coordinates":[[71.00572,22.65156],[71.00518,22.65095],[71.00433,22.65006],[71.00282,22.64845],[71.00252,22.64809],[71.00144,22.64718],[71.00031,22.64639],[70.99972,22.64608],[70.99824,22.64531],[70.99817,22.64527],[70.99769,22.64501],[70.99713,22.64468],[70.99681,22.64437],[70.99637,22.64377],[70.99595,22.6434],[70.99481,22.64259],[70.99351,22.64168],[70.99286,22.6412],[70.99184,22.64049],[70.99084,22.63964],[70.98983,22.63885],[70.98873,22.63794],[70.98751,22.63692],[70.9869,22.63643],[70.98604,22.63585],[70.9852,22.63531],[70.98352,22.6342],[70.98244,22.63348],[70.98151,22.63286],[70.9813,22.63272],[70.98066,22.63253],[70.97965,22.63229],[70.97756,22.63174],[70.97602,22.63138],[70.97402,22.63106],[70.97276,22.63082],[70.97224,22.63068],[70.97164,22.63048],[70.97126,22.63033],[70.97097,22.63015],[70.97061,22.62993]]},"properties":{"id":"osm:w533590941","name":"","highway":"tertiary","bridge":false}},{"type":"Feature","geometry":{"type":"LineString","coordinates":[[70.97061,22.62993],[70.96962,22.62893],[70.96925,22.62852],[70.9687,22.628],[70.96766,22.62736],[70.96666,22.62682],[70.96616,22.62658],[70.9652,22.62624],[70.96398,22.62599],[70.96361,22.62594],[70.96333,22.6259],[70.96327,22.62589],[70.96303,22.62585],[70.96285,22.62583],[70.96239,22.62576],[70.96212,22.62572],[70.96154,22.62555],[70.96117,22.62537],[70.96102,22.62531]]},"properties":{"id":"osm:w533591772","name":"","highway":"tertiary","bridge":false}},{"type":"Feature","geometry":{"type":"LineString","coordinates":[[70.96102,22.62531],[70.96107,22.62513],[70.96129,22.62426]]},"properties":{"id":"osm:w533591775","name":"","highway":"tertiary","bridge":false}},{"type":"Feature","geometry":{"type":"LineString","coordinates":[[70.95808,22.61796],[70.95837,22.61853],[70.95882,22.61944],[70.95931,22.62035],[70.95987,22.62144],[70.96006,22.62182],[70.96036,22.62244]]},"properties":{"id":"osm:w533594029","name":"","highway":"tertiary","bridge":false}},{"type":"Feature","geometry":{"type":"LineString","coordinates":[[70.96974,22.64858],[70.97216,22.64827],[70.97316,22.64818],[70.97387,22.64835],[70.97458,22.64855],[70.97562,22.64879],[70.97665,22.64895],[70.97755,22.64906],[70.97866,22.64913],[70.98059,22.64924],[70.98239,22.64937],[70.98457,22.64943],[70.98604,22.6495],[70.98733,22.64959],[70.98938,22.64974],[70.991,22.64985],[70.99286,22.65],[70.99424,22.6501],[70.99497,22.6503],[70.99581,22.65052],[70.99596,22.65056],[70.99632,22.65063],[70.99645,22.65063]]},"properties":{"id":"osm:w533594030","name":"","highway":"tertiary","bridge":false}},{"type":"Feature","geometry":{"type":"LineString","coordinates":[[70.99886,22.68255],[70.99908,22.6831],[70.99939,22.68404],[70.99961,22.6848],[70.99995,22.6858],[71.00038,22.68715],[71.00098,22.68895],[71.0014,22.69025],[71.00178,22.69141],[71.00223,22.69211],[71.00325,22.69375],[71.00412,22.69515],[71.00504,22.69665],[71.00582,22.69793],[71.00668,22.69927],[71.00714,22.70002],[71.00803,22.70104],[71.00882,22.70203],[71.00947,22.70286],[71.00978,22.70339],[71.00987,22.7037],[71.0099,22.70409],[71.00989,22.70477],[71.00989,22.70509],[71.01006,22.70549],[71.01038,22.70596],[71.01077,22.70648],[71.0117,22.70774],[71.0125,22.70879],[71.01323,22.70976],[71.01348,22.7101],[71.01435,22.71125],[71.01456,22.71157],[71.01466,22.71177],[71.01461,22.71208],[71.01436,22.71275],[71.01414,22.71336],[71.01378,22.71428],[71.01325,22.71569],[71.01266,22.71718],[71.01212,22.71868],[71.01187,22.71938],[71.01184,22.71983],[71.0118,22.7205],[71.01173,22.72159],[71.01167,22.7228],[71.0116,22.72439],[71.01151,22.7259],[71.01148,22.72716],[71.01145,22.72865],[71.01147,22.72914]]},"properties":{"id":"osm:w533594031","name":"","highway":"tertiary","bridge":false}},{"type":"Feature","geometry":{"type":"LineString","coordinates":[[71.00109,22.73423],[71.00219,22.73376],[71.0023,22.73367],[71.00249,22.73354],[71.00339,22.73312],[71.004,22.73249],[71.00563,22.73077],[71.00604,22.73032],[71.00628,22.73015],[71.00665,22.73004],[71.0077,22.72991],[71.00821,22.72983],[71.00917,22.72966],[71.01003,22.72951],[71.01061,22.72941],[71.01147,22.72914]]},"properties":{"id":"osm:w533594033","name":"","highway":"tertiary","bridge":false}},{"type":"Feature","geometry":{"type":"LineString","coordinates":[[71.01147,22.72914],[71.01156,22.7304],[71.01158,22.73078],[71.01164,22.73147],[71.01183,22.73241],[71.012,22.7335],[71.01218,22.73436],[71.01246,22.73568],[71.01282,22.73727],[71.01291,22.73765],[71.01288,22.73791],[71.01269,22.73888],[71.01236,22.74052],[71.01203,22.74207],[71.01184,22.74282],[71.01173,22.74335],[71.01197,22.74417],[71.01232,22.74513],[71.01266,22.74619],[71.01297,22.74694],[71.01321,22.74742],[71.01378,22.7482],[71.01435,22.74901],[71.01497,22.74992],[71.01566,22.75099],[71.01584,22.75124],[71.01639,22.7519],[71.01684,22.75242],[71.01707,22.75273],[71.01738,22.75334],[71.01773,22.75419],[71.01827,22.75534],[71.01849,22.75579],[71.01875,22.75638],[71.01891,22.75704],[71.01908,22.75806],[71.01934,22.75919],[71.01936,22.7593],[71.01961,22.76065],[71.01986,22.76191],[71.02008,22.76313],[71.02035,22.76466],[71.0206,22.7658],[71.02068,22.76604],[71.02124,22.76689],[71.02142,22.76717],[71.02171,22.76781],[71.022,22.76869],[71.02249,22.77012],[71.02281,22.77113],[71.02309,22.77194],[71.02365,22.77363],[71.02378,22.77397],[71.024,22.77465],[71.02417,22.7753],[71.02436,22.77614],[71.02446,22.77657],[71.02478,22.7772],[71.02498,22.77756],[71.02525,22.77828],[71.02561,22.77918],[71.02624,22.78045],[71.02669,22.78132],[71.02706,22.78199],[71.02722,22.78244],[71.02727,22.78268],[71.02725,22.78308],[71.02723,22.78337],[71.02732,22.78372],[71.02756,22.78433],[71.0277,22.78486],[71.02787,22.7858],[71.02795,22.78631],[71.02803,22.78661],[71.02836,22.78719],[71.0288,22.78768],[71.02929,22.78824],[71.02949,22.78857],[71.02963,22.78902],[71.02991,22.79014],[71.0303,22.79149],[71.03065,22.79274],[71.03101,22.79404],[71.03138,22.79531],[71.03168,22.79636],[71.03176,22.79716],[71.03192,22.79847],[71.03199,22.79894],[71.03219,22.80021],[71.03236,22.80118],[71.03261,22.80184],[71.03295,22.80261],[71.03339,22.80377],[71.03373,22.80422],[71.03434,22.8049],[71.03485,22.80544],[71.03511,22.80581],[71.03558,22.80686],[71.03594,22.80753],[71.03635,22.80821],[71.03668,22.80872],[71.03733,22.80975],[71.03759,22.81024],[71.03781,22.8107],[71.03782,22.81087],[71.03752,22.81127],[71.03715,22.8118],[71.03582,22.8134],[71.03542,22.81394],[71.03445,22.81522],[71.03339,22.81659],[71.03219,22.81798],[71.03184,22.81848],[71.03139,22.81925],[71.03097,22.81999],[71.03081,22.82021],[71.03068,22.82045],[71.03055,22.821],[71.03041,22.82162],[71.03014,22.82293],[71.0298,22.82447],[71.02939,22.82612],[71.02903,22.82762],[71.02876,22.82874],[71.02859,22.82973],[71.02846,22.83063],[71.02835,22.83168],[71.02824,22.83278],[71.02818,22.83366],[71.02813,22.83433],[71.02793,22.83535],[71.02763,22.83695],[71.02739,22.83793],[71.0271,22.83867],[71.02691,22.83938],[71.02663,22.84018],[71.02653,22.84088],[71.02649,22.8411]]},"properties":{"id":"osm:w533594034","name":"","highway":"tertiary","bridge":false}},{"type":"Feature","geometry":{"type":"LineString","coordinates":[[70.96917,22.86066],[70.96989,22.86039],[70.97041,22.86016],[70.97087,22.8598],[70.97163,22.85887],[70.97329,22.85687],[70.97492,22.85482],[70.97584,22.85364],[70.97605,22.85341],[70.97631,22.85323],[70.97668,22.853],[70.9776,22.85263],[70.97966,22.85174],[70.9806,22.85126],[70.98183,22.85072],[70.98236,22.85055],[70.98265,22.85059],[70.98336,22.85092],[70.9837,22.85103],[70.98451,22.85116],[70.98491,22.85123],[70.98516,22.85124],[70.98632,22.85107],[70.98731,22.85089],[70.98798,22.85079],[70.99039,22.85016],[70.99162,22.84981],[70.99391,22.84921],[70.99465,22.84896],[70.99555,22.84865],[70.99593,22.84847],[70.996,22.84831],[70.99599,22.84798],[70.99611,22.84755],[70.99627,22.84719],[70.99636,22.84691],[70.99647,22.84676],[70.99718,22.84651],[70.99762,22.84638],[70.99786,22.84637],[70.99822,22.84648],[70.99921,22.84699],[70.99962,22.84728],[71.00003,22.84729],[71.00059,22.84722],[71.00146,22.8471],[71.00189,22.84699],[71.00231,22.84671],[71.00276,22.84629],[71.00321,22.84554],[71.00369,22.84452],[71.00439,22.84312],[71.0046,22.84272],[71.00486,22.84256],[71.00601,22.84227],[71.00773,22.84192],[71.01011,22.84142],[71.01178,22.84109],[71.01295,22.841],[71.01514,22.84097],[71.01596,22.84088],[71.01759,22.8407],[71.01821,22.84077],[71.01879,22.84089],[71.01957,22.84089],[71.02042,22.84087],[71.02267,22.84089],[71.02404,22.84094],[71.02539,22.84099],[71.02595,22.84103],[71.02649,22.8411]]},"properties":{"id":"osm:w533594036","name":"","highway":"tertiary","bridge":false}},{"type":"Feature","geometry":{"type":"LineString","coordinates":[[71.00685,22.81066],[71.00707,22.81069],[71.00723,22.81102],[71.00777,22.81168],[71.00818,22.81206],[71.00862,22.8122],[71.00954,22.81223],[71.01031,22.81228],[71.01137,22.81244],[71.01253,22.81279],[71.0134,22.81298],[71.01457,22.81317],[71.01536,22.81333],[71.01601,22.81352],[71.017,22.81388],[71.01861,22.81457],[71.01936,22.81492],[71.02105,22.81569],[71.02191,22.81609],[71.02247,22.81633],[71.0239,22.81686],[71.02479,22.81716],[71.02548,22.81744],[71.02616,22.81774],[71.02717,22.81814],[71.02838,22.81873],[71.02931,22.81923],[71.03028,22.8198],[71.03081,22.82021]]},"properties":{"id":"osm:w533594038","name":"","highway":"tertiary","bridge":false}},{"type":"Feature","geometry":{"type":"LineString","coordinates":[[71.00685,22.81066],[71.00696,22.81033],[71.00708,22.81004],[71.00721,22.80987],[71.0073,22.80978],[71.00779,22.80978]]},"properties":{"id":"osm:w533609211","name":"","highway":"tertiary","bridge":false}},{"type":"Feature","geometry":{"type":"LineString","coordinates":[[71.00684,22.80902],[71.007,22.8091],[71.00761,22.80912],[71.00784,22.80912],[71.00819,22.80899],[71.00848,22.80892],[71.00863,22.80884],[71.00881,22.80863],[71.0094,22.80821],[71.00997,22.80784],[71.01027,22.80774],[71.01053,22.80738],[71.01097,22.80681],[71.0113,22.80633],[71.0117,22.80599],[71.01281,22.80518],[71.01328,22.80486],[71.0141,22.80432],[71.01596,22.80305],[71.01728,22.80232],[71.01804,22.80199],[71.01884,22.80175],[71.01975,22.80148],[71.0212,22.80104],[71.0219,22.8008],[71.02348,22.80025],[71.02403,22.80009],[71.02446,22.80005],[71.02619,22.80015],[71.02684,22.80017],[71.02817,22.80024],[71.02914,22.80004],[71.02982,22.7999],[71.03084,22.79969],[71.03136,22.79944],[71.03193,22.799],[71.03199,22.79894]]},"properties":{"id":"osm:w533609213","name":"","highway":"tertiary","bridge":false}},{"type":"Feature","geometry":{"type":"LineString","coordinates":[[70.96568,22.86424],[70.96567,22.86407],[70.96561,22.86341],[70.96562,22.86334],[70.96561,22.86297],[70.96557,22.8628],[70.96556,22.86257],[70.96555,22.86251],[70.96549,22.86227],[70.96554,22.86215],[70.96562,22.86209],[70.96569,22.86203],[70.96598,22.86194],[70.96602,22.86192],[70.96642,22.86179],[70.9668,22.86139],[70.96703,22.86103],[70.9683,22.86082],[70.96917,22.86066]]},"properties":{"id":"osm:w533609217","name":"","highway":"tertiary","bridge":false}},{"type":"Feature","geometry":{"type":"LineString","coordinates":[[70.96568,22.86424],[70.9657,22.86461],[70.96586,22.86565],[70.96595,22.86635],[70.96594,22.86666],[70.96584,22.86747],[70.96579,22.86811],[70.96569,22.86844]]},"properties":{"id":"osm:w533609218","name":"","highway":"tertiary","bridge":false}},{"type":"Feature","geometry":{"type":"LineString","coordinates":[[70.90736,22.77352],[70.90814,22.77405],[70.90881,22.77451],[70.90891,22.77458],[70.90948,22.77497],[70.9106,22.77575],[70.91112,22.77619],[70.91132,22.77636],[70.91185,22.77678],[70.91246,22.77715],[70.91339,22.77759],[70.91447,22.77812],[70.91506,22.77841],[70.91521,22.77848],[70.91667,22.77925],[70.91681,22.77933],[70.9192,22.7806],[70.9193,22.78065],[70.92034,22.78118],[70.9209,22.78148],[70.92237,22.7822],[70.92325,22.78267],[70.92518,22.78384],[70.92618,22.78444],[70.92767,22.78532],[70.92853,22.78544],[70.93113,22.78566],[70.93224,22.78578],[70.9327,22.78583],[70.93428,22.78579],[70.93463,22.78576],[70.93617,22.78554],[70.93699,22.78539],[70.93731,22.78537],[70.93762,22.78537],[70.93804,22.78543],[70.93893,22.7857],[70.93946,22.786],[70.9398,22.78637],[70.9399,22.78651],[70.94011,22.78662],[70.94088,22.78679],[70.9418,22.78693],[70.94196,22.78696]]},"properties":{"id":"osm:w533627749","name":"","highway":"tertiary","bridge":false}},{"type":"Feature","geometry":{"type":"LineString","coordinates":[[70.94196,22.78696],[70.94241,22.78703],[70.94358,22.78732],[70.94505,22.78777],[70.94601,22.78827],[70.94815,22.7893],[70.94902,22.78971],[70.95065,22.79043],[70.95161,22.79079],[70.95174,22.79078],[70.95261,22.79053],[70.95343,22.79029],[70.95471,22.78981],[70.95558,22.78956],[70.95618,22.78937]]},"properties":{"id":"osm:w533627750","name":"","highway":"tertiary","bridge":false}},{"type":"Feature","geometry":{"type":"LineString","coordinates":[[70.95618,22.78937],[70.95666,22.78913],[70.95743,22.78865],[70.95825,22.78827],[70.95876,22.78804],[70.95976,22.7878],[70.96069,22.78769],[70.96119,22.78766],[70.96271,22.78784],[70.96327,22.78787],[70.96363,22.78783],[70.96412,22.78763],[70.96507,22.78701],[70.96623,22.78627],[70.96678,22.78601],[70.96777,22.78591],[70.96848,22.78594],[70.96982,22.78612],[70.97091,22.78607],[70.97166,22.78604],[70.97248,22.78608],[70.97271,22.78608],[70.973,22.78581],[70.97347,22.7855],[70.97411,22.78517],[70.97446,22.78507],[70.97479,22.78504],[70.97559,22.78507],[70.97602,22.78505],[70.97626,22.7851],[70.97639,22.78527],[70.97656,22.78548]]},"properties":{"id":"osm:w533627751","name":"","highway":"tertiary","bridge":false}},{"type":"Feature","geometry":{"type":"LineString","coordinates":[[71.01934,22.75919],[71.02023,22.75897],[71.02155,22.7586],[71.0219,22.75858],[71.02228,22.75856],[71.02297,22.75874],[71.02366,22.75891],[71.02428,22.75894],[71.02468,22.7589],[71.02531,22.75864],[71.026,22.75834],[71.02654,22.75814],[71.0269,22.75794],[71.0272,22.75787],[71.02725,22.75784]]},"properties":{"id":"osm:w533627753","name":"","highway":"tertiary","bridge":false}},{"type":"Feature","geometry":{"type":"LineString","coordinates":[[70.92355,22.82005],[70.92361,22.81979],[70.92373,22.81929],[70.92413,22.81782],[70.92423,22.81704],[70.92429,22.81629],[70.92418,22.81601],[70.92386,22.81562],[70.9236,22.81551],[70.92333,22.8155],[70.92279,22.8156],[70.92108,22.81605],[70.91995,22.81632],[70.91774,22.81691],[70.91687,22.81717],[70.91622,22.81736],[70.91574,22.81752],[70.91559,22.8176],[70.91541,22.81769],[70.9145,22.81817],[70.91397,22.81837],[70.91364,22.81838],[70.91323,22.81821],[70.91233,22.81767],[70.912,22.81746]]},"properties":{"id":"osm:w533627754","name":"","highway":"tertiary","bridge":false}},{"type":"Feature","geometry":{"type":"LineString","coordinates":[[71.01147,22.72914],[71.01171,22.72907],[71.01322,22.72862],[71.01377,22.72846],[71.01417,22.72792],[71.0144,22.72761],[71.01455,22.72751],[71.01574,22.72745],[71.01769,22.72749],[71.01879,22.72754],[71.01977,22.72769],[71.02046,22.7279],[71.02157,22.72829],[71.02188,22.72841],[71.02293,22.72863],[71.02364,22.72878],[71.02387,22.72886],[71.02427,22.72905],[71.02456,22.72917],[71.02496,22.72924],[71.02522,22.7295],[71.02551,22.72959],[71.02566,22.72963],[71.02565,22.72975],[71.02542,22.73006]]},"properties":{"id":"osm:w533799135","name":"","highway":"tertiary","bridge":false}},{"type":"Feature","geometry":{"type":"LineString","coordinates":[[70.84614,22.8241],[70.84622,22.824],[70.84706,22.82351],[70.84759,22.82312],[70.84772,22.82303],[70.84881,22.82176],[70.849,22.82154],[70.84925,22.82126],[70.84948,22.821],[70.84986,22.82057],[70.85016,22.82024],[70.85045,22.81991],[70.8507,22.81961],[70.8508,22.81949],[70.85123,22.81901],[70.85159,22.81862],[70.85234,22.81772],[70.8527,22.81734],[70.85338,22.81655],[70.85343,22.8165],[70.8535,22.81642],[70.85392,22.81606],[70.85427,22.81578],[70.85511,22.81499],[70.8556,22.81451],[70.85594,22.81392],[70.85599,22.81384],[70.85617,22.81341],[70.85666,22.81276],[70.85773,22.81153],[70.85924,22.80982],[70.86009,22.80883],[70.8603,22.80862],[70.86071,22.80825]]},"properties":{"id":"osm:w533800158","name":"","highway":"tertiary","bridge":false}},{"type":"Feature","geometry":{"type":"LineString","coordinates":[[70.85338,22.81655],[70.85336,22.81646],[70.85336,22.81644],[70.85335,22.81638],[70.85346,22.81621],[70.85401,22.81544],[70.85477,22.81445],[70.85491,22.81427],[70.85545,22.81313],[70.85563,22.81262],[70.85588,22.81228],[70.85591,22.81225],[70.85655,22.81152],[70.85663,22.81143],[70.85671,22.81134],[70.85723,22.81071],[70.85814,22.80968],[70.85867,22.80904],[70.85884,22.8088],[70.85884,22.80873],[70.85884,22.80848],[70.85885,22.80828],[70.85885,22.80811],[70.85887,22.80783],[70.85888,22.80753],[70.8589,22.80716],[70.8589,22.80711],[70.85897,22.80662],[70.85898,22.80648],[70.85886,22.80622],[70.85845,22.80603],[70.85827,22.80596],[70.85802,22.80585],[70.85796,22.80574],[70.85805,22.80544],[70.85808,22.80537],[70.85825,22.80496],[70.85842,22.80454],[70.85866,22.80413],[70.85884,22.80369],[70.85908,22.80284],[70.85918,22.80234],[70.85922,22.80188],[70.85921,22.80146],[70.85915,22.80096],[70.8593,22.80034],[70.85942,22.80006],[70.85982,22.79956],[70.8605,22.7989],[70.86069,22.79878],[70.86074,22.79874],[70.86088,22.79866],[70.861,22.79847],[70.86102,22.79838],[70.86112,22.79785],[70.86116,22.79779],[70.86121,22.79771],[70.86138,22.79744],[70.86149,22.79726],[70.86153,22.79707],[70.86151,22.797],[70.86148,22.79685],[70.86139,22.79664],[70.86129,22.79654],[70.86098,22.79633],[70.86036,22.7961],[70.86029,22.79605],[70.86012,22.79591],[70.86002,22.79564],[70.86003,22.79543],[70.86025,22.79457],[70.86054,22.79365],[70.86077,22.79298],[70.86088,22.79273],[70.86097,22.79262],[70.86141,22.79233],[70.86232,22.79176],[70.86267,22.79145],[70.86323,22.79091],[70.86368,22.79033],[70.8644,22.7895],[70.8647,22.78913],[70.86514,22.78856],[70.86595,22.78779],[70.86678,22.78712],[70.86768,22.78655],[70.86867,22.78586],[70.86927,22.78542],[70.87094,22.78435],[70.87166,22.7838],[70.87223,22.78328],[70.87276,22.7828],[70.87307,22.78255],[70.87423,22.78172],[70.8748,22.78123],[70.87566,22.78043],[70.8766,22.7796],[70.8774,22.77889],[70.87761,22.77868],[70.87762,22.77847],[70.87754,22.77821],[70.87743,22.77791],[70.87723,22.77708],[70.87694,22.77599],[70.87682,22.7755],[70.87677,22.77461],[70.8768,22.77412],[70.87689,22.77346],[70.87701,22.7726],[70.8771,22.77148],[70.87712,22.77109],[70.87709,22.77093],[70.87688,22.77024],[70.8767,22.76966],[70.87643,22.76857],[70.87632,22.76806],[70.87626,22.76781]]},"properties":{"id":"osm:w533800160","name":"","highway":"tertiary","bridge":false}},{"type":"Feature","geometry":{"type":"LineString","coordinates":[[70.98649,22.72868],[70.98784,22.72909],[70.9888,22.72921],[70.99182,22.72959],[70.99371,22.72994],[70.9944,22.73008],[70.9948,22.73038],[70.99515,22.73079],[70.99543,22.73123],[70.99576,22.73166],[70.99624,22.73206],[70.99646,22.73233],[70.99651,22.73253],[70.99647,22.73272],[70.99635,22.73278],[70.99596,22.73278],[70.99553,22.73277],[70.99527,22.73285],[70.99516,22.73289],[70.99509,22.73322]]},"properties":{"id":"osm:w533827920","name":"","highway":"tertiary","bridge":false}},{"type":"Feature","geometry":{"type":"LineString","coordinates":[[70.96923,22.94866],[70.96937,22.94891],[70.96944,22.94946],[70.96998,22.94997],[70.97034,22.9501],[70.97128,22.95006],[70.97191,22.94999],[70.97216,22.95012],[70.97269,22.95026],[70.97375,22.95052],[70.97405,22.95059],[70.97407,22.95059],[70.97435,22.95066],[70.9746,22.95072],[70.97467,22.95074],[70.97486,22.95082],[70.97488,22.95083],[70.97495,22.95086],[70.97514,22.95094],[70.97524,22.95099],[70.97545,22.95107],[70.9757,22.95118],[70.97599,22.95131],[70.97631,22.95145],[70.97655,22.95155],[70.97752,22.95197],[70.97962,22.95314],[70.98138,22.9539],[70.98244,22.95418],[70.98459,22.95454],[70.98556,22.95468],[70.98717,22.95532],[70.98827,22.95573],[70.98997,22.95621],[70.99044,22.95639],[70.99122,22.95695],[70.99248,22.95802],[70.99348,22.95872],[70.99555,22.95981],[70.99648,22.96012],[70.99699,22.96024],[70.99721,22.96039],[70.99728,22.96055],[70.99704,22.96278],[70.99677,22.96322],[70.99645,22.96406],[70.99653,22.96449],[70.99706,22.96523],[70.9974,22.96539],[70.99753,22.96559],[70.99786,22.96589],[70.99828,22.96615],[70.99819,22.96672],[70.99819,22.96678],[70.99838,22.96683]]},"properties":{"id":"osm:w537301040","name":"","highway":"tertiary","bridge":false}},{"type":"Feature","geometry":{"type":"LineString","coordinates":[[70.96944,22.94946],[70.96919,22.94971],[70.96887,22.94991],[70.9687,22.95007],[70.96864,22.95031],[70.96873,22.95112],[70.96876,22.9515],[70.96864,22.95189],[70.96842,22.95239],[70.96814,22.95298],[70.96773,22.95348],[70.96709,22.95413],[70.96663,22.95458],[70.96624,22.95486],[70.96526,22.95532],[70.96478,22.95556],[70.96402,22.95619],[70.96332,22.95676],[70.96276,22.95726],[70.96212,22.95801]]},"properties":{"id":"osm:w537301041","name":"","highway":"tertiary","bridge":false}},{"type":"Feature","geometry":{"type":"LineString","coordinates":[[70.93309,23.0032],[70.93381,23.00328],[70.93496,23.00343],[70.93569,23.00345],[70.93646,23.00362],[70.93739,23.00385],[70.93883,23.00431],[70.93938,23.00451],[70.94093,23.00488],[70.94215,23.00521],[70.94341,23.00552],[70.94438,23.00569],[70.94525,23.00586],[70.94597,23.00596],[70.94677,23.00617],[70.9477,23.00644],[70.94884,23.00674],[70.94954,23.00696],[70.9501,23.007],[70.95063,23.00695],[70.95205,23.00695],[70.95267,23.00695],[70.95364,23.00691],[70.95418,23.00696],[70.95491,23.00703],[70.95575,23.00722],[70.95743,23.00766],[70.9583,23.00785],[70.95989,23.00824],[70.96085,23.00846],[70.96162,23.00858],[70.96275,23.00869],[70.96355,23.00885],[70.96457,23.00915],[70.96582,23.00951],[70.96624,23.00957],[70.96681,23.00956],[70.96778,23.00943],[70.96862,23.00926],[70.96958,23.00914],[70.97029,23.00912],[70.97162,23.00936],[70.97252,23.00963],[70.97322,23.01],[70.97392,23.01068],[70.97476,23.01162],[70.97541,23.01228],[70.97625,23.0129],[70.9775,23.01363],[70.97834,23.01408],[70.97901,23.01433],[70.98034,23.01435],[70.98098,23.01442],[70.98222,23.01448],[70.98318,23.01461],[70.98384,23.01486],[70.98448,23.01515],[70.98497,23.01529],[70.98562,23.01528],[70.98682,23.01514],[70.98771,23.01501],[70.98843,23.01493],[70.98869,23.01483],[70.98912,23.01469],[70.98953,23.01457],[70.99007,23.01431],[70.99049,23.01403],[70.99065,23.01384],[70.99087,23.01358],[70.99105,23.01331],[70.99106,23.01274],[70.99105,23.01214],[70.99105,23.01206],[70.99099,23.01149],[70.99095,23.01107],[70.99086,23.01081],[70.99048,23.0103],[70.99,23.00988],[70.98983,23.00966],[70.98995,23.00898],[70.99006,23.00873],[70.99033,23.00838],[70.99105,23.00766],[70.99137,23.00732],[70.99153,23.0065],[70.99164,23.00593],[70.99159,23.00566],[70.99139,23.00498],[70.99108,23.00396],[70.99094,23.0035],[70.99092,23.00308],[70.99097,23.00242],[70.99106,23.00132],[70.99116,22.99993],[70.99128,22.99845],[70.99139,22.99746],[70.99144,22.99705],[70.99158,22.99634],[70.99181,22.99537],[70.99188,22.99514],[70.99197,22.99478],[70.99201,22.99406],[70.99209,22.99319],[70.99218,22.99252],[70.99229,22.99154],[70.9924,22.99082],[70.99259,22.99004],[70.99279,22.98934],[70.99303,22.98851],[70.99322,22.98774],[70.99348,22.98678],[70.99372,22.98589],[70.99394,22.98503],[70.99418,22.98417],[70.99439,22.98335],[70.99458,22.98263],[70.9948,22.9818],[70.99505,22.98078],[70.99526,22.97994],[70.99553,22.97897],[70.99579,22.97795],[70.99596,22.97729],[70.9962,22.97634],[70.99657,22.9749],[70.99691,22.9736],[70.99721,22.97239],[70.99743,22.97129],[70.99767,22.97022],[70.99791,22.96894],[70.99815,22.96788],[70.99838,22.96683],[70.9985,22.96633],[70.99862,22.96616],[70.99909,22.96583],[71.00013,22.96506],[71.00031,22.96492],[71.00061,22.96469],[71.0016,22.96395],[71.00185,22.96376],[71.00232,22.96346],[71.00245,22.96324],[71.00276,22.96253],[71.00316,22.96159],[71.00364,22.96048],[71.00411,22.95943],[71.00461,22.95827],[71.00502,22.95736],[71.00552,22.95626],[71.00592,22.9554],[71.00649,22.95408],[71.00707,22.95273],[71.00751,22.95172],[71.00795,22.9507],[71.00841,22.94963],[71.00888,22.94854],[71.00936,22.94751],[71.00984,22.94641],[71.00989,22.94623],[71.01009,22.94598],[71.01052,22.94551],[71.01119,22.94478],[71.01144,22.94448],[71.01205,22.94377],[71.01244,22.9433],[71.01301,22.94267],[71.01343,22.94221],[71.0141,22.94144],[71.01455,22.94095],[71.01505,22.94036],[71.01543,22.93991],[71.01596,22.93924],[71.01652,22.93858],[71.01712,22.93772],[71.01751,22.93709],[71.01801,22.93619],[71.01854,22.93528],[71.019,22.9345],[71.01937,22.93384],[71.01967,22.93336],[71.0198,22.93295],[71.01998,22.93255],[71.02028,22.93197],[71.02074,22.93105],[71.02095,22.93049],[71.02123,22.92972],[71.02133,22.92947],[71.02144,22.92921],[71.02154,22.92898],[71.02162,22.92879],[71.02164,22.92873]]},"properties":{"id":"osm:w537306469","name":"","highway":"tertiary","bridge":false}},{"type":"Feature","geometry":{"type":"LineString","coordinates":[[70.91407,22.68095],[70.91517,22.68037],[70.91545,22.67984],[70.91669,22.6793],[70.9176,22.67926],[70.91866,22.67936],[70.92111,22.67864]]},"properties":{"id":"osm:w552037202","name":"","highway":"tertiary","bridge":false}},{"type":"Feature","geometry":{"type":"LineString","coordinates":[[70.91194,22.67943],[70.91232,22.6796],[70.91216,22.68014]]},"properties":{"id":"osm:w552037203","name":"","highway":"tertiary","bridge":false}},{"type":"Feature","geometry":{"type":"LineString","coordinates":[[70.91216,22.68014],[70.91407,22.68095]]},"properties":{"id":"osm:w552037204","name":"","highway":"tertiary","bridge":true}},{"type":"Feature","geometry":{"type":"LineString","coordinates":[[70.88946,22.83644],[70.89427,22.838],[70.89648,22.84085],[70.89657,22.84097],[70.89672,22.84133],[70.89673,22.84174],[70.89671,22.84208],[70.89669,22.84224]]},"properties":{"id":"osm:w560520761","name":"","highway":"secondary","bridge":false}},{"type":"Feature","geometry":{"type":"LineString","coordinates":[[70.95948,22.63254],[70.95948,22.63269],[70.95963,22.63286],[70.95973,22.63303],[70.96003,22.63352],[70.96038,22.63415],[70.96064,22.63458],[70.96103,22.6352],[70.96121,22.63563],[70.9613,22.63607],[70.96133,22.63646],[70.96139,22.63664]]},"properties":{"id":"osm:w572181756","name":"","highway":"primary","bridge":false}},{"type":"Feature","geometry":{"type":"LineString","coordinates":[[70.82657,22.91708],[70.82647,22.91742],[70.82638,22.91802],[70.82635,22.91837],[70.82632,22.91882],[70.82626,22.91952],[70.82626,22.91977],[70.82632,22.91986]]},"properties":{"id":"osm:w572186290","name":"","highway":"tertiary","bridge":false}},{"type":"Feature","geometry":{"type":"LineString","coordinates":[[70.93769,22.70047],[70.93782,22.70054]]},"properties":{"id":"osm:w572186296","name":"","highway":"trunk","bridge":false}},{"type":"Feature","geometry":{"type":"LineString","coordinates":[[70.95979,22.63244],[70.95948,22.63254]]},"properties":{"id":"osm:w638282613","name":"","highway":"primary","bridge":false}},{"type":"Feature","geometry":{"type":"LineString","coordinates":[[70.95989,22.63242],[70.95979,22.63244]]},"properties":{"id":"osm:w638282615","name":"","highway":"primary","bridge":false}},{"type":"Feature","geometry":{"type":"LineString","coordinates":[[70.92186,22.88641],[70.92159,22.88643],[70.92086,22.88643],[70.92044,22.88647],[70.9203,22.88648],[70.91994,22.88658],[70.91906,22.88709],[70.91883,22.88723],[70.91826,22.88761],[70.91774,22.88796],[70.91695,22.88847],[70.9164,22.88867],[70.91515,22.88895],[70.91462,22.88908],[70.91433,22.88915],[70.91363,22.88952],[70.9134,22.88965],[70.91242,22.89022],[70.9123,22.89029],[70.91204,22.89045],[70.91182,22.89052],[70.91129,22.89045],[70.91102,22.89034]]},"properties":{"id":"osm:w649812739","name":"","highway":"tertiary","bridge":false}},{"type":"Feature","geometry":{"type":"LineString","coordinates":[[70.91102,22.89034],[70.91056,22.89019]]},"properties":{"id":"osm:w649812740","name":"","highway":"tertiary","bridge":true}},{"type":"Feature","geometry":{"type":"LineString","coordinates":[[70.88603,22.89733],[70.88619,22.89724],[70.88669,22.89704],[70.88731,22.89674],[70.88784,22.89656],[70.88806,22.89649],[70.88831,22.89644],[70.88894,22.89642],[70.88928,22.8964],[70.89126,22.89643],[70.89153,22.89643],[70.89206,22.89641],[70.89289,22.89604],[70.89456,22.8952],[70.89674,22.89456],[70.89703,22.89447],[70.8999,22.89323],[70.90315,22.89178],[70.90531,22.89084],[70.90574,22.89074],[70.90788,22.8902],[70.90899,22.88994],[70.90928,22.8899],[70.90978,22.88995],[70.91056,22.89019]]},"properties":{"id":"osm:w649813825","name":"","highway":"tertiary","bridge":false}},{"type":"Feature","geometry":{"type":"LineString","coordinates":[[70.88643,22.8982],[70.88592,22.89875],[70.88422,22.89925],[70.88263,22.89992],[70.88207,22.89999],[70.88072,22.90003],[70.88067,22.90004],[70.87868,22.90016],[70.87742,22.90025],[70.87742,22.90025],[70.87688,22.90064],[70.87605,22.90167],[70.87506,22.90204],[70.87364,22.9022],[70.87347,22.90229],[70.87312,22.90277],[70.87158,22.90659],[70.87135,22.90714],[70.87004,22.90913],[70.86972,22.9096],[70.86882,22.9106],[70.86641,22.91214],[70.86582,22.91231],[70.86514,22.91238],[70.86329,22.91232],[70.86293,22.9124],[70.86156,22.91265],[70.86105,22.91273],[70.86058,22.91265],[70.86042,22.91261],[70.85985,22.91248],[70.85857,22.9124],[70.85826,22.91242],[70.85814,22.91243],[70.85805,22.91244],[70.85737,22.91234],[70.85645,22.91207],[70.85565,22.91166],[70.85312,22.91075],[70.85191,22.91046],[70.85108,22.91014],[70.85059,22.90982],[70.85027,22.90949],[70.85005,22.90927],[70.84968,22.90899],[70.84457,22.90662],[70.84108,22.905],[70.84082,22.90496],[70.84055,22.90502],[70.84034,22.90508],[70.83993,22.90496],[70.83944,22.90474],[70.83879,22.90431],[70.83848,22.9042],[70.83741,22.90394],[70.83636,22.90376],[70.83593,22.90361],[70.83551,22.9034],[70.83519,22.90332],[70.83466,22.90334],[70.83426,22.9033],[70.83224,22.9029],[70.83175,22.90295],[70.82959,22.90307],[70.82836,22.90293],[70.82803,22.90289],[70.82797,22.90285]]},"properties":{"id":"osm:w649813826","name":"","highway":"tertiary","bridge":false}},{"type":"Feature","geometry":{"type":"LineString","coordinates":[[70.93511,22.85137],[70.93531,22.85253],[70.93555,22.85292],[70.93574,22.85307],[70.936,22.85308],[70.93609,22.85314],[70.93613,22.85317],[70.93599,22.8536],[70.93554,22.85524],[70.93512,22.85645],[70.93505,22.85666],[70.93459,22.85784],[70.93457,22.85796],[70.93443,22.8586]]},"properties":{"id":"osm:w649814120","name":"","highway":"tertiary","bridge":false}},{"type":"Feature","geometry":{"type":"LineString","coordinates":[[70.92269,22.62555],[70.9242,22.62406],[70.92632,22.6221],[70.92762,22.62091],[70.92926,22.61944],[70.92943,22.61934],[70.93073,22.61881],[70.93117,22.61861],[70.93271,22.6179],[70.93437,22.61723],[70.93558,22.61716],[70.93622,22.61712],[70.93664,22.6171],[70.93685,22.61709],[70.93715,22.61708],[70.9377,22.61703]]},"properties":{"id":"osm:w657493770","name":"","highway":"tertiary","bridge":false}},{"type":"Feature","geometry":{"type":"LineString","coordinates":[[70.83664,22.88586],[70.83637,22.88578],[70.83611,22.88576],[70.83558,22.88573],[70.83469,22.88567],[70.83433,22.88572],[70.83391,22.88588],[70.83378,22.88594],[70.83355,22.88591],[70.83282,22.88582],[70.8322,22.88574]]},"properties":{"id":"osm:w680370490","name":"","highway":"tertiary","bridge":false}},{"type":"Feature","geometry":{"type":"LineString","coordinates":[[70.96075,22.63864],[70.96077,22.63861],[70.96095,22.63828],[70.96116,22.63789],[70.96135,22.63752],[70.96151,22.63716],[70.96159,22.6369],[70.96162,22.63653],[70.96162,22.63643],[70.9616,22.63614],[70.96153,22.63572],[70.96141,22.63536],[70.96082,22.63422],[70.96014,22.63299],[70.95989,22.63242]]},"properties":{"id":"osm:w680378960","name":"","highway":"primary","bridge":false}},{"type":"Feature","geometry":{"type":"LineString","coordinates":[[70.94322,22.62816],[70.94345,22.62666],[70.94375,22.62508],[70.94408,22.62436],[70.94424,22.62398],[70.94495,22.62244],[70.94557,22.62118],[70.94611,22.6204],[70.94665,22.61965],[70.94755,22.6202],[70.94791,22.62028],[70.94836,22.62032],[70.94859,22.62034],[70.94908,22.6204],[70.94913,22.6204],[70.94932,22.62042],[70.94962,22.62045],[70.94998,22.62048],[70.95011,22.6205],[70.95037,22.6205],[70.95054,22.62046],[70.95073,22.62041],[70.95131,22.62021],[70.95166,22.6201],[70.95175,22.62007],[70.95199,22.61999],[70.95216,22.61993],[70.95257,22.61979]]},"properties":{"id":"osm:w680862326","name":"","highway":"tertiary","bridge":false}},{"type":"Feature","geometry":{"type":"LineString","coordinates":[[70.95567,22.6259],[70.95583,22.6262]]},"properties":{"id":"osm:w680862327","name":"","highway":"tertiary","bridge":false}},{"type":"Feature","geometry":{"type":"LineString","coordinates":[[70.67295,22.818],[70.67322,22.81829],[70.67344,22.81862],[70.67375,22.81926],[70.67389,22.81949],[70.67426,22.81981],[70.67478,22.82016],[70.67573,22.82079],[70.6761,22.82103],[70.67656,22.82121],[70.67711,22.8213],[70.67722,22.82132],[70.67808,22.8214],[70.67882,22.82162],[70.67964,22.82187],[70.68098,22.82231],[70.68242,22.82281],[70.68411,22.8234],[70.68555,22.82388],[70.68726,22.82457],[70.68903,22.82529],[70.68987,22.82558],[70.69165,22.82613],[70.69244,22.8264],[70.69294,22.82669],[70.69407,22.82751],[70.69508,22.82823],[70.69592,22.82882],[70.6964,22.82916],[70.6966,22.82936],[70.69718,22.83033],[70.69762,22.83105],[70.69821,22.832],[70.69895,22.83322],[70.69953,22.83415],[70.69986,22.83468],[70.70026,22.83533],[70.70073,22.83612],[70.70139,22.83717],[70.70163,22.83751],[70.70254,22.83835],[70.70366,22.83939],[70.70442,22.84008],[70.70538,22.84098],[70.7064,22.84191],[70.70787,22.84315],[70.70909,22.84416],[70.71062,22.8454],[70.71185,22.84645],[70.71294,22.84742],[70.71403,22.84835],[70.71503,22.84921],[70.71542,22.84951],[70.71588,22.84981],[70.71644,22.84997],[70.7167,22.85004],[70.71715,22.85027],[70.7174,22.85043],[70.71756,22.85052],[70.71805,22.85086],[70.7184,22.8512],[70.7186,22.85138],[70.71895,22.8515],[70.71957,22.85164],[70.72017,22.85177],[70.72101,22.85192],[70.72153,22.85195],[70.72237,22.85203],[70.72289,22.85199],[70.72364,22.85185],[70.72403,22.85183],[70.72424,22.8518],[70.72433,22.8518]]},"properties":{"id":"osm:w684342281","name":"Bagathala To Manekvada To Jivapar To Amran Road","highway":"tertiary","bridge":false}},{"type":"Feature","geometry":{"type":"LineString","coordinates":[[70.90843,22.77046],[70.9084,22.77053],[70.90781,22.77184],[70.90773,22.77199],[70.9074,22.77268],[70.90727,22.77299],[70.90659,22.77441],[70.90648,22.77463]]},"properties":{"id":"osm:w684365630","name":"","highway":"secondary","bridge":false}},{"type":"Feature","geometry":{"type":"LineString","coordinates":[[71.01631,22.91423],[71.0162,22.914]]},"properties":{"id":"osm:w687295143","name":"SH22","highway":"primary","bridge":true}},{"type":"Feature","geometry":{"type":"LineString","coordinates":[[71.0162,22.914],[71.01383,22.9096],[71.0098,22.90238],[71.00721,22.89766],[71.00573,22.89534],[71.00448,22.89316],[71.00309,22.891],[71.00264,22.8903],[71.00234,22.88963],[71.0021,22.88924],[71.00169,22.88882],[71.00115,22.88838],[70.9996,22.88735],[70.99848,22.88659],[70.9962,22.8852],[70.99405,22.88401],[70.99321,22.88368],[70.99274,22.88354],[70.99191,22.88331],[70.99165,22.88322],[70.99097,22.88299],[70.99059,22.88278],[70.9901,22.8822],[70.98995,22.88202],[70.98928,22.88117]]},"properties":{"id":"osm:w687295144","name":"SH22","highway":"primary","bridge":false}},{"type":"Feature","geometry":{"type":"LineString","coordinates":[[70.96569,22.86844],[70.9656,22.86862]]},"properties":{"id":"osm:w687295145","name":"","highway":"tertiary","bridge":true}},{"type":"Feature","geometry":{"type":"LineString","coordinates":[[70.9656,22.86862],[70.96555,22.86882],[70.9656,22.86898],[70.96584,22.86937],[70.96613,22.86975],[70.9664,22.87016],[70.96724,22.87144],[70.96775,22.87222],[70.96814,22.87292],[70.96832,22.87327],[70.96837,22.87366],[70.96839,22.87539],[70.96842,22.87606],[70.96838,22.87644],[70.9683,22.87678],[70.96825,22.87716]]},"properties":{"id":"osm:w687295146","name":"","highway":"tertiary","bridge":false}},{"type":"Feature","geometry":{"type":"LineString","coordinates":[[70.93438,22.85879],[70.93429,22.85891],[70.93365,22.85945],[70.93352,22.85974],[70.93318,22.86102],[70.93291,22.86289],[70.93298,22.86367],[70.93338,22.86532],[70.93346,22.86565],[70.93357,22.86617],[70.93345,22.86652],[70.93237,22.8685],[70.93101,22.86979],[70.93063,22.87027],[70.93047,22.87067],[70.92981,22.87372],[70.92939,22.87481],[70.92878,22.87539],[70.92606,22.87949],[70.92595,22.87988],[70.92562,22.88196],[70.92384,22.88294],[70.92357,22.88326],[70.92265,22.88454],[70.92251,22.88483],[70.92253,22.88506],[70.9231,22.8858],[70.92321,22.88594],[70.9231,22.88621],[70.92289,22.8865],[70.92287,22.88652],[70.92255,22.8866],[70.92214,22.88656],[70.92186,22.88641]]},"properties":{"id":"osm:w687295147","name":"","highway":"tertiary","bridge":false}},{"type":"Feature","geometry":{"type":"LineString","coordinates":[[70.93443,22.8586],[70.93438,22.85879]]},"properties":{"id":"osm:w687295148","name":"","highway":"tertiary","bridge":true}},{"type":"Feature","geometry":{"type":"LineString","coordinates":[[71.08027,22.9294],[71.07787,22.92841],[71.07692,22.92789],[71.07666,22.92767],[71.07636,22.9273],[71.07557,22.92601],[71.07519,22.92539],[71.07484,22.92499],[71.07467,22.92489],[71.07441,22.92482],[71.0729,22.92455],[71.06919,22.92383],[71.06899,22.92379],[71.06498,22.92298],[71.06468,22.92299],[71.06374,22.92306],[71.05777,22.9236],[71.05247,22.92416],[71.04671,22.92474],[71.04266,22.92512],[71.04125,22.92513],[71.0377,22.92524],[71.03329,22.92529],[71.03289,22.92528],[71.031,22.92527],[71.03042,22.92538],[71.02999,22.92552],[71.02932,22.92581],[71.02891,22.92599],[71.0288,22.926],[71.02852,22.92602],[71.02785,22.92593],[71.02759,22.92584],[71.0275,22.92579],[71.02729,22.92564],[71.0263,22.92511],[71.02599,22.92502],[71.02532,22.92481],[71.02493,22.92465],[71.02489,22.9246],[71.02449,22.9241],[71.02444,22.92403],[71.02442,22.92402],[71.02402,22.92352],[71.02392,22.92341],[71.02364,22.92317],[71.02358,22.92314],[71.02315,22.92297],[71.02296,22.92289],[71.02274,22.92281],[71.02265,22.92277],[71.02214,22.92257],[71.02018,22.92172],[71.01998,22.92134],[71.01846,22.9184],[71.01631,22.91423]]},"properties":{"id":"osm:w702460802","name":"SH22","highway":"primary","bridge":false}},{"type":"Feature","geometry":{"type":"LineString","coordinates":[[70.89691,22.92248],[70.8974,22.92438],[70.89745,22.92459],[70.89775,22.926],[70.89781,22.92738],[70.89782,22.92785],[70.89782,22.92793],[70.89788,22.93047],[70.89799,22.93399],[70.89808,22.93727],[70.89815,22.94072],[70.89823,22.94423],[70.89823,22.94479],[70.89815,22.9456],[70.8977,22.94755],[70.89704,22.9506],[70.89645,22.95337],[70.8963,22.95407],[70.89602,22.95538],[70.89541,22.95727],[70.89511,22.9583],[70.89458,22.96008],[70.89446,22.96062],[70.89418,22.96285],[70.89382,22.9664],[70.89357,22.96896],[70.8934,22.96998],[70.89295,22.97172],[70.89215,22.97483],[70.89135,22.97778],[70.89079,22.97997],[70.89074,22.98021],[70.8904,22.98174],[70.89033,22.98243],[70.89034,22.98352],[70.8904,22.98706],[70.8904,22.98853],[70.89058,22.98956],[70.89094,22.9906],[70.89128,22.99133],[70.89177,22.99213],[70.89307,22.99347],[70.89397,22.99458]]},"properties":{"id":"osm:w702616325","name":"SH321","highway":"primary","bridge":false}},{"type":"Feature","geometry":{"type":"LineString","coordinates":[[70.89686,22.92228],[70.89691,22.92248]]},"properties":{"id":"osm:w702616326","name":"SH321","highway":"primary","bridge":true}},{"type":"Feature","geometry":{"type":"LineString","coordinates":[[70.88039,22.76589],[70.88025,22.766],[70.87954,22.76654],[70.8793,22.76677],[70.87917,22.76689],[70.87838,22.7672],[70.87754,22.76753],[70.87727,22.76766],[70.87702,22.7678],[70.87682,22.76783],[70.87657,22.76782],[70.8763,22.76781],[70.87626,22.76781],[70.87556,22.76778],[70.875,22.76774],[70.87472,22.7677],[70.87431,22.76756],[70.8728,22.76715],[70.87162,22.7668],[70.87135,22.76676],[70.87108,22.76678],[70.87062,22.76688],[70.86923,22.76724],[70.86886,22.7673],[70.86867,22.7673],[70.86846,22.76727],[70.86819,22.76717],[70.86805,22.76709],[70.8677,22.76687],[70.86742,22.76679],[70.86724,22.76675],[70.86693,22.76675],[70.86607,22.7669],[70.86514,22.76728],[70.86493,22.76733],[70.86478,22.76734],[70.86443,22.76735],[70.8642,22.76733],[70.86405,22.76733],[70.86385,22.76738],[70.86365,22.76747],[70.86347,22.76761],[70.86293,22.76829],[70.8619,22.76955],[70.8618,22.76965],[70.86167,22.7697],[70.8615,22.7697],[70.86133,22.76967]]},"properties":{"id":"osm:w703825874","name":"","highway":"secondary","bridge":false}},{"type":"Feature","geometry":{"type":"LineString","coordinates":[[70.88059,22.76574],[70.88039,22.76589]]},"properties":{"id":"osm:w703825875","name":"","highway":"secondary","bridge":true}},{"type":"Feature","geometry":{"type":"LineString","coordinates":[[70.8892,22.81838],[70.88908,22.81847],[70.88875,22.81875],[70.88831,22.81894],[70.88788,22.81904],[70.88729,22.81904],[70.8852,22.81894],[70.88405,22.81899],[70.88175,22.81913],[70.8811,22.81911],[70.88015,22.81919],[70.87988,22.81923],[70.87898,22.81934],[70.87844,22.81941],[70.87705,22.81961],[70.87686,22.81961],[70.87659,22.81951],[70.8761,22.81924],[70.87567,22.8188],[70.87489,22.81836],[70.87392,22.81778],[70.87287,22.81721],[70.87227,22.81702],[70.87126,22.81671],[70.86965,22.81655],[70.86821,22.81642],[70.86783,22.81638],[70.86711,22.81631],[70.86639,22.81621],[70.86619,22.81618],[70.86603,22.81619]]},"properties":{"id":"osm:w703825881","name":"","highway":"tertiary","bridge":false}},{"type":"Feature","geometry":{"type":"LineString","coordinates":[[70.88941,22.81814],[70.8892,22.81838]]},"properties":{"id":"osm:w703825882","name":"","highway":"tertiary","bridge":true}},{"type":"Feature","geometry":{"type":"LineString","coordinates":[[70.71069,22.67993],[70.71085,22.68028],[70.71122,22.68129],[70.71137,22.68189],[70.7114,22.68248],[70.71102,22.68713],[70.71071,22.69062],[70.71028,22.69353],[70.70964,22.69764],[70.70955,22.69928],[70.70952,22.7011],[70.70959,22.70163],[70.70989,22.70216],[70.71174,22.70411],[70.71252,22.70552],[70.71432,22.70875],[70.7153,22.71051],[70.71602,22.71179],[70.71667,22.71298]]},"properties":{"id":"osm:w703973927","name":"Nasitpar - Nana Khijadiya Road","highway":"tertiary","bridge":false}},{"type":"Feature","geometry":{"type":"LineString","coordinates":[[70.71667,22.71298],[70.71712,22.71382]]},"properties":{"id":"osm:w703973930","name":"","highway":"tertiary","bridge":true}},{"type":"Feature","geometry":{"type":"LineString","coordinates":[[70.71712,22.71382],[70.71946,22.71792],[70.7197,22.71834],[70.72022,22.71916],[70.721,22.72001],[70.72286,22.72166],[70.7239,22.72256],[70.72425,22.72298],[70.7252,22.72476],[70.7261,22.72598],[70.72888,22.72958],[70.72956,22.73077],[70.73043,22.73245],[70.73095,22.7333],[70.73176,22.73407],[70.73575,22.73698],[70.73938,22.74021],[70.7422,22.74285],[70.74295,22.74339],[70.74402,22.74395],[70.74762,22.74556],[70.74819,22.74596],[70.74937,22.74712],[70.75075,22.74806],[70.7543,22.75011],[70.75668,22.7514],[70.75879,22.75252],[70.75909,22.7528],[70.75929,22.75311],[70.75941,22.75346],[70.75968,22.75424],[70.7599,22.75454],[70.76021,22.75481],[70.76092,22.75519],[70.76106,22.75536],[70.7611,22.75556],[70.76124,22.75776],[70.76136,22.75816],[70.76163,22.75853],[70.7636,22.76116],[70.76413,22.76181],[70.76445,22.76206],[70.76798,22.76339],[70.77112,22.7647],[70.7722,22.76515],[70.7724,22.76532],[70.77247,22.76548],[70.77258,22.76596],[70.77271,22.76708],[70.77253,22.76811],[70.77228,22.76899],[70.77229,22.7692],[70.77241,22.7696]]},"properties":{"id":"osm:w703973931","name":"Rajpar - Nasitpar Road","highway":"tertiary","bridge":false}},{"type":"Feature","geometry":{"type":"LineString","coordinates":[[70.77378,22.76982],[70.77492,22.77008],[70.77643,22.77066],[70.77836,22.77138],[70.77973,22.77191],[70.78099,22.77252],[70.78224,22.77329],[70.78307,22.7738],[70.78392,22.7745],[70.78499,22.77547],[70.78548,22.77586],[70.78576,22.77607],[70.78644,22.77657],[70.78758,22.77743],[70.78871,22.77829],[70.789,22.77851],[70.78953,22.77889],[70.78975,22.77905],[70.791,22.77952],[70.79241,22.78001],[70.79329,22.78033],[70.79424,22.78076]]},"properties":{"id":"osm:w703973934","name":"Morbi To Amaran Road","highway":"secondary","bridge":false}},{"type":"Feature","geometry":{"type":"LineString","coordinates":[[70.77315,22.76967],[70.77378,22.76982]]},"properties":{"id":"osm:w703973935","name":"","highway":"tertiary","bridge":true}},{"type":"Feature","geometry":{"type":"LineString","coordinates":[[70.7462,22.65904],[70.74612,22.65904],[70.74531,22.65901],[70.74363,22.65897],[70.74255,22.65895],[70.74232,22.65894],[70.74204,22.65893],[70.74083,22.65891],[70.73871,22.65885],[70.73753,22.6589],[70.73665,22.65904],[70.73535,22.65937],[70.73154,22.66021],[70.72963,22.66064],[70.72817,22.66116],[70.72589,22.66203],[70.72213,22.66342],[70.7211,22.66384],[70.71914,22.66484],[70.71678,22.66606],[70.71624,22.6662],[70.7151,22.66629],[70.71478,22.66639],[70.71454,22.66663],[70.71435,22.66693],[70.71397,22.66754],[70.71364,22.66806],[70.71346,22.66824],[70.71254,22.6688],[70.71217,22.66902],[70.71208,22.66911],[70.71197,22.66921],[70.71181,22.66964],[70.71179,22.66968],[70.71164,22.67016],[70.71152,22.67055],[70.71118,22.67164]]},"properties":{"id":"osm:w715818765","name":"Mota Khijadiya - Tankara Road","highway":"tertiary","bridge":false}},{"type":"Feature","geometry":{"type":"LineString","coordinates":[[70.74531,22.65901],[70.7449,22.66009],[70.74384,22.66177],[70.74358,22.66227],[70.74351,22.66241],[70.74319,22.66342],[70.74256,22.66525],[70.74222,22.66584],[70.74186,22.66646],[70.74047,22.66819],[70.73987,22.66904],[70.7399,22.66939],[70.73986,22.66966],[70.73926,22.67141],[70.73901,22.67183],[70.7387,22.67309],[70.73841,22.67438],[70.7382,22.67492],[70.73746,22.6763],[70.73691,22.67715],[70.73634,22.67844],[70.73591,22.67929],[70.73556,22.6797],[70.73511,22.67998],[70.73488,22.68005],[70.73461,22.68004],[70.73262,22.67959],[70.7288,22.67877],[70.72854,22.67879],[70.72826,22.67897],[70.72682,22.67968],[70.72619,22.68047],[70.72604,22.68052],[70.72564,22.68036],[70.72503,22.68198]]},"properties":{"id":"osm:w715818766","name":"","highway":"tertiary","bridge":false}},{"type":"Feature","geometry":{"type":"LineString","coordinates":[[70.86532,22.82939],[70.86517,22.82982],[70.86475,22.83027],[70.86453,22.83053],[70.86439,22.83102],[70.86408,22.8324],[70.86389,22.83313],[70.86365,22.8334],[70.86268,22.83408],[70.86123,22.83471],[70.86035,22.83511],[70.86007,22.83544],[70.8598,22.83605],[70.85964,22.83626],[70.85929,22.83647],[70.85895,22.83654],[70.85774,22.83665],[70.85485,22.83669],[70.85387,22.83665],[70.85347,22.8368]]},"properties":{"id":"osm:w723360937","name":"","highway":"tertiary","bridge":false}},{"type":"Feature","geometry":{"type":"LineString","coordinates":[[70.88699,22.83474],[70.88719,22.83519]]},"properties":{"id":"osm:w723360938","name":"","highway":"secondary","bridge":true}},{"type":"Feature","geometry":{"type":"LineString","coordinates":[[70.88719,22.83519],[70.88762,22.83567],[70.88816,22.83601],[70.88946,22.83644]]},"properties":{"id":"osm:w723360939","name":"","highway":"secondary","bridge":false}},{"type":"Feature","geometry":{"type":"LineString","coordinates":[[70.80425,22.83668],[70.80379,22.83689],[70.80322,22.83714],[70.80275,22.83735],[70.80224,22.83764],[70.8016,22.83813],[70.79901,22.84005],[70.79665,22.84179],[70.79635,22.84202],[70.79246,22.8449],[70.7909,22.84606],[70.79058,22.84629],[70.7889,22.84754],[70.78858,22.84778],[70.78711,22.84885],[70.78035,22.85389],[70.77166,22.86037],[70.76433,22.86582],[70.75941,22.86946],[70.74743,22.8783],[70.7444,22.88052],[70.74332,22.88131],[70.73606,22.88664],[70.72981,22.89122],[70.7219,22.89702],[70.70935,22.90625],[70.69782,22.91469],[70.68113,22.92767],[70.67865,22.9296],[70.67697,22.93073],[70.67526,22.93175],[70.67481,22.93202],[70.67072,22.93356],[70.66014,22.93766],[70.65099,22.94125],[70.62854,22.95006],[70.62551,22.95129],[70.62422,22.95178],[70.62405,22.95178],[70.62392,22.9517],[70.62374,22.95163],[70.62362,22.95165],[70.62291,22.9519],[70.62175,22.95233],[70.62051,22.95289],[70.61942,22.95358],[70.61857,22.95383],[70.61797,22.95402],[70.61736,22.95432],[70.61549,22.95581]]},"properties":{"id":"osm:w731086746","name":"Navlakhi port road SH-24","highway":"primary","bridge":false}},{"type":"Feature","geometry":{"type":"LineString","coordinates":[[70.85521,22.94115],[70.856,22.94146],[70.85624,22.9416],[70.8562,22.94181],[70.85606,22.94212],[70.85602,22.94238],[70.85608,22.94285],[70.85623,22.94331],[70.85632,22.94357],[70.85648,22.94373],[70.85657,22.94383],[70.85683,22.94404],[70.85717,22.94422],[70.85784,22.9443],[70.85806,22.94424],[70.8583,22.94417],[70.85892,22.94413],[70.85959,22.94411]]},"properties":{"id":"osm:w731124934","name":"","highway":"tertiary","bridge":false}},{"type":"Feature","geometry":{"type":"LineString","coordinates":[[70.85376,22.94079],[70.85521,22.94115]]},"properties":{"id":"osm:w731124935","name":"","highway":"tertiary","bridge":true}},{"type":"Feature","geometry":{"type":"LineString","coordinates":[[71.00503,22.62956],[71.0052,22.62864],[71.00521,22.62823],[71.00513,22.62762],[71.00439,22.62524]]},"properties":{"id":"osm:w905184179","name":"","highway":"tertiary","bridge":false}},{"type":"Feature","geometry":{"type":"LineString","coordinates":[[70.99718,22.62409],[70.99832,22.62324],[70.99896,22.62294],[71.00004,22.62265],[71.00293,22.62208],[71.00305,22.62195],[71.00311,22.62175],[71.003,22.6198],[71.00306,22.61908],[71.00319,22.61842],[71.00317,22.61741],[71.00334,22.6163],[71.00357,22.61569],[71.00385,22.61521],[71.0039,22.61493],[71.00387,22.61451],[71.00361,22.6137]]},"properties":{"id":"osm:w905184180","name":"","highway":"tertiary","bridge":false}},{"type":"Feature","geometry":{"type":"LineString","coordinates":[[70.99509,22.73322],[70.99502,22.73353]]},"properties":{"id":"osm:w908133685","name":"","highway":"tertiary","bridge":true}},{"type":"Feature","geometry":{"type":"LineString","coordinates":[[70.99362,22.74777],[70.99402,22.7477],[70.99505,22.74722],[70.99519,22.74702],[70.99629,22.74629],[70.99712,22.74523],[70.99815,22.74382],[70.9983,22.74369],[70.99887,22.74337],[70.99938,22.74319],[70.99945,22.74311],[70.99947,22.74301],[70.99943,22.74238],[70.99947,22.74219],[71.0008,22.73972],[71.00115,22.73897],[71.00116,22.73867],[71.00107,22.73838],[71.00072,22.7379],[71.00035,22.73715],[70.99993,22.73638],[70.99961,22.73603],[70.9988,22.73559],[70.99858,22.73539],[70.99749,22.73405],[70.99738,22.73377]]},"properties":{"id":"osm:w908133690","name":"","highway":"tertiary","bridge":false}},{"type":"Feature","geometry":{"type":"LineString","coordinates":[[70.99508,22.73382],[70.99547,22.73382],[70.99695,22.73376],[70.99738,22.73377],[70.99834,22.73379],[70.99961,22.73392],[71.0006,22.73406],[71.00109,22.73423]]},"properties":{"id":"osm:w908133691","name":"","highway":"tertiary","bridge":false}},{"type":"Feature","geometry":{"type":"LineString","coordinates":[[70.87307,22.60374],[70.87318,22.60463],[70.87314,22.60488],[70.87291,22.60541],[70.87273,22.60556],[70.87106,22.60644],[70.87047,22.60675],[70.86988,22.6073],[70.8693,22.60789],[70.86861,22.60874],[70.86825,22.6095],[70.86774,22.61091],[70.86734,22.61221],[70.86684,22.61316],[70.86606,22.61456],[70.86524,22.61585],[70.86523,22.61587],[70.86444,22.61713],[70.86423,22.61764],[70.86404,22.61889],[70.86392,22.62014],[70.86395,22.62058],[70.86412,22.62164],[70.8641,22.6222],[70.86355,22.62443],[70.86333,22.62563],[70.86328,22.62664],[70.86308,22.62852],[70.86271,22.63001],[70.8624,22.63223],[70.86187,22.63434],[70.86167,22.63521],[70.86154,22.63598],[70.8612,22.63734],[70.86108,22.63853],[70.86076,22.64014],[70.86077,22.64033]]},"properties":{"id":"osm:w950108742","name":"Tithava Road","highway":"tertiary","bridge":false}},{"type":"Feature","geometry":{"type":"LineString","coordinates":[[70.83886,22.65667],[70.83866,22.65668],[70.83386,22.65696],[70.82959,22.65721],[70.82848,22.65719],[70.82702,22.65733],[70.82587,22.65749],[70.82545,22.65769],[70.82471,22.65785],[70.82415,22.65783],[70.82397,22.65791],[70.82367,22.65815],[70.82332,22.65823],[70.82301,22.6582],[70.82203,22.6578],[70.82169,22.65779]]},"properties":{"id":"osm:w953504406","name":"Kotharia Road","highway":"tertiary","bridge":false}},{"type":"Feature","geometry":{"type":"LineString","coordinates":[[70.84207,22.65315],[70.84195,22.65326],[70.84101,22.65535],[70.84076,22.65589],[70.84063,22.6561],[70.84039,22.65633],[70.84015,22.65648],[70.83983,22.65657],[70.8394,22.65663],[70.83898,22.65666]]},"properties":{"id":"osm:w953504408","name":"","highway":"tertiary","bridge":false}},{"type":"Feature","geometry":{"type":"LineString","coordinates":[[70.83898,22.65666],[70.83886,22.65667]]},"properties":{"id":"osm:w953504409","name":"","highway":"tertiary","bridge":true}},{"type":"Feature","geometry":{"type":"LineString","coordinates":[[70.82169,22.65779],[70.82171,22.65717],[70.82164,22.65668],[70.82151,22.65649],[70.8212,22.65536],[70.82096,22.6539],[70.82079,22.65304],[70.8208,22.65242],[70.82093,22.65168],[70.82117,22.6509],[70.82128,22.65072],[70.82168,22.64971],[70.82182,22.64922],[70.82193,22.64841],[70.82192,22.64717],[70.82199,22.64613],[70.82225,22.64535],[70.82225,22.645],[70.82196,22.64301],[70.82184,22.64121],[70.82195,22.64045],[70.82177,22.63869],[70.82166,22.63821],[70.82153,22.63794],[70.82141,22.63779],[70.82123,22.6377]]},"properties":{"id":"osm:w953592712","name":"Tol - Kotharia Road","highway":"tertiary","bridge":false}},{"type":"Feature","geometry":{"type":"LineString","coordinates":[[70.80596,22.78343],[70.80542,22.78429],[70.80508,22.78486],[70.80433,22.78646],[70.80416,22.78679],[70.80403,22.78688],[70.80396,22.78692]]},"properties":{"id":"osm:w953592724","name":"","highway":"tertiary","bridge":false}},{"type":"Feature","geometry":{"type":"LineString","coordinates":[[70.81541,22.84782],[70.81534,22.84793],[70.8142,22.84954],[70.81374,22.85008],[70.81319,22.85057],[70.81267,22.85109],[70.81233,22.85148],[70.81193,22.85209],[70.81134,22.85291],[70.81103,22.85342],[70.81059,22.85407],[70.81008,22.85487],[70.80937,22.85608],[70.80919,22.85642],[70.80879,22.85728],[70.80854,22.85775],[70.8084,22.85789],[70.80784,22.85833],[70.80767,22.85852],[70.80728,22.85911],[70.80632,22.86071],[70.80484,22.86271],[70.80376,22.86424],[70.80296,22.86526],[70.80277,22.86553],[70.80268,22.86573],[70.80249,22.86629],[70.80231,22.86668],[70.80196,22.86728],[70.80171,22.8678],[70.80104,22.86884],[70.8008,22.86925],[70.80075,22.86946],[70.80088,22.86982],[70.80109,22.87032],[70.80107,22.87045],[70.80104,22.87052],[70.80066,22.87085],[70.80011,22.87172],[70.79994,22.87211],[70.79984,22.8722],[70.79971,22.87227],[70.79957,22.87229],[70.79838,22.87229],[70.7982,22.87232],[70.79802,22.8724],[70.79791,22.87249],[70.79771,22.87272],[70.79761,22.87279],[70.79722,22.8729],[70.79693,22.87293],[70.79686,22.8729]]},"properties":{"id":"osm:w991954436","name":"","highway":"tertiary","bridge":false}},{"type":"Feature","geometry":{"type":"LineString","coordinates":[[70.8172,22.84511],[70.8195,22.84617],[70.8212,22.84644],[70.82332,22.84681],[70.82414,22.84706],[70.82467,22.84719],[70.8248,22.84719],[70.82495,22.84715],[70.82505,22.84707],[70.82517,22.84694],[70.82546,22.84677],[70.8257,22.84648],[70.82574,22.84626],[70.82587,22.84582],[70.82598,22.84553],[70.826,22.84533],[70.82607,22.84522],[70.82638,22.84526],[70.82661,22.84525],[70.82671,22.84486],[70.8268,22.84451],[70.82682,22.8445],[70.82687,22.84428],[70.82684,22.84407],[70.82669,22.84358],[70.82668,22.84329],[70.8269,22.8427],[70.82698,22.8419],[70.82704,22.84162],[70.82712,22.84147],[70.82747,22.84106],[70.82757,22.84091],[70.82799,22.84016],[70.8282,22.83982],[70.82831,22.8397],[70.82847,22.83964],[70.82886,22.83972],[70.82919,22.83974],[70.82926,22.8397],[70.82954,22.83924],[70.82965,22.83898],[70.82977,22.83811],[70.82992,22.83744],[70.83005,22.83707],[70.83009,22.83703],[70.83043,22.83604],[70.83077,22.83544],[70.83098,22.83499],[70.83114,22.83456],[70.83122,22.83434],[70.83162,22.83294],[70.83157,22.83267],[70.83157,22.83257],[70.8316,22.8323],[70.83175,22.83204],[70.83203,22.83181],[70.83211,22.83172],[70.83224,22.83162],[70.83234,22.83158],[70.83247,22.83152],[70.83271,22.83147],[70.83286,22.83147],[70.83306,22.83148],[70.83325,22.83151],[70.83332,22.83152],[70.83347,22.83153],[70.83367,22.83154],[70.83378,22.83152],[70.83414,22.83133],[70.8342,22.83135]]},"properties":{"id":"osm:w991962566","name":"","highway":"tertiary","bridge":false}},{"type":"Feature","geometry":{"type":"LineString","coordinates":[[70.83175,22.83204],[70.83161,22.83199],[70.83136,22.83188],[70.83098,22.83171],[70.83057,22.83154],[70.83024,22.83143],[70.82989,22.83128],[70.82952,22.83113],[70.82916,22.831],[70.82875,22.83084],[70.8283,22.83066],[70.8279,22.83041],[70.82758,22.83027],[70.8274,22.83017]]},"properties":{"id":"osm:w991963188","name":"","highway":"tertiary","bridge":false}},{"type":"Feature","geometry":{"type":"LineString","coordinates":[[70.74247,22.6493],[70.74226,22.64915],[70.74205,22.64897],[70.74193,22.64884],[70.74144,22.64824],[70.74087,22.64757],[70.7403,22.64682],[70.73979,22.64616],[70.73902,22.64515],[70.73898,22.64509],[70.73847,22.64439],[70.73804,22.64389],[70.73749,22.64347],[70.73739,22.64342],[70.73693,22.64322],[70.73675,22.64312],[70.7359,22.64272],[70.73575,22.64266],[70.7354,22.64253]]},"properties":{"id":"osm:w1062260619","name":"Dhrol - Tankara State Highway SH-22","highway":"primary","bridge":false}},{"type":"Feature","geometry":{"type":"LineString","coordinates":[[70.83418,22.85244],[70.83437,22.85266],[70.83453,22.85285],[70.83463,22.85309],[70.83469,22.8534],[70.83471,22.85361],[70.83479,22.85362],[70.83507,22.85364],[70.83541,22.85366],[70.83549,22.85366],[70.83591,22.85369],[70.83639,22.85372],[70.83691,22.85381],[70.83773,22.85399],[70.83838,22.85408],[70.83888,22.85423],[70.83938,22.85442],[70.83979,22.85451],[70.84066,22.85471],[70.84098,22.85487],[70.842,22.8552],[70.8426,22.8554],[70.84306,22.85564],[70.84394,22.85609],[70.84487,22.8565],[70.8462,22.85725],[70.84686,22.85759]]},"properties":{"id":"osm:w1068746259","name":"","highway":"tertiary","bridge":false}},{"type":"Feature","geometry":{"type":"LineString","coordinates":[[70.83377,22.85195],[70.83418,22.85244]]},"properties":{"id":"osm:w1068746260","name":"","highway":"tertiary","bridge":true}},{"type":"Feature","geometry":{"type":"LineString","coordinates":[[70.93794,22.71518],[70.93612,22.71295],[70.93584,22.71207],[70.93582,22.71112],[70.93569,22.71083],[70.93565,22.71077],[70.93562,22.71076],[70.93552,22.71074],[70.9352,22.71052],[70.93495,22.71035]]},"properties":{"id":"osm:w1068768165","name":"","highway":"tertiary","bridge":false}},{"type":"Feature","geometry":{"type":"LineString","coordinates":[[70.9745,22.92149],[70.97453,22.9213],[70.97462,22.91999],[70.97469,22.91906],[70.97473,22.91888],[70.97481,22.91872],[70.97495,22.91863],[70.97632,22.91792],[70.97677,22.91768],[70.97697,22.91747],[70.97758,22.91648],[70.97961,22.91275],[70.97981,22.91214],[70.9806,22.90923],[70.98076,22.9088],[70.98088,22.90858],[70.98182,22.9074],[70.98222,22.90692],[70.98246,22.90659],[70.98255,22.90639],[70.98261,22.90617],[70.98276,22.90464],[70.98272,22.90432],[70.98243,22.90362],[70.98101,22.90194],[70.98018,22.901],[70.97989,22.90057],[70.97976,22.90032],[70.97954,22.89962],[70.97941,22.89921],[70.97909,22.89866],[70.9784,22.89772],[70.97768,22.89707],[70.97736,22.8967],[70.9771,22.89626],[70.97679,22.89558],[70.97652,22.89498],[70.97636,22.8946],[70.97633,22.89455],[70.9762,22.89426],[70.97609,22.894],[70.97596,22.89371],[70.97583,22.89343],[70.97577,22.8933],[70.97534,22.89235],[70.97519,22.89202],[70.97514,22.89167],[70.97514,22.89159],[70.97514,22.89154],[70.97511,22.89043],[70.97505,22.88973]]},"properties":{"id":"osm:w1068778154","name":"","highway":"tertiary","bridge":false}},{"type":"Feature","geometry":{"type":"LineString","coordinates":[[70.97505,22.88973],[70.97504,22.88907]]},"properties":{"id":"osm:w1068778155","name":"","highway":"tertiary","bridge":true}},{"type":"Feature","geometry":{"type":"LineString","coordinates":[[70.96673,22.94636],[70.96673,22.94643],[70.96633,22.94678],[70.96621,22.94703],[70.96613,22.94734],[70.96654,22.9482],[70.96689,22.94888],[70.96708,22.94898],[70.96742,22.94903],[70.96794,22.94885],[70.96853,22.94868],[70.969,22.94859],[70.96923,22.94866]]},"properties":{"id":"osm:w1068778193","name":"","highway":"tertiary","bridge":false}},{"type":"Feature","geometry":{"type":"LineString","coordinates":[[70.96663,22.94544],[70.96673,22.94636]]},"properties":{"id":"osm:w1068778194","name":"","highway":"tertiary","bridge":true}},{"type":"Feature","geometry":{"type":"LineString","coordinates":[[70.80801,22.79237],[70.80812,22.79258],[70.80817,22.79267],[70.80825,22.79278],[70.80844,22.79302],[70.80951,22.79412],[70.80978,22.79434],[70.81001,22.79458],[70.81032,22.79499],[70.81047,22.79534],[70.81053,22.79549],[70.81077,22.79619],[70.8109,22.79667],[70.81096,22.79695],[70.81096,22.79733],[70.8109,22.79795],[70.81089,22.79805],[70.81079,22.79911],[70.81085,22.79954]]},"properties":{"id":"osm:w1075060201","name":"","highway":"tertiary","bridge":false}},{"type":"Feature","geometry":{"type":"LineString","coordinates":[[70.73575,22.64266],[70.73573,22.64271]]},"properties":{"id":"osm:w1076796157","name":"","highway":"primary","bridge":false}},{"type":"Feature","geometry":{"type":"LineString","coordinates":[[70.7354,22.64253],[70.73573,22.64271],[70.73689,22.64329],[70.7375,22.64358],[70.73768,22.6437],[70.73799,22.64394],[70.73837,22.64439],[70.73896,22.6452],[70.73968,22.64615],[70.74021,22.64683],[70.74073,22.64749],[70.74082,22.6476],[70.74187,22.6489],[70.74212,22.64915],[70.74243,22.6494]]},"properties":{"id":"osm:w1076796158","name":"Dhrol - Tankara State Highway SH-22","highway":"primary","bridge":false}},{"type":"Feature","geometry":{"type":"LineString","coordinates":[[70.74729,22.65192],[70.74751,22.65202],[70.74781,22.65216],[70.74814,22.65231],[70.74838,22.65241],[70.74843,22.65243],[70.74855,22.65251],[70.74868,22.65264]]},"properties":{"id":"osm:w1076796159","name":"Tankara Main Road","highway":"secondary","bridge":false}},{"type":"Feature","geometry":{"type":"LineString","coordinates":[[70.74868,22.65264],[70.7488,22.65259],[70.74885,22.65239],[70.74885,22.65228],[70.74862,22.65231],[70.74845,22.65229],[70.74838,22.65229],[70.74818,22.65223],[70.74779,22.65206],[70.74741,22.6519],[70.74731,22.6518]]},"properties":{"id":"osm:w1076796160","name":"Tankara Main Road","highway":"secondary","bridge":false}},{"type":"Feature","geometry":{"type":"LineString","coordinates":[[70.74868,22.65264],[70.7487,22.65285],[70.74871,22.65301],[70.74871,22.6532],[70.74871,22.65359],[70.7487,22.65394],[70.7487,22.6542],[70.74872,22.65441],[70.7487,22.65456],[70.74869,22.6547],[70.74866,22.655],[70.74869,22.65536],[70.74888,22.65544],[70.74906,22.65548],[70.74929,22.65549],[70.74931,22.65566],[70.74928,22.65579],[70.74914,22.65612],[70.749,22.65642],[70.74891,22.65658],[70.74888,22.65685],[70.74888,22.657],[70.7488,22.65732],[70.74874,22.65761],[70.74869,22.65777],[70.7486,22.65804],[70.74841,22.65828],[70.74831,22.65849],[70.7482,22.65871],[70.74841,22.65888],[70.74861,22.65895],[70.74877,22.65903],[70.74885,22.65938]]},"properties":{"id":"osm:w1076796161","name":"Tankara Main Road","highway":"secondary","bridge":false}},{"type":"Feature","geometry":{"type":"LineString","coordinates":[[70.84869,22.77028],[70.84887,22.77022],[70.84915,22.77022],[70.84931,22.77025],[70.85043,22.77086]]},"properties":{"id":"osm:w1080911900","name":"","highway":"secondary","bridge":false}},{"type":"Feature","geometry":{"type":"LineString","coordinates":[[70.74723,22.65176],[70.74734,22.65138]]},"properties":{"id":"osm:w1081692076","name":"SH24","highway":"primary","bridge":true}},{"type":"Feature","geometry":{"type":"LineString","coordinates":[[70.7472,22.65189],[70.74723,22.65176]]},"properties":{"id":"osm:w1081692078","name":"SH22;SH24","highway":"primary","bridge":true}},{"type":"Feature","geometry":{"type":"LineString","coordinates":[[70.7367,22.63911],[70.73672,22.63898],[70.73675,22.6386],[70.73679,22.63828],[70.7368,22.63803],[70.7368,22.63765],[70.73677,22.63718],[70.73677,22.63689],[70.73678,22.63642],[70.73681,22.63591],[70.73683,22.63554],[70.73683,22.63552],[70.73682,22.63526],[70.73686,22.63478],[70.73685,22.63446],[70.73687,22.63432],[70.73686,22.63429],[70.73689,22.63385],[70.73689,22.63373],[70.7369,22.63359],[70.73691,22.63315],[70.73692,22.63286],[70.73692,22.63282],[70.73695,22.63252],[70.73741,22.63258],[70.73781,22.6326],[70.73782,22.63228],[70.73782,22.63224],[70.7378,22.63179],[70.7378,22.63162],[70.7378,22.63139],[70.73779,22.63127],[70.73781,22.6312],[70.73785,22.63115],[70.73796,22.63114],[70.73813,22.63106],[70.73823,22.63096],[70.73828,22.63076],[70.73834,22.63048],[70.73846,22.63012],[70.73849,22.63002],[70.73856,22.62975],[70.73859,22.62957],[70.73866,22.62932],[70.73875,22.62906],[70.7388,22.62881],[70.73894,22.62818],[70.73912,22.62777],[70.73919,22.62737],[70.73929,22.62708],[70.73944,22.6267],[70.73965,22.6262],[70.73975,22.6258],[70.73982,22.62553],[70.74001,22.62443],[70.7402,22.62364],[70.74036,22.62287],[70.74058,22.62186],[70.7408,22.62144],[70.74118,22.62079],[70.74163,22.62043],[70.74193,22.62011],[70.74248,22.6196],[70.74305,22.61916],[70.74354,22.61869],[70.74429,22.61808],[70.74458,22.61772],[70.74474,22.61726],[70.74494,22.61691],[70.74536,22.61649],[70.74607,22.61649],[70.74691,22.61656],[70.74738,22.61655],[70.74785,22.61604],[70.74842,22.61546],[70.74909,22.61487],[70.74964,22.6145],[70.75081,22.6135],[70.75089,22.61344]]},"properties":{"id":"osm:w1087650695","name":"Jabalpur Road","highway":"tertiary","bridge":false}},{"type":"Feature","geometry":{"type":"LineString","coordinates":[[70.7153,22.71051],[70.71499,22.71079],[70.7148,22.71109],[70.71448,22.71151],[70.71407,22.712],[70.71378,22.71224],[70.71344,22.71235],[70.713,22.71251],[70.71263,22.71288],[70.7122,22.71329],[70.71196,22.71349],[70.71149,22.71353],[70.71095,22.71358],[70.71056,22.71371],[70.71025,22.7138],[70.71002,22.71414],[70.70993,22.71442],[70.70972,22.71484],[70.70951,22.7154],[70.70933,22.71574],[70.70916,22.71613],[70.70916,22.71658],[70.70925,22.71735],[70.70924,22.71789],[70.70911,22.71847],[70.70894,22.71892],[70.70878,22.71924],[70.70869,22.71949],[70.70855,22.71994],[70.70827,22.72046],[70.70808,22.72086],[70.70786,22.72138],[70.70766,22.72182],[70.70757,22.72196]]},"properties":{"id":"osm:w1093365883","name":"Nana Rampar - Mahindrapur Road","highway":"secondary","bridge":false}},{"type":"Feature","geometry":{"type":"LineString","coordinates":[[70.70757,22.72196],[70.70747,22.72188],[70.70725,22.72171],[70.70694,22.7214],[70.70675,22.72129],[70.70658,22.72116],[70.70627,22.7209],[70.70612,22.72075],[70.70581,22.7205],[70.70538,22.72018],[70.70502,22.71987],[70.7048,22.71966],[70.70453,22.71933],[70.70425,22.71909],[70.70395,22.71881],[70.7037,22.7186],[70.70337,22.71835],[70.70295,22.71807],[70.70251,22.71774],[70.702,22.71739],[70.70161,22.71712],[70.7013,22.71688],[70.70089,22.71659],[70.70069,22.71638],[70.70058,22.71616],[70.7004,22.71584],[70.70022,22.71556],[70.70002,22.71521],[70.69983,22.71493],[70.69948,22.71433],[70.69927,22.71395],[70.6992,22.71393],[70.69911,22.7139],[70.69902,22.7139],[70.69893,22.71395],[70.69883,22.71405],[70.69874,22.71413],[70.69868,22.71418],[70.69856,22.71422],[70.69842,22.71427],[70.69824,22.7143],[70.69807,22.71432],[70.6978,22.71431],[70.69763,22.71424],[70.69741,22.71412],[70.69713,22.71398],[70.69689,22.71381],[70.69669,22.71366],[70.69654,22.7135],[70.69649,22.71341],[70.69631,22.71339],[70.69616,22.7134],[70.69592,22.71334],[70.69552,22.71327],[70.69538,22.71323],[70.69523,22.7134],[70.69517,22.71351],[70.69497,22.71387],[70.69488,22.71403],[70.6947,22.7144],[70.69456,22.71467],[70.69449,22.71486],[70.69445,22.715]]},"properties":{"id":"osm:w1093365884","name":"Umiyanagar - Mahendrapur Road","highway":"secondary","bridge":false}},{"type":"Feature","geometry":{"type":"LineString","coordinates":[[70.76952,22.76934],[70.76965,22.76878],[70.76985,22.76829],[70.77003,22.76765],[70.77031,22.76686],[70.77063,22.76598],[70.77093,22.76513],[70.77112,22.7647]]},"properties":{"id":"osm:w1093384589","name":"Rajpur Road","highway":"tertiary","bridge":false}},{"type":"Feature","geometry":{"type":"LineString","coordinates":[[70.74734,22.65138],[70.74752,22.65089],[70.74778,22.65024],[70.74794,22.64987]]},"properties":{"id":"osm:w1093384604","name":"Rajkot - Morbi Highway","highway":"primary","bridge":true}},{"type":"Feature","geometry":{"type":"LineString","coordinates":[[70.75081,22.6135],[70.75109,22.61409],[70.75141,22.6148],[70.75179,22.61555],[70.75205,22.61629],[70.75218,22.61679],[70.75222,22.61729],[70.75224,22.61788],[70.75225,22.61869],[70.75227,22.61938],[70.75227,22.62014],[70.7523,22.62111],[70.7523,22.62157],[70.75231,22.62238],[70.75232,22.62338],[70.75234,22.62418],[70.75232,22.6251],[70.75233,22.62589],[70.75236,22.62726],[70.75238,22.62815],[70.75244,22.62977],[70.75252,22.63098],[70.75256,22.63174],[70.75264,22.63214],[70.75275,22.63268],[70.75295,22.63327],[70.75312,22.63383],[70.7532,22.63434],[70.75324,22.6348],[70.75322,22.63513],[70.75318,22.63546],[70.75309,22.63605],[70.75299,22.63645],[70.75279,22.63732],[70.75273,22.63774],[70.7527,22.63782],[70.75258,22.63813],[70.75244,22.63851],[70.75223,22.63898],[70.75191,22.6394],[70.75166,22.63979],[70.75139,22.64017],[70.75122,22.64047],[70.75101,22.64091],[70.75089,22.64134],[70.75079,22.64188],[70.75067,22.64243],[70.75059,22.64279],[70.75038,22.6437],[70.75026,22.64423],[70.75015,22.64471],[70.74996,22.64521],[70.7498,22.64557],[70.74963,22.64598],[70.74948,22.64627],[70.74932,22.64664],[70.74926,22.64678],[70.74905,22.64722],[70.74881,22.64773],[70.74854,22.64831],[70.7484,22.64865]]},"properties":{"id":"osm:w1093384605","name":"Rajkot - Morbi Highway","highway":"primary","bridge":false}},{"type":"Feature","geometry":{"type":"LineString","coordinates":[[70.74632,22.65625],[70.74629,22.65643],[70.74628,22.65652],[70.74617,22.65713],[70.74607,22.65753],[70.74602,22.65807],[70.74602,22.65846],[70.74608,22.65892],[70.74612,22.65904],[70.74627,22.65942],[70.74641,22.65962],[70.74678,22.66013],[70.74702,22.66037],[70.74742,22.66075],[70.7478,22.66113],[70.74818,22.66149],[70.74843,22.66176],[70.74876,22.66205],[70.7492,22.6625],[70.74953,22.66281],[70.74981,22.66315],[70.75007,22.66349],[70.7502,22.66379],[70.75041,22.66429],[70.7505,22.66456],[70.7507,22.6652],[70.75081,22.66548],[70.7511,22.66636],[70.75159,22.66782],[70.75193,22.66886],[70.75251,22.67058],[70.75322,22.67269],[70.75395,22.67486],[70.75464,22.67682],[70.75491,22.6776],[70.75574,22.67997]]},"properties":{"id":"osm:w1093384608","name":"Rajkot - Morbi Highway","highway":"primary","bridge":false}},{"type":"Feature","geometry":{"type":"LineString","coordinates":[[70.75574,22.67997],[70.75594,22.68056]]},"properties":{"id":"osm:w1093384609","name":"Rajkot - Morbi Highway","highway":"primary","bridge":false}},{"type":"Feature","geometry":{"type":"LineString","coordinates":[[70.74641,22.65626],[70.74646,22.65604],[70.74651,22.6557],[70.74657,22.65528],[70.74666,22.65485],[70.74674,22.65442],[70.74681,22.65406]]},"properties":{"id":"osm:w1093384610","name":"","highway":"primary","bridge":true}},{"type":"Feature","geometry":{"type":"LineString","coordinates":[[70.7527,22.63782],[70.7528,22.63786]]},"properties":{"id":"osm:w1093385123","name":"","highway":"tertiary","bridge":false}},{"type":"Feature","geometry":{"type":"LineString","coordinates":[[70.74714,22.65171],[70.74712,22.65181],[70.74704,22.65226]]},"properties":{"id":"osm:w1093591269","name":"","highway":"primary","bridge":true}},{"type":"Feature","geometry":{"type":"LineString","coordinates":[[70.74885,22.65228],[70.7489,22.65216],[70.74899,22.65196],[70.74906,22.65178],[70.74916,22.65161],[70.74921,22.65146],[70.74924,22.65123],[70.74936,22.65095],[70.74943,22.65077],[70.74956,22.65046],[70.7497,22.65016],[70.74986,22.6498],[70.75,22.64945],[70.75015,22.6491],[70.75026,22.64885],[70.75039,22.64854],[70.75042,22.64831],[70.75052,22.64782],[70.75059,22.64749],[70.75067,22.6472],[70.75071,22.64698],[70.75072,22.64689],[70.75049,22.64687],[70.75013,22.64678],[70.74982,22.64674],[70.74969,22.64668],[70.74946,22.64663]]},"properties":{"id":"osm:w1093591271","name":"","highway":"tertiary","bridge":false}},{"type":"Feature","geometry":{"type":"LineString","coordinates":[[70.7488,22.65259],[70.7488,22.65267],[70.74892,22.65273],[70.74906,22.65275],[70.74915,22.65278],[70.74924,22.65279],[70.74937,22.6528],[70.74943,22.65282]]},"properties":{"id":"osm:w1093591272","name":"","highway":"tertiary","bridge":false}},{"type":"Feature","geometry":{"type":"LineString","coordinates":[[70.7484,22.64865],[70.74817,22.64917],[70.74786,22.64984],[70.74762,22.65042],[70.7474,22.65096],[70.74726,22.65132],[70.74714,22.65171]]},"properties":{"id":"osm:w1096345288","name":"Rajkot - Morbi Highway","highway":"primary","bridge":true}},{"type":"Feature","geometry":{"type":"LineString","coordinates":[[70.74794,22.64987],[70.74849,22.64867]]},"properties":{"id":"osm:w1096345289","name":"SH24","highway":"primary","bridge":true}},{"type":"Feature","geometry":{"type":"LineString","coordinates":[[70.74635,22.65651],[70.74641,22.65626]]},"properties":{"id":"osm:w1096345290","name":"Rajkot - Morbi Highway","highway":"primary","bridge":false}},{"type":"Feature","geometry":{"type":"LineString","coordinates":[[70.74672,22.65405],[70.74668,22.65428],[70.74657,22.65488],[70.74649,22.65526],[70.74638,22.6559],[70.74634,22.65616],[70.74632,22.65625]]},"properties":{"id":"osm:w1096345291","name":"","highway":"primary","bridge":true}},{"type":"Feature","geometry":{"type":"LineString","coordinates":[[70.74845,22.65229],[70.74839,22.65233],[70.74837,22.65235],[70.74837,22.65239],[70.74838,22.65241]]},"properties":{"id":"osm:w1096345292","name":"","highway":"secondary","bridge":false}},{"type":"Feature","geometry":{"type":"LineString","coordinates":[[70.74699,22.65177],[70.74711,22.65183],[70.74721,22.65188]]},"properties":{"id":"osm:w1096345296","name":"Dhrol - Tankara State Highway","highway":"primary","bridge":false}},{"type":"Feature","geometry":{"type":"LineString","coordinates":[[70.74723,22.65174],[70.74714,22.65169],[70.74702,22.65164]]},"properties":{"id":"osm:w1096345297","name":"Dhrol - Tankara State Highway","highway":"primary","bridge":false}},{"type":"Feature","geometry":{"type":"LineString","coordinates":[[70.74869,22.6547],[70.74853,22.65469],[70.74834,22.65472],[70.74809,22.65476],[70.74782,22.6548],[70.7476,22.65483],[70.74749,22.65486],[70.74738,22.65488],[70.74717,22.65487],[70.74711,22.65484],[70.7471,22.65473],[70.74707,22.65453],[70.74703,22.65432],[70.74701,22.65419],[70.74698,22.65409],[70.74695,22.65403],[70.74689,22.65401],[70.74663,22.65396]]},"properties":{"id":"osm:w1096345302","name":"Tankara Road","highway":"secondary","bridge":false}},{"type":"Feature","geometry":{"type":"LineString","coordinates":[[70.74681,22.65406],[70.74682,22.65397],[70.74691,22.65343],[70.74697,22.65307],[70.74709,22.65245],[70.74717,22.65205],[70.7472,22.65189]]},"properties":{"id":"osm:w1096345304","name":"Rajkot - Morbi Highway","highway":"primary","bridge":true}},{"type":"Feature","geometry":{"type":"LineString","coordinates":[[70.74704,22.65226],[70.74695,22.65273],[70.74685,22.65323],[70.74674,22.65386],[70.74672,22.65405]]},"properties":{"id":"osm:w1096345305","name":"Rajkot - Morbi Highway","highway":"primary","bridge":true}},{"type":"Feature","geometry":{"type":"LineString","coordinates":[[70.74932,22.64664],[70.74789,22.64644],[70.74633,22.64622],[70.74545,22.64607],[70.74532,22.64639],[70.74483,22.6463],[70.74459,22.64623],[70.7443,22.64671],[70.74392,22.64756],[70.74386,22.64785],[70.74383,22.64834],[70.74369,22.64867],[70.74367,22.64872],[70.74358,22.64937],[70.74344,22.64988]]},"properties":{"id":"osm:w1096345316","name":"","highway":"secondary","bridge":false}},{"type":"Feature","geometry":{"type":"LineString","coordinates":[[70.74702,22.65164],[70.74693,22.65161],[70.7467,22.65152],[70.74602,22.65121],[70.746,22.6512],[70.74578,22.6511],[70.74536,22.6509],[70.74465,22.65056],[70.74419,22.65035],[70.74399,22.65023],[70.74349,22.64992],[70.74344,22.64988],[70.74339,22.64985]]},"properties":{"id":"osm:w1096345318","name":"Dhrol - Tankara State Highway SH-22","highway":"primary","bridge":false}},{"type":"Feature","geometry":{"type":"LineString","coordinates":[[70.74336,22.64993],[70.74399,22.65031],[70.74412,22.6504],[70.74429,22.65047],[70.74459,22.65063],[70.74498,22.65081],[70.74534,22.65098],[70.74575,22.65115],[70.74598,22.65125],[70.74633,22.65142],[70.74639,22.65145],[70.74668,22.65158],[70.74675,22.65162],[70.74699,22.65177]]},"properties":{"id":"osm:w1096345319","name":"Dhrol - Tankara State Highway SH-22","highway":"primary","bridge":false}},{"type":"Feature","geometry":{"type":"LineString","coordinates":[[70.74243,22.6494],[70.74289,22.64967],[70.74336,22.64993]]},"properties":{"id":"osm:w1096345320","name":"Dhrol - Tankara State Highway SH-22","highway":"primary","bridge":true}},{"type":"Feature","geometry":{"type":"LineString","coordinates":[[70.74339,22.64985],[70.74295,22.64958],[70.74247,22.6493]]},"properties":{"id":"osm:w1096345321","name":"Dhrol - Tankara State Highway SH-22","highway":"primary","bridge":true}},{"type":"Feature","geometry":{"type":"LineString","coordinates":[[70.71043,22.80347],[70.71004,22.80346],[70.70977,22.80346],[70.70953,22.80347],[70.70924,22.80358],[70.7088,22.80376],[70.70831,22.80387],[70.70763,22.80406],[70.70656,22.80441],[70.70547,22.80474],[70.70512,22.80478],[70.70392,22.80488],[70.70242,22.805],[70.70203,22.80507],[70.70138,22.80506],[70.70015,22.80515],[70.69922,22.80523],[70.69786,22.80536],[70.69712,22.80541],[70.69614,22.80548],[70.69512,22.80553],[70.69428,22.8056],[70.6937,22.80569],[70.6932,22.80572],[70.6928,22.80577],[70.6923,22.80591],[70.69178,22.80595],[70.69091,22.80599],[70.69034,22.80598],[70.68996,22.80602],[70.68965,22.80608],[70.68936,22.80617],[70.68883,22.80627],[70.68843,22.80641],[70.68818,22.80648],[70.68767,22.80653],[70.68712,22.8067],[70.68683,22.8068],[70.68654,22.80692],[70.68572,22.80703],[70.68477,22.80714],[70.68379,22.80725],[70.68303,22.80731],[70.68278,22.80737],[70.68226,22.80764],[70.68135,22.80809],[70.6803,22.80856],[70.67969,22.8087]]},"properties":{"id":"osm:w1097760534","name":"Fatsar To Moti Vavdi To Amrapar - Nagalapar Road","highway":"secondary","bridge":false}},{"type":"Feature","geometry":{"type":"LineString","coordinates":[[70.74363,22.65897],[70.74286,22.65852],[70.74229,22.65764],[70.74195,22.65679]]},"properties":{"id":"osm:w1101890662","name":"","highway":"tertiary","bridge":false}},{"type":"Feature","geometry":{"type":"LineString","coordinates":[[70.85649,22.8431],[70.85644,22.84309],[70.85451,22.84309],[70.85246,22.84308],[70.85205,22.84304],[70.85193,22.84304]]},"properties":{"id":"osm:w1108793656","name":"","highway":"primary","bridge":false}},{"type":"Feature","geometry":{"type":"LineString","coordinates":[[70.85396,22.8377],[70.85437,22.83853],[70.85535,22.8403],[70.85595,22.84183],[70.85649,22.8431]]},"properties":{"id":"osm:w1108793657","name":"SH22","highway":"primary","bridge":false}},{"type":"Feature","geometry":{"type":"LineString","coordinates":[[70.83266,22.81973],[70.83199,22.81974],[70.83182,22.81974],[70.83153,22.81975],[70.8311,22.81975],[70.8307,22.81976],[70.83041,22.81976],[70.83022,22.81976],[70.83001,22.81977],[70.82996,22.81976],[70.82941,22.81976]]},"properties":{"id":"osm:w1108793659","name":"","highway":"tertiary","bridge":false}},{"type":"Feature","geometry":{"type":"LineString","coordinates":[[70.81032,22.82578],[70.80943,22.82593],[70.80892,22.82604],[70.80828,22.82617],[70.80812,22.8262],[70.8077,22.82629]]},"properties":{"id":"osm:w1108793660","name":"SH314","highway":"primary","bridge":false}},{"type":"Feature","geometry":{"type":"LineString","coordinates":[[70.8379,22.82295],[70.83784,22.82296],[70.83778,22.82297],[70.83613,22.82279],[70.83582,22.82273],[70.83557,22.82266],[70.83534,22.82241],[70.83513,22.82213],[70.83502,22.82184],[70.83491,22.82162],[70.835,22.82154],[70.83515,22.82122],[70.8353,22.82089],[70.83529,22.82084],[70.83379,22.81971]]},"properties":{"id":"osm:w1108793671","name":"SH22","highway":"primary","bridge":false}},{"type":"Feature","geometry":{"type":"LineString","coordinates":[[70.83854,22.82255],[70.84105,22.82287]]},"properties":{"id":"osm:w1108793686","name":"","highway":"tertiary","bridge":true}},{"type":"Feature","geometry":{"type":"LineString","coordinates":[[70.8353,22.82089],[70.83606,22.82134],[70.83657,22.82135],[70.83669,22.82138],[70.83719,22.82163],[70.83731,22.82164],[70.83776,22.82171],[70.83784,22.82177],[70.83786,22.82181],[70.83804,22.82219],[70.83812,22.82232],[70.83835,22.82248],[70.83854,22.82255]]},"properties":{"id":"osm:w1108793687","name":"","highway":"tertiary","bridge":false}},{"type":"Feature","geometry":{"type":"LineString","coordinates":[[70.83823,22.82228],[70.83813,22.82261]]},"properties":{"id":"osm:w1108793688","name":"","highway":"tertiary","bridge":true}},{"type":"Feature","geometry":{"type":"LineString","coordinates":[[70.83813,22.82261],[70.83805,22.82287]]},"properties":{"id":"osm:w1108793689","name":"","highway":"tertiary","bridge":false}},{"type":"Feature","geometry":{"type":"LineString","coordinates":[[70.84465,22.82404],[70.8444,22.82397],[70.84385,22.82389],[70.84324,22.82384],[70.84301,22.82378],[70.84293,22.8237],[70.84294,22.82356],[70.84302,22.82339],[70.84307,22.82329]]},"properties":{"id":"osm:w1108793690","name":"","highway":"tertiary","bridge":false}},{"type":"Feature","geometry":{"type":"LineString","coordinates":[[70.912,22.81746],[70.91176,22.81731],[70.9109,22.81676],[70.91011,22.81639],[70.91,22.81638],[70.90974,22.81635],[70.90911,22.81634],[70.90727,22.81635],[70.90679,22.81634],[70.90471,22.81631],[70.90284,22.81636],[70.90224,22.81636],[70.90186,22.8163],[70.90132,22.81623],[70.90073,22.81616],[70.89977,22.81604],[70.89858,22.81601],[70.89759,22.81606],[70.89515,22.81603],[70.89268,22.81606],[70.89133,22.8161],[70.89083,22.81626],[70.89034,22.8166],[70.88995,22.81701],[70.88964,22.8176],[70.88941,22.81814]]},"properties":{"id":"osm:w1108793705","name":"","highway":"tertiary","bridge":false}},{"type":"Feature","geometry":{"type":"LineString","coordinates":[[70.99502,22.73353],[70.99508,22.73382]]},"properties":{"id":"osm:w1108793736","name":"","highway":"tertiary","bridge":false}},{"type":"Feature","geometry":{"type":"LineString","coordinates":[[70.71039,22.7803],[70.70702,22.78054],[70.70544,22.78075],[70.70142,22.78127],[70.69886,22.78152],[70.69557,22.78367],[70.69436,22.78458],[70.6927,22.78732],[70.69086,22.78852],[70.6898,22.78905],[70.68909,22.79035],[70.68853,22.79059],[70.68798,22.79077],[70.68552,22.79058]]},"properties":{"id":"osm:w1110016587","name":"Thorala To Gulab Nagar Road","highway":"tertiary","bridge":false}},{"type":"Feature","geometry":{"type":"LineString","coordinates":[[70.71368,22.62294],[70.71389,22.62317],[70.71522,22.6248],[70.71696,22.62691],[70.71838,22.6286],[70.71891,22.62923],[70.71912,22.62941],[70.71948,22.62973],[70.72007,22.63025],[70.721,22.63105],[70.7213,22.63138],[70.72224,22.63266],[70.72287,22.63347],[70.72342,22.63401],[70.7252,22.63543],[70.72688,22.63685],[70.72875,22.63857],[70.72929,22.63907],[70.72934,22.6391],[70.73111,22.64029],[70.73191,22.64078],[70.73461,22.64212],[70.7354,22.64253]]},"properties":{"id":"osm:w1111109458","name":"Dhrol - Tankara State Highway SH-22","highway":"primary","bridge":false}},{"type":"Feature","geometry":{"type":"LineString","coordinates":[[70.71346,22.62271],[70.71368,22.62294]]},"properties":{"id":"osm:w1111109459","name":"Dhrol - Tankara State Highway SH-22","highway":"primary","bridge":true}},{"type":"Feature","geometry":{"type":"LineString","coordinates":[[70.73781,22.6326],[70.73782,22.63277],[70.73783,22.63291],[70.73784,22.63327],[70.73787,22.63382],[70.73788,22.63431],[70.73775,22.63448],[70.73751,22.63449],[70.73729,22.63485],[70.73703,22.6353],[70.73683,22.63552]]},"properties":{"id":"osm:w1111109463","name":"Jabalpur Road","highway":"tertiary","bridge":false}},{"type":"Feature","geometry":{"type":"LineString","coordinates":[[70.7378,22.63139],[70.73757,22.63155],[70.73736,22.63176],[70.73718,22.63203],[70.73705,22.63228],[70.737,22.63237],[70.73695,22.63252]]},"properties":{"id":"osm:w1111109471","name":"","highway":"tertiary","bridge":false}},{"type":"Feature","geometry":{"type":"LineString","coordinates":[[70.73705,22.63228],[70.73782,22.63224],[70.73823,22.63223],[70.73825,22.63177],[70.73825,22.6316],[70.73823,22.63108],[70.73823,22.63096]]},"properties":{"id":"osm:w1111109472","name":"","highway":"tertiary","bridge":false}},{"type":"Feature","geometry":{"type":"LineString","coordinates":[[70.7375,22.64358],[70.73749,22.64347],[70.73748,22.64323],[70.73746,22.643],[70.73741,22.64282],[70.73731,22.64217],[70.73724,22.64189],[70.73719,22.64171],[70.73709,22.64131],[70.73698,22.64092],[70.73687,22.64061],[70.73676,22.64037],[70.73668,22.64005],[70.7366,22.63953]]},"properties":{"id":"osm:w1111109478","name":"Jabalpur Road","highway":"tertiary","bridge":false}},{"type":"Feature","geometry":{"type":"LineString","coordinates":[[70.7366,22.63953],[70.7367,22.63911]]},"properties":{"id":"osm:w1111109479","name":"Jabalpur Road","highway":"tertiary","bridge":true}},{"type":"Feature","geometry":{"type":"LineString","coordinates":[[70.81433,22.7995],[70.81483,22.80008],[70.81536,22.80063],[70.81615,22.80145],[70.81636,22.80155]]},"properties":{"id":"osm:w1214268114","name":"SH22","highway":"primary","bridge":false}},{"type":"Feature","geometry":{"type":"LineString","coordinates":[[70.8125,22.79726],[70.81238,22.79706],[70.81176,22.79636],[70.81112,22.79561],[70.81088,22.79533],[70.81074,22.7952]]},"properties":{"id":"osm:w1214268115","name":"SH22","highway":"primary","bridge":false}},{"type":"Feature","geometry":{"type":"LineString","coordinates":[[70.81636,22.80155],[70.81627,22.80142],[70.8162,22.80134],[70.81557,22.80072],[70.81507,22.80021],[70.81478,22.79991],[70.81439,22.79944]]},"properties":{"id":"osm:w1214268116","name":"","highway":"primary","bridge":false}},{"type":"Feature","geometry":{"type":"LineString","coordinates":[[70.81315,22.79807],[70.8132,22.79818],[70.8137,22.79876],[70.81415,22.79928],[70.81433,22.7995]]},"properties":{"id":"osm:w1214268118","name":"SH22","highway":"primary","bridge":false}},{"type":"Feature","geometry":{"type":"LineString","coordinates":[[70.81439,22.79944],[70.8143,22.79934],[70.81422,22.79924],[70.81381,22.79877],[70.81326,22.79812],[70.81315,22.79807]]},"properties":{"id":"osm:w1214268119","name":"","highway":"primary","bridge":false}},{"type":"Feature","geometry":{"type":"LineString","coordinates":[[70.83059,22.81138],[70.83076,22.81181],[70.83087,22.81211],[70.83119,22.81292],[70.83125,22.81309],[70.83142,22.81351],[70.83156,22.81388],[70.83166,22.81411],[70.83168,22.81418],[70.83196,22.81491],[70.83211,22.81539],[70.83211,22.81559]]},"properties":{"id":"osm:w1215007501","name":"","highway":"secondary","bridge":false}},{"type":"Feature","geometry":{"type":"LineString","coordinates":[[70.84863,22.82508],[70.8487,22.82519],[70.84875,22.82523],[70.84885,22.82527],[70.84892,22.82529],[70.84897,22.82529],[70.84905,22.82528],[70.84907,22.82527],[70.8491,22.82527],[70.84915,22.82523]]},"properties":{"id":"osm:w1216987388","name":"","highway":"secondary","bridge":false}},{"type":"Feature","geometry":{"type":"LineString","coordinates":[[70.84915,22.82523],[70.84917,22.82518],[70.84916,22.82513],[70.84914,22.82508],[70.8491,22.82505],[70.84904,22.82502],[70.84891,22.82498],[70.8488,22.82497],[70.84872,22.825],[70.84867,22.82504],[70.84863,22.82508]]},"properties":{"id":"osm:w1216987389","name":"","highway":"secondary","bridge":false}},{"type":"Feature","geometry":{"type":"LineString","coordinates":[[70.83211,22.81559],[70.8318,22.81529],[70.83083,22.81442],[70.83058,22.81421],[70.83031,22.81398],[70.82981,22.81354],[70.82945,22.81323],[70.8291,22.81293],[70.82866,22.81261]]},"properties":{"id":"osm:w1220176593","name":"SH22","highway":"primary","bridge":false}},{"type":"Feature","geometry":{"type":"LineString","coordinates":[[70.83379,22.81971],[70.8334,22.8194],[70.83319,22.81909],[70.83316,22.81816],[70.83314,22.81746],[70.83311,22.81657],[70.83305,22.81643],[70.83295,22.81633],[70.83211,22.81559]]},"properties":{"id":"osm:w1220176594","name":"SH22","highway":"primary","bridge":false}},{"type":"Feature","geometry":{"type":"LineString","coordinates":[[70.93171,22.82457],[70.93133,22.82458],[70.93065,22.82464],[70.93007,22.82478],[70.92952,22.82484],[70.92915,22.82482],[70.92884,22.82469],[70.92792,22.82431],[70.9271,22.82396],[70.92674,22.82367],[70.92624,22.823],[70.92576,22.82232],[70.92555,22.82179],[70.92542,22.82151],[70.92524,22.82135],[70.92477,22.82125],[70.92393,22.82086],[70.92353,22.82063],[70.92346,22.82043]]},"properties":{"id":"osm:w1224773588","name":"","highway":"tertiary","bridge":false}},{"type":"Feature","geometry":{"type":"LineString","coordinates":[[70.92346,22.82043],[70.92355,22.82005]]},"properties":{"id":"osm:w1224773589","name":"","highway":"tertiary","bridge":true}},{"type":"Feature","geometry":{"type":"LineString","coordinates":[[70.89678,22.84223],[70.89694,22.8423],[70.89719,22.84234],[70.89753,22.84241],[70.89802,22.84259],[70.89835,22.8427],[70.89922,22.84302],[70.89981,22.84324],[70.90021,22.84338],[70.90187,22.84399],[70.90216,22.84409],[70.90245,22.84419],[70.90265,22.84424],[70.90286,22.84427],[70.90302,22.84427],[70.90373,22.8442],[70.90449,22.84414],[70.9046,22.84409]]},"properties":{"id":"osm:w1225355585","name":"","highway":"primary","bridge":false}},{"type":"Feature","geometry":{"type":"LineString","coordinates":[[70.89678,22.84223],[70.89669,22.84224],[70.89653,22.84225],[70.89602,22.84236],[70.89593,22.84238],[70.89564,22.84249],[70.89467,22.84283],[70.89422,22.84301],[70.89367,22.84323],[70.89066,22.84442],[70.88939,22.84493],[70.88849,22.84529],[70.88767,22.84541],[70.88723,22.84547],[70.88422,22.84587],[70.88229,22.84618],[70.88004,22.84593],[70.87808,22.84568],[70.87672,22.84533],[70.87311,22.84415],[70.87089,22.8435],[70.87009,22.84342],[70.86742,22.84337],[70.86406,22.84328],[70.86049,22.8432],[70.85649,22.8431]]},"properties":{"id":"osm:w1225355586","name":"SH22","highway":"primary","bridge":false}},{"type":"Feature","geometry":{"type":"LineString","coordinates":[[70.9046,22.84409],[70.90449,22.84406],[70.90375,22.84412],[70.90299,22.84418],[70.90287,22.84419],[70.90266,22.84415],[70.90248,22.84409],[70.90219,22.844],[70.90192,22.84391],[70.90167,22.84382],[70.9014,22.84372],[70.90115,22.84363],[70.90088,22.84352],[70.9005,22.84339],[70.89981,22.84314],[70.89758,22.84234],[70.89722,22.84225],[70.89696,22.84222],[70.89678,22.84223]]},"properties":{"id":"osm:w1225355587","name":"SH22","highway":"primary","bridge":false}},{"type":"Feature","geometry":{"type":"LineString","coordinates":[[70.92193,22.62573],[70.92177,22.62632],[70.92162,22.62691],[70.92127,22.62847],[70.92119,22.62872],[70.92109,22.62881],[70.92092,22.62883],[70.92085,22.62884],[70.9207,22.62886],[70.92051,22.62888],[70.92045,22.6289],[70.92014,22.629],[70.91973,22.6292],[70.91913,22.62948],[70.91865,22.62966],[70.91842,22.62982],[70.91818,22.6302],[70.91807,22.63039],[70.91727,22.63131],[70.91697,22.63162],[70.91655,22.63195]]},"properties":{"id":"osm:w1253178261","name":"","highway":"tertiary","bridge":false}},{"type":"Feature","geometry":{"type":"LineString","coordinates":[[70.91655,22.63195],[70.91453,22.63319]]},"properties":{"id":"osm:w1253178262","name":"","highway":"tertiary","bridge":true}},{"type":"Feature","geometry":{"type":"LineString","coordinates":[[70.96036,22.62244],[70.96046,22.62264],[70.96049,22.62268],[70.96065,22.62292],[70.96072,22.62297],[70.96087,22.62306],[70.96095,22.62313],[70.961,22.62317],[70.96102,22.62321],[70.96121,22.62345],[70.96125,22.6236],[70.96125,22.62376],[70.9612,22.62392],[70.96109,22.62406],[70.96107,22.62413],[70.96111,22.62418],[70.96117,22.62421],[70.96129,22.62426]]},"properties":{"id":"osm:w1253254597","name":"","highway":"tertiary","bridge":false}},{"type":"Feature","geometry":{"type":"LineString","coordinates":[[70.95709,22.6284],[70.95704,22.62842],[70.95686,22.6284]]},"properties":{"id":"osm:w1253884005","name":"Wakaner To Lajai Highway","highway":"tertiary","bridge":false}},{"type":"Feature","geometry":{"type":"LineString","coordinates":[[70.75522,22.95811],[70.75503,22.95807],[70.74615,22.95547],[70.73253,22.95154],[70.72434,22.94911],[70.70871,22.94441],[70.70057,22.94192],[70.69902,22.94142],[70.69748,22.94067],[70.69596,22.93977],[70.69392,22.93818],[70.69166,22.93634],[70.68398,22.92995],[70.68113,22.92767]]},"properties":{"id":"osm:w1263049527","name":"","highway":"tertiary","bridge":false}},{"type":"Feature","geometry":{"type":"LineString","coordinates":[[70.75789,22.68451],[70.7569,22.68263],[70.75638,22.68152],[70.7562,22.68102],[70.7562,22.68101],[70.75603,22.68053]]},"properties":{"id":"osm:w1271752611","name":"Rajkot - Morbi Highway","highway":"primary","bridge":false}},{"type":"Feature","geometry":{"type":"LineString","coordinates":[[70.75843,22.68589],[70.75893,22.6869],[70.75976,22.6886],[70.76032,22.68966],[70.76106,22.69104],[70.76113,22.69117],[70.76178,22.69243],[70.76253,22.6938],[70.76343,22.69509],[70.76385,22.69566],[70.76475,22.69689],[70.76577,22.69829],[70.76637,22.69912],[70.76678,22.69981],[70.76713,22.70027]]},"properties":{"id":"osm:w1271752613","name":"Rajkot - Morbi Highway","highway":"primary","bridge":false}},{"type":"Feature","geometry":{"type":"LineString","coordinates":[[70.75594,22.68056],[70.75611,22.68105],[70.75624,22.68143],[70.75652,22.68208],[70.75683,22.68271],[70.75744,22.68393],[70.75776,22.68456]]},"properties":{"id":"osm:w1271752614","name":"Rajkot - Morbi Highway","highway":"primary","bridge":false}},{"type":"Feature","geometry":{"type":"LineString","coordinates":[[70.75776,22.68456],[70.75843,22.68589]]},"properties":{"id":"osm:w1271752615","name":"Rajkot - Morbi Highway","highway":"primary","bridge":true}},{"type":"Feature","geometry":{"type":"LineString","coordinates":[[70.85129,22.82572],[70.85078,22.82556],[70.85045,22.82546],[70.84983,22.82528],[70.84926,22.82512],[70.84914,22.82508]]},"properties":{"id":"osm:w1289049979","name":"","highway":"secondary","bridge":false}},{"type":"Feature","geometry":{"type":"LineString","coordinates":[[70.84917,22.82518],[70.84923,22.8252],[70.8498,22.82537],[70.85027,22.82551],[70.85074,22.82566],[70.85124,22.82582],[70.85189,22.82604],[70.85294,22.82637],[70.85347,22.82653],[70.85393,22.82665],[70.85492,22.8269],[70.85545,22.82704],[70.85664,22.82734],[70.85688,22.82735]]},"properties":{"id":"osm:w1289049981","name":"","highway":"secondary","bridge":false}},{"type":"Feature","geometry":{"type":"LineString","coordinates":[[70.85688,22.82735],[70.8567,22.82726],[70.85546,22.82696],[70.85404,22.82659],[70.85396,22.82656],[70.85308,22.82632],[70.85293,22.82627],[70.85194,22.82594],[70.85193,22.82593],[70.85129,22.82572]]},"properties":{"id":"osm:w1289049982","name":"","highway":"secondary","bridge":false}},{"type":"Feature","geometry":{"type":"LineString","coordinates":[[70.82567,22.85986],[70.82636,22.86052],[70.82689,22.86107],[70.82736,22.86158],[70.82776,22.86202],[70.82879,22.86321],[70.83054,22.86519],[70.83182,22.86664],[70.83209,22.86694],[70.83216,22.86703],[70.83285,22.8678],[70.83325,22.86826],[70.83385,22.86893],[70.83445,22.86961],[70.83451,22.86968],[70.83485,22.87006],[70.83503,22.87027],[70.83553,22.87084],[70.83604,22.87142],[70.83653,22.87197],[70.83655,22.87199],[70.83716,22.87269],[70.8373,22.87286],[70.83776,22.87339],[70.83788,22.87351],[70.83839,22.87407],[70.83895,22.87473],[70.83951,22.87535],[70.84016,22.87612],[70.84075,22.87678],[70.84131,22.87743],[70.84144,22.87747]]},"properties":{"id":"osm:w1291280294","name":"Morbi Bypass","highway":"primary","bridge":false}},{"type":"Feature","geometry":{"type":"LineString","coordinates":[[70.84144,22.87747],[70.84151,22.87754],[70.84195,22.87783]]},"properties":{"id":"osm:w1291280295","name":"Morbi Bypass","highway":"primary","bridge":false}},{"type":"Feature","geometry":{"type":"LineString","coordinates":[[70.81022,22.83971],[70.81028,22.83989],[70.81055,22.84069],[70.8108,22.84127],[70.81087,22.84144],[70.81113,22.84196],[70.81153,22.84272],[70.81201,22.84353],[70.81275,22.84472],[70.81351,22.84577],[70.81372,22.84605],[70.81455,22.84702],[70.81534,22.84793],[70.81588,22.84854],[70.81638,22.84912],[70.81747,22.85035],[70.8182,22.85119],[70.81927,22.85241],[70.82033,22.85361],[70.82121,22.85461],[70.822,22.85556],[70.82227,22.85588],[70.82252,22.85617],[70.8229,22.85662],[70.82331,22.85715]]},"properties":{"id":"osm:w1291280304","name":"Morbi Bypass","highway":"primary","bridge":false}},{"type":"Feature","geometry":{"type":"LineString","coordinates":[[70.82331,22.85715],[70.82382,22.85775],[70.82494,22.859],[70.82567,22.85986]]},"properties":{"id":"osm:w1291280305","name":"Morbi Bypass","highway":"primary","bridge":true}},{"type":"Feature","geometry":{"type":"LineString","coordinates":[[70.82338,22.85708],[70.82259,22.85611],[70.8224,22.85588],[70.82069,22.85385],[70.81892,22.85183],[70.81717,22.84983],[70.81597,22.84846],[70.81541,22.84782]]},"properties":{"id":"osm:w1291280307","name":"Morbi Bypass","highway":"primary","bridge":false}},{"type":"Feature","geometry":{"type":"LineString","coordinates":[[70.83524,22.82471],[70.83499,22.82471],[70.8348,22.82466],[70.83395,22.82433],[70.83388,22.82433],[70.83377,22.82449],[70.83311,22.82562],[70.83303,22.82565],[70.83214,22.82612],[70.83187,22.82627],[70.83144,22.82649],[70.83131,22.82657],[70.83117,22.82665],[70.83108,22.82668],[70.831,22.82673],[70.83064,22.82691],[70.83041,22.82704],[70.82998,22.82724],[70.82993,22.82729],[70.8298,22.82731],[70.82972,22.82731],[70.82966,22.82735],[70.82953,22.82746],[70.82929,22.82777],[70.82833,22.82912],[70.8274,22.83017],[70.8271,22.83051],[70.82706,22.83054],[70.82657,22.83106],[70.82614,22.83162],[70.82563,22.83234],[70.82515,22.83328],[70.82499,22.83355],[70.8246,22.83421],[70.82338,22.83621],[70.82295,22.83673],[70.82275,22.83695],[70.82162,22.8381],[70.8211,22.83867],[70.82068,22.83916],[70.82016,22.83982],[70.81998,22.84008],[70.81965,22.84049],[70.81938,22.84089],[70.81765,22.84434],[70.8172,22.84511],[70.81699,22.84533],[70.81657,22.84601],[70.81591,22.84713],[70.81541,22.84782]]},"properties":{"id":"osm:w1291280308","name":"","highway":"tertiary","bridge":false}},{"type":"Feature","geometry":{"type":"LineString","coordinates":[[70.81016,22.83405],[70.80958,22.83431],[70.80457,22.83654]]},"properties":{"id":"osm:w1291295145","name":"SH24","highway":"primary","bridge":false}},{"type":"Feature","geometry":{"type":"LineString","coordinates":[[70.81032,22.82915],[70.81024,22.82941],[70.81024,22.82995],[70.81024,22.8305],[70.81025,22.83108],[70.81026,22.8317],[70.81027,22.83243],[70.81029,22.83301],[70.81028,22.83345],[70.81029,22.83369],[70.81034,22.83373],[70.81041,22.83374],[70.81052,22.83373],[70.81054,22.8337],[70.81053,22.83256],[70.8105,22.8317],[70.8105,22.83097],[70.81051,22.83013],[70.8105,22.82935],[70.81041,22.82915]]},"properties":{"id":"osm:w1291295146","name":"","highway":"tertiary","bridge":false}},{"type":"Feature","geometry":{"type":"LineString","coordinates":[[70.81005,22.8361],[70.80995,22.83669],[70.80991,22.83711],[70.80991,22.83752],[70.80994,22.83829],[70.80999,22.83869],[70.81006,22.83909],[70.81022,22.83971]]},"properties":{"id":"osm:w1291295147","name":"","highway":"primary","bridge":false}},{"type":"Feature","geometry":{"type":"LineString","coordinates":[[70.81541,22.84782],[70.81421,22.84647],[70.81383,22.84601],[70.81269,22.84442],[70.81176,22.84292],[70.81092,22.84126],[70.8109,22.84123],[70.81086,22.84111],[70.81072,22.84081],[70.81036,22.83985],[70.81035,22.8398],[70.81019,22.83926]]},"properties":{"id":"osm:w1291295148","name":"Morbi Bypass","highway":"primary","bridge":false}},{"type":"Feature","geometry":{"type":"LineString","coordinates":[[70.81019,22.83926],[70.81015,22.83912],[70.81005,22.83843],[70.81002,22.83802],[70.81,22.83747],[70.81002,22.83691],[70.81049,22.83428],[70.8105,22.83414]]},"properties":{"id":"osm:w1291295149","name":"Morbi Bypass","highway":"primary","bridge":false}},{"type":"Feature","geometry":{"type":"LineString","coordinates":[[70.8105,22.83414],[70.8105,22.83369]]},"properties":{"id":"osm:w1291295150","name":"Morbi Bypass","highway":"primary","bridge":true}},{"type":"Feature","geometry":{"type":"LineString","coordinates":[[70.81039,22.83416],[70.81039,22.83429],[70.81024,22.83514],[70.81005,22.8361]]},"properties":{"id":"osm:w1291295151","name":"Morbi Bypass","highway":"primary","bridge":false}},{"type":"Feature","geometry":{"type":"LineString","coordinates":[[70.81038,22.83369],[70.81039,22.83416]]},"properties":{"id":"osm:w1291295152","name":"Morbi Bypass","highway":"primary","bridge":true}},{"type":"Feature","geometry":{"type":"LineString","coordinates":[[70.81032,22.82938],[70.81037,22.83298],[70.81038,22.83369]]},"properties":{"id":"osm:w1291295153","name":"Morbi Bypass","highway":"primary","bridge":false}},{"type":"Feature","geometry":{"type":"LineString","coordinates":[[70.80842,22.7927],[70.80838,22.79266],[70.80819,22.79244],[70.80809,22.79233],[70.808,22.79222],[70.80778,22.79196],[70.80722,22.79126],[70.80666,22.79058],[70.80599,22.78969],[70.80545,22.78899],[70.805,22.78844],[70.80467,22.78798],[70.80429,22.78735],[70.80409,22.78699],[70.80403,22.78688],[70.80389,22.78652],[70.8037,22.786],[70.80334,22.78481],[70.80324,22.78446],[70.80292,22.78339],[70.80284,22.78305],[70.8028,22.78295],[70.80256,22.78215],[70.80224,22.78108],[70.80188,22.77984],[70.80184,22.77973],[70.80177,22.77952],[70.8013,22.77791],[70.80118,22.77752],[70.80058,22.77545],[70.80027,22.77436],[70.79998,22.77331],[70.79962,22.77212],[70.79957,22.77186],[70.79944,22.77099],[70.79934,22.77026],[70.79931,22.77009],[70.79913,22.76906],[70.79901,22.76822],[70.79886,22.76717],[70.79872,22.7663],[70.79856,22.76522],[70.7983,22.76352],[70.79825,22.7632],[70.79802,22.76172],[70.79769,22.75957],[70.7974,22.75748],[70.79704,22.75516],[70.7967,22.75286],[70.79637,22.75089],[70.79636,22.75085],[70.79588,22.74932],[70.79563,22.74862],[70.79516,22.74732],[70.79467,22.74599],[70.79456,22.74566]]},"properties":{"id":"osm:w1291295154","name":"Rajkot - Morbi Highway","highway":"primary","bridge":false}},{"type":"Feature","geometry":{"type":"LineString","coordinates":[[70.81031,22.83404],[70.8103,22.83424],[70.81026,22.83446],[70.8102,22.83471],[70.8101,22.83522],[70.8099,22.83637],[70.80984,22.83738],[70.80985,22.83799],[70.8099,22.83875],[70.81013,22.83973],[70.81028,22.83989]]},"properties":{"id":"osm:w1291301035","name":"","highway":"tertiary","bridge":false}},{"type":"Feature","geometry":{"type":"LineString","coordinates":[[70.81036,22.83985],[70.81035,22.83964],[70.81023,22.83923],[70.81011,22.83829],[70.81007,22.8379],[70.81008,22.83714],[70.81011,22.83671],[70.81033,22.83538],[70.81055,22.83432],[70.81056,22.83418],[70.81056,22.83393]]},"properties":{"id":"osm:w1291301036","name":"","highway":"tertiary","bridge":false}},{"type":"Feature","geometry":{"type":"LineString","coordinates":[[70.82275,22.82842],[70.8226,22.82845],[70.82217,22.82865],[70.82129,22.82908],[70.82054,22.82942],[70.82031,22.82952],[70.81985,22.82973],[70.81934,22.82995],[70.81808,22.8305],[70.81724,22.83088],[70.81626,22.83133],[70.81544,22.8317],[70.81498,22.8319],[70.81427,22.83221],[70.81337,22.83261],[70.8133,22.83264],[70.81255,22.83298],[70.81193,22.83324],[70.81161,22.83338],[70.81088,22.8337],[70.81021,22.83399],[70.81016,22.83405]]},"properties":{"id":"osm:w1291301037","name":"","highway":"secondary","bridge":false}},{"type":"Feature","geometry":{"type":"LineString","coordinates":[[70.82275,22.82842],[70.82291,22.82833],[70.82295,22.82826],[70.82297,22.82821],[70.82297,22.82815],[70.82299,22.82806],[70.82303,22.82801],[70.8242,22.82752],[70.82436,22.82743],[70.82446,22.82737],[70.8253,22.82661],[70.8269,22.82529],[70.82722,22.82508],[70.82756,22.82494],[70.82787,22.82483],[70.82901,22.82442],[70.83006,22.82406],[70.83008,22.82405],[70.83144,22.82352]]},"properties":{"id":"osm:w1291301038","name":"","highway":"secondary","bridge":false}},{"type":"Feature","geometry":{"type":"LineString","coordinates":[[70.78635,22.72637],[70.78622,22.72597],[70.78603,22.72527],[70.78583,22.72452],[70.78562,22.72363],[70.78561,22.72358],[70.78557,22.72343],[70.78541,22.72274],[70.78512,22.72155],[70.78499,22.72107],[70.78495,22.72097],[70.78476,22.72062],[70.78443,22.72023],[70.78425,22.72001],[70.78365,22.71933],[70.78302,22.71862],[70.78251,22.71806],[70.78192,22.71739],[70.78141,22.71679],[70.7809,22.71614],[70.7804,22.71552],[70.77979,22.71476],[70.7794,22.71424],[70.77921,22.7139],[70.77896,22.71329],[70.77879,22.7129],[70.77838,22.71212],[70.77803,22.71152],[70.77782,22.7112],[70.77756,22.7109],[70.77652,22.70979],[70.77606,22.70931],[70.77547,22.70871],[70.77395,22.70705],[70.77383,22.70693],[70.7724,22.70544],[70.77202,22.70504],[70.76908,22.70192],[70.76873,22.70156],[70.76841,22.70132],[70.76807,22.70107],[70.76763,22.70065]]},"properties":{"id":"osm:w1291329540","name":"Rajkot - Morbi Highway","highway":"primary","bridge":false}},{"type":"Feature","geometry":{"type":"LineString","coordinates":[[70.79287,22.74117],[70.79291,22.74126],[70.79403,22.74449],[70.79408,22.74461],[70.79423,22.74505]]},"properties":{"id":"osm:w1291329544","name":"Rajkot - Morbi Highway","highway":"primary","bridge":false}},{"type":"Feature","geometry":{"type":"LineString","coordinates":[[70.79275,22.7408],[70.79287,22.74117]]},"properties":{"id":"osm:w1291329545","name":"Rajkot - Morbi Highway","highway":"primary","bridge":true}},{"type":"Feature","geometry":{"type":"LineString","coordinates":[[70.79284,22.74076],[70.79239,22.7395],[70.79171,22.73771],[70.79141,22.73694],[70.79051,22.73512],[70.79044,22.73499],[70.79025,22.7346],[70.78958,22.73328],[70.78944,22.73301],[70.78856,22.73121],[70.78808,22.73027],[70.78765,22.72945],[70.78737,22.72886],[70.78715,22.72838],[70.78666,22.7272],[70.78651,22.72681],[70.78635,22.72637]]},"properties":{"id":"osm:w1291329546","name":"Rajkot - Morbi Highway","highway":"primary","bridge":false}},{"type":"Feature","geometry":{"type":"LineString","coordinates":[[70.79298,22.74114],[70.79284,22.74076]]},"properties":{"id":"osm:w1291329547","name":"Rajkot - Morbi Highway","highway":"primary","bridge":true}},{"type":"Feature","geometry":{"type":"LineString","coordinates":[[70.79434,22.74502],[70.79414,22.74445],[70.79409,22.7443],[70.79344,22.74251],[70.79298,22.74114]]},"properties":{"id":"osm:w1291329548","name":"Rajkot - Morbi Highway","highway":"primary","bridge":false}},{"type":"Feature","geometry":{"type":"LineString","coordinates":[[70.79456,22.74566],[70.79437,22.74511],[70.79434,22.74502]]},"properties":{"id":"osm:w1291329549","name":"Morbi Bypass","highway":"primary","bridge":true}},{"type":"Feature","geometry":{"type":"LineString","coordinates":[[70.80837,22.79275],[70.80899,22.79343],[70.80923,22.79367],[70.80947,22.79392],[70.80979,22.79416],[70.8101,22.79444],[70.81022,22.79458],[70.81033,22.79473]]},"properties":{"id":"osm:w1291329554","name":"Morbi Bypass","highway":"primary","bridge":false}},{"type":"Feature","geometry":{"type":"LineString","coordinates":[[70.81041,22.82938],[70.81041,22.82925],[70.81041,22.82915],[70.81041,22.82859],[70.81039,22.82763],[70.8104,22.82628],[70.8104,22.82577],[70.8104,22.82494],[70.81041,22.8236],[70.8104,22.82225],[70.8104,22.82048],[70.8104,22.81891],[70.8104,22.81806],[70.8104,22.81746],[70.81041,22.81648],[70.81041,22.81597],[70.81041,22.81495],[70.81042,22.81411],[70.81043,22.81331],[70.81043,22.8126],[70.81043,22.81175],[70.81043,22.81165],[70.81044,22.81095],[70.81045,22.81012],[70.81046,22.80946],[70.81047,22.80863],[70.81047,22.80786],[70.81048,22.80689],[70.8105,22.80599],[70.81052,22.80473],[70.81053,22.8045],[70.81064,22.80302],[70.81075,22.80192],[70.81076,22.8018],[70.81084,22.80084],[70.81093,22.79998],[70.81095,22.79953],[70.81097,22.7992]]},"properties":{"id":"osm:w1291329555","name":"Morbi Bypass","highway":"primary","bridge":false}},{"type":"Feature","geometry":{"type":"LineString","coordinates":[[70.81043,22.79471],[70.81028,22.79449],[70.81009,22.79431],[70.80947,22.7938],[70.80907,22.79339],[70.80842,22.7927]]},"properties":{"id":"osm:w1291329556","name":"Morbi Bypass","highway":"primary","bridge":false}},{"type":"Feature","geometry":{"type":"LineString","coordinates":[[70.81033,22.79473],[70.81049,22.79501],[70.81058,22.79527]]},"properties":{"id":"osm:w1291329557","name":"Morbi Bypass","highway":"primary","bridge":true}},{"type":"Feature","geometry":{"type":"LineString","coordinates":[[70.81086,22.79588],[70.81083,22.79578],[70.81077,22.79554],[70.81068,22.79526],[70.81058,22.795],[70.81047,22.79478],[70.81043,22.79471]]},"properties":{"id":"osm:w1291329558","name":"Morbi Bypass","highway":"primary","bridge":true}},{"type":"Feature","geometry":{"type":"LineString","coordinates":[[70.81058,22.79527],[70.81078,22.79591]]},"properties":{"id":"osm:w1291329559","name":"Morbi Bypass","highway":"primary","bridge":true}},{"type":"Feature","geometry":{"type":"LineString","coordinates":[[70.81078,22.79591],[70.81099,22.79661],[70.81103,22.79691],[70.81105,22.79732],[70.81098,22.79809],[70.81088,22.79919]]},"properties":{"id":"osm:w1291329560","name":"Morbi Bypass","highway":"primary","bridge":false}},{"type":"Feature","geometry":{"type":"LineString","coordinates":[[70.81097,22.7992],[70.81098,22.79896],[70.81107,22.79797],[70.81112,22.79728],[70.81112,22.79703],[70.81108,22.79658],[70.811,22.79635],[70.81086,22.79588]]},"properties":{"id":"osm:w1291329561","name":"Morbi Bypass","highway":"primary","bridge":false}},{"type":"Feature","geometry":{"type":"LineString","coordinates":[[70.80816,22.79252],[70.80837,22.79275]]},"properties":{"id":"osm:w1291329562","name":"Morbi Bypass","highway":"primary","bridge":false}},{"type":"Feature","geometry":{"type":"LineString","coordinates":[[70.81095,22.79953],[70.81103,22.79916],[70.81115,22.7976],[70.8112,22.79698],[70.81116,22.79662],[70.81096,22.7959],[70.81091,22.79574],[70.81084,22.7955],[70.81074,22.7952],[70.81072,22.79513],[70.81056,22.79477],[70.81036,22.79448],[70.81004,22.79417],[70.80939,22.79358],[70.80914,22.79333],[70.80864,22.79279],[70.80838,22.79252],[70.80823,22.79242],[70.80809,22.79233]]},"properties":{"id":"osm:w1291329564","name":"","highway":"tertiary","bridge":false}},{"type":"Feature","geometry":{"type":"LineString","coordinates":[[70.81047,22.79534],[70.81084,22.7955],[70.81104,22.79566],[70.81108,22.7957],[70.81166,22.79634],[70.81231,22.79712],[70.8125,22.79726]]},"properties":{"id":"osm:w1291329565","name":"","highway":"primary","bridge":false}},{"type":"Feature","geometry":{"type":"LineString","coordinates":[[70.8125,22.79726],[70.81268,22.79748],[70.81315,22.79807]]},"properties":{"id":"osm:w1291329566","name":"SH22","highway":"primary","bridge":false}},{"type":"Feature","geometry":{"type":"LineString","coordinates":[[70.77868,22.71294],[70.77879,22.7129]]},"properties":{"id":"osm:w1291336993","name":"Rajkot - Morbi Highway","highway":"primary","bridge":false}},{"type":"Feature","geometry":{"type":"LineString","coordinates":[[70.76753,22.70069],[70.768,22.70112],[70.76865,22.70163],[70.76896,22.70195],[70.77021,22.70334],[70.77158,22.70479],[70.77191,22.70514],[70.77295,22.70624],[70.77372,22.70703],[70.77426,22.70758],[70.7755,22.7089],[70.77595,22.70938],[70.77598,22.70942],[70.77646,22.70993],[70.77746,22.71097],[70.77789,22.71153],[70.77808,22.71184],[70.7786,22.71279],[70.77868,22.71294]]},"properties":{"id":"osm:w1291638068","name":"Rajkot - Morbi Highway","highway":"primary","bridge":false}},{"type":"Feature","geometry":{"type":"LineString","coordinates":[[70.76713,22.70027],[70.76753,22.70069]]},"properties":{"id":"osm:w1291638069","name":"Rajkot - Morbi Highway","highway":"primary","bridge":true}},{"type":"Feature","geometry":{"type":"LineString","coordinates":[[70.76841,22.70132],[70.76788,22.70073],[70.76772,22.70057]]},"properties":{"id":"osm:w1291638070","name":"Rajkot - Morbi Highway","highway":"primary","bridge":false}},{"type":"Feature","geometry":{"type":"LineString","coordinates":[[70.76731,22.70013],[70.76668,22.69942]]},"properties":{"id":"osm:w1291638071","name":"Rajkot - Morbi Highway","highway":"primary","bridge":false}},{"type":"Feature","geometry":{"type":"LineString","coordinates":[[70.76772,22.70057],[70.76731,22.70013]]},"properties":{"id":"osm:w1291638072","name":"Rajkot - Morbi Highway","highway":"primary","bridge":true}},{"type":"Feature","geometry":{"type":"LineString","coordinates":[[70.82595,22.79889],[70.82594,22.79895],[70.82575,22.80015],[70.82567,22.80052],[70.82565,22.80065],[70.82559,22.80093],[70.82558,22.80101],[70.82555,22.80125],[70.82551,22.80165],[70.82548,22.80186],[70.82545,22.80211],[70.82542,22.80242],[70.82541,22.80254],[70.82539,22.8029],[70.82546,22.80307],[70.82575,22.80344],[70.82598,22.80362],[70.82609,22.80372],[70.8264,22.80401],[70.8268,22.80431],[70.82701,22.80447],[70.82716,22.80462],[70.82733,22.80479],[70.82758,22.80503],[70.82784,22.8053],[70.82818,22.80563],[70.82845,22.8059],[70.82863,22.80633],[70.82875,22.80664],[70.829,22.8073],[70.82928,22.80802],[70.82932,22.80812],[70.82946,22.80847],[70.82961,22.80887],[70.82979,22.80932],[70.82992,22.80965],[70.83006,22.81003],[70.83029,22.81061],[70.83044,22.81101],[70.83059,22.81138]]},"properties":{"id":"osm:w1306747204","name":"","highway":"secondary","bridge":false}},{"type":"Feature","geometry":{"type":"LineString","coordinates":[[70.82596,22.79878],[70.82595,22.79889]]},"properties":{"id":"osm:w1306747205","name":"","highway":"secondary","bridge":true}},{"type":"Feature","geometry":{"type":"LineString","coordinates":[[70.95871,22.63103],[70.95949,22.63241]]},"properties":{"id":"osm:w1328707897","name":"NH27","highway":"trunk","bridge":false}},{"type":"Feature","geometry":{"type":"LineString","coordinates":[[70.95949,22.63241],[70.9596,22.6326]]},"properties":{"id":"osm:w1328707898","name":"NH27","highway":"trunk","bridge":true}},{"type":"Feature","geometry":{"type":"LineString","coordinates":[[70.9596,22.63234],[70.9588,22.63094]]},"properties":{"id":"osm:w1328707899","name":"NH27","highway":"trunk","bridge":false}},{"type":"Feature","geometry":{"type":"LineString","coordinates":[[70.95972,22.63255],[70.9596,22.63234]]},"properties":{"id":"osm:w1328707900","name":"NH27","highway":"trunk","bridge":true}},{"type":"Feature","geometry":{"type":"LineString","coordinates":[[70.99508,22.73382],[70.99423,22.73389],[70.99407,22.73393],[70.99278,22.73454],[70.99265,22.73468],[70.99191,22.73709],[70.99181,22.73728],[70.99161,22.73747],[70.98861,22.73962],[70.98719,22.74045],[70.9868,22.7405],[70.98634,22.74036],[70.98592,22.74001],[70.98493,22.73884],[70.98463,22.73876],[70.98406,22.73864],[70.9838,22.73836],[70.98307,22.73716],[70.9825,22.73361]]},"properties":{"id":"osm:w1347373242","name":"","highway":"tertiary","bridge":false}},{"type":"Feature","geometry":{"type":"LineString","coordinates":[[70.81679,22.80204],[70.81651,22.80173],[70.81636,22.80155]]},"properties":{"id":"osm:w1361369904","name":"SH22","highway":"primary","bridge":false}},{"type":"Feature","geometry":{"type":"LineString","coordinates":[[70.81679,22.80204],[70.81681,22.80211],[70.81817,22.8031],[70.81845,22.8033],[70.81871,22.80349],[70.81919,22.80383],[70.81938,22.80398],[70.81963,22.80418],[70.81978,22.80429],[70.81993,22.80441],[70.82012,22.80455],[70.82018,22.8046],[70.82064,22.80503],[70.82085,22.80523],[70.82157,22.80591],[70.82179,22.80613],[70.82188,22.80621],[70.82209,22.8064],[70.82244,22.80673],[70.82274,22.80701],[70.82292,22.80718],[70.82337,22.80759],[70.82364,22.80785],[70.82458,22.80877],[70.82492,22.8091],[70.82522,22.80939],[70.82535,22.80945]]},"properties":{"id":"osm:w1361369905","name":"SH22","highway":"primary","bridge":false}},{"type":"Feature","geometry":{"type":"LineString","coordinates":[[70.82535,22.80945],[70.82529,22.80934],[70.82498,22.80905],[70.82484,22.80892],[70.8244,22.8085],[70.82401,22.80812],[70.82369,22.80782],[70.82342,22.80757],[70.82297,22.80714],[70.82284,22.80702],[70.82279,22.80697],[70.8225,22.80668],[70.82233,22.80651],[70.82214,22.80634],[70.82185,22.80607],[70.82163,22.80586],[70.82108,22.80534],[70.82091,22.80518],[70.82024,22.80454],[70.82013,22.80444],[70.81999,22.80435],[70.81996,22.80431],[70.81985,22.80423],[70.81969,22.80411],[70.81944,22.80392],[70.8191,22.80368],[70.81876,22.80344],[70.8185,22.80325],[70.81754,22.80256],[70.81686,22.80206],[70.81679,22.80204]]},"properties":{"id":"osm:w1361369906","name":"SH22","highway":"primary","bridge":false}},{"type":"Feature","geometry":{"type":"LineString","coordinates":[[70.83819,22.82288],[70.83805,22.82287]]},"properties":{"id":"osm:w1361374251","name":"SH22","highway":"primary","bridge":false}},{"type":"Feature","geometry":{"type":"LineString","coordinates":[[70.83805,22.82287],[70.83802,22.82286],[70.83799,22.82286],[70.83796,22.82286],[70.83793,22.82288],[70.83791,22.8229],[70.8379,22.82293],[70.8379,22.82295],[70.83791,22.82298],[70.83793,22.823],[70.83795,22.82302],[70.83798,22.82303],[70.83801,22.82303],[70.83804,22.82302],[70.83806,22.823],[70.83808,22.82297],[70.83809,22.82295],[70.83808,22.82292],[70.83807,22.82289],[70.83805,22.82287]]},"properties":{"id":"osm:w1361374252","name":"SH22","highway":"primary","bridge":false}},{"type":"Feature","geometry":{"type":"LineString","coordinates":[[70.83815,22.82303],[70.8383,22.82305],[70.83999,22.82327],[70.84127,22.82343],[70.84239,22.82356],[70.84324,22.82366],[70.84329,22.82366]]},"properties":{"id":"osm:w1361374253","name":"SH22","highway":"primary","bridge":true}},{"type":"Feature","geometry":{"type":"LineString","coordinates":[[70.84329,22.82366],[70.84411,22.82374],[70.84472,22.82379],[70.84489,22.82379]]},"properties":{"id":"osm:w1361374254","name":"SH22","highway":"primary","bridge":false}},{"type":"Feature","geometry":{"type":"LineString","coordinates":[[70.83806,22.823],[70.83815,22.82303]]},"properties":{"id":"osm:w1361374255","name":"SH22","highway":"primary","bridge":false}},{"type":"Feature","geometry":{"type":"LineString","coordinates":[[70.8461,22.82418],[70.84671,22.82437],[70.84838,22.82492],[70.84858,22.82503],[70.84863,22.82508]]},"properties":{"id":"osm:w1361374256","name":"SH22","highway":"primary","bridge":false}},{"type":"Feature","geometry":{"type":"LineString","coordinates":[[70.84499,22.82384],[70.84502,22.82382],[70.84504,22.82381],[70.84505,22.82379],[70.84505,22.82376],[70.84505,22.82374],[70.84503,22.82372],[70.84501,22.8237],[70.845,22.82369],[70.84498,22.82369],[70.84495,22.82369],[70.84493,22.8237],[70.84491,22.82371],[70.84489,22.82374],[70.84489,22.82376],[70.84489,22.82379],[70.8449,22.82381],[70.84492,22.82383],[70.84494,22.82384],[70.84497,22.82384],[70.84499,22.82384]]},"properties":{"id":"osm:w1361374257","name":"SH22","highway":"primary","bridge":false}},{"type":"Feature","geometry":{"type":"LineString","coordinates":[[70.84495,22.82369],[70.84481,22.82359],[70.84468,22.82354],[70.84448,22.82348],[70.84431,22.82346],[70.84417,22.82345],[70.84384,22.82347],[70.84349,22.82352],[70.84337,22.82353],[70.84319,22.82352]]},"properties":{"id":"osm:w1361374258","name":"SH22","highway":"primary","bridge":false}},{"type":"Feature","geometry":{"type":"LineString","coordinates":[[70.84105,22.82287],[70.84262,22.82318],[70.84292,22.82324],[70.84307,22.82329],[70.84346,22.82335],[70.84385,22.82332],[70.84409,22.82334],[70.84441,22.82337],[70.84462,22.82342],[70.8448,22.82347],[70.84506,22.82358]]},"properties":{"id":"osm:w1361374259","name":"","highway":"tertiary","bridge":false}},{"type":"Feature","geometry":{"type":"LineString","coordinates":[[70.8488,22.82497],[70.84865,22.82491],[70.84814,22.82474],[70.84653,22.82422],[70.84614,22.8241]]},"properties":{"id":"osm:w1361374260","name":"SH22","highway":"primary","bridge":false}},{"type":"Feature","geometry":{"type":"LineString","coordinates":[[70.84527,22.82661],[70.8454,22.82636],[70.8455,22.826],[70.84562,22.82577],[70.84563,22.8257],[70.84563,22.82567],[70.84564,22.82562],[70.84571,22.82531],[70.84582,22.82504],[70.84589,22.82479],[70.84596,22.82463],[70.846,22.82454],[70.84604,22.82441],[70.84606,22.82431],[70.84608,22.82425],[70.8461,22.82418]]},"properties":{"id":"osm:w1361374261","name":"","highway":"tertiary","bridge":false}},{"type":"Feature","geometry":{"type":"LineString","coordinates":[[70.84606,22.82431],[70.84617,22.8244],[70.84643,22.82452],[70.8467,22.82462],[70.84721,22.82476],[70.848,22.82491],[70.84863,22.82508]]},"properties":{"id":"osm:w1361374262","name":"","highway":"tertiary","bridge":false}},{"type":"Feature","geometry":{"type":"LineString","coordinates":[[70.84614,22.8241],[70.84606,22.82407],[70.84596,22.82402],[70.84574,22.82388],[70.84569,22.82384],[70.84558,22.82377],[70.84545,22.82372],[70.84526,22.82368],[70.84511,22.82367],[70.845,22.82369]]},"properties":{"id":"osm:w1361374263","name":"SH22","highway":"primary","bridge":false}},{"type":"Feature","geometry":{"type":"LineString","coordinates":[[70.8461,22.82418],[70.84614,22.8241]]},"properties":{"id":"osm:w1361374264","name":"","highway":"tertiary","bridge":false}},{"type":"Feature","geometry":{"type":"LineString","coordinates":[[70.84502,22.82382],[70.84533,22.82392],[70.84578,22.82405],[70.84604,22.82415],[70.8461,22.82418]]},"properties":{"id":"osm:w1361374265","name":"SH22","highway":"primary","bridge":false}},{"type":"Feature","geometry":{"type":"LineString","coordinates":[[70.84863,22.82508],[70.84874,22.82548],[70.84888,22.826],[70.84914,22.82708],[70.84933,22.82786],[70.84936,22.82794],[70.84941,22.82806],[70.84952,22.82829],[70.84959,22.82841],[70.8497,22.82858],[70.84973,22.82862],[70.84984,22.82875],[70.84994,22.82885],[70.85008,22.82896],[70.85028,22.82913],[70.85041,22.82929],[70.85053,22.82945],[70.8506,22.82963],[70.85068,22.82995],[70.85073,22.83032],[70.85092,22.83137],[70.85096,22.83163],[70.85098,22.83171],[70.85106,22.83223],[70.8511,22.83247],[70.8511,22.83253],[70.85114,22.83266],[70.85131,22.83298],[70.85161,22.83356],[70.85164,22.83362],[70.85179,22.83391],[70.85232,22.83482],[70.85282,22.83573],[70.85334,22.83668],[70.85343,22.83674]]},"properties":{"id":"osm:w1361374266","name":"SH22","highway":"primary","bridge":false}},{"type":"Feature","geometry":{"type":"LineString","coordinates":[[70.8515,22.83393],[70.85103,22.83445],[70.85069,22.83481],[70.85065,22.83486]]},"properties":{"id":"osm:w1361374267","name":"NH27","highway":"trunk","bridge":false}},{"type":"Feature","geometry":{"type":"LineString","coordinates":[[70.85192,22.83345],[70.8515,22.83393]]},"properties":{"id":"osm:w1361374268","name":"NH27","highway":"trunk","bridge":true}},{"type":"Feature","geometry":{"type":"LineString","coordinates":[[70.85078,22.83489],[70.85081,22.83486],[70.8511,22.83454],[70.85159,22.83398]]},"properties":{"id":"osm:w1361374269","name":"NH27","highway":"trunk","bridge":false}},{"type":"Feature","geometry":{"type":"LineString","coordinates":[[70.85159,22.83398],[70.85182,22.83373],[70.852,22.83352]]},"properties":{"id":"osm:w1361374270","name":"NH27","highway":"trunk","bridge":true}},{"type":"Feature","geometry":{"type":"LineString","coordinates":[[70.85365,22.83715],[70.85347,22.8368],[70.85343,22.83674]]},"properties":{"id":"osm:w1361374271","name":"SH22","highway":"primary","bridge":false}},{"type":"Feature","geometry":{"type":"LineString","coordinates":[[70.84506,22.82358],[70.845,22.82369]]},"properties":{"id":"osm:w1361374871","name":"","highway":"tertiary","bridge":false}},{"type":"Feature","geometry":{"type":"LineString","coordinates":[[70.82819,22.81818],[70.82818,22.81855],[70.82816,22.81881],[70.82815,22.81906],[70.82815,22.81941],[70.82814,22.81978]]},"properties":{"id":"osm:w1361374873","name":"","highway":"tertiary","bridge":false}},{"type":"Feature","geometry":{"type":"LineString","coordinates":[[70.83263,22.81815],[70.83266,22.81973]]},"properties":{"id":"osm:w1361374874","name":"","highway":"tertiary","bridge":false}},{"type":"Feature","geometry":{"type":"LineString","coordinates":[[70.83263,22.81815],[70.83316,22.81816]]},"properties":{"id":"osm:w1361374875","name":"","highway":"tertiary","bridge":false}},{"type":"Feature","geometry":{"type":"LineString","coordinates":[[70.83266,22.81973],[70.83319,22.81972],[70.83379,22.81971]]},"properties":{"id":"osm:w1361374876","name":"","highway":"tertiary","bridge":false}},{"type":"Feature","geometry":{"type":"LineString","coordinates":[[71.03402,22.65794],[71.03233,22.65759],[71.03087,22.65726],[71.02927,22.65677],[71.02688,22.65615],[71.0261,22.65593],[71.02421,22.65519],[71.02338,22.6549],[71.02128,22.65411],[71.0201,22.65351],[71.01978,22.65341],[71.0184,22.65343],[71.01814,22.65345],[71.01778,22.65346],[71.01678,22.65348],[71.01521,22.65358],[71.0145,22.65359],[71.01381,22.65344],[71.01211,22.65296],[71.01014,22.65245],[71.00858,22.652],[71.00818,22.65191],[71.00687,22.65168],[71.00584,22.65156],[71.00572,22.65156],[71.00395,22.65149],[71.00331,22.65144],[71.00279,22.65137],[71.00222,22.65124],[71.002,22.65117],[71.00121,22.65087],[71.0007,22.65069],[71.00046,22.65065],[71.00004,22.65065],[70.99938,22.65065],[70.99913,22.65072],[70.99869,22.65079],[70.99813,22.65083],[70.99781,22.65078],[70.99754,22.65079],[70.99713,22.65086],[70.99684,22.65087],[70.99651,22.65085],[70.99646,22.65075],[70.99645,22.65063]]},"properties":{"id":"osm:w1370253809","name":"","highway":"tertiary","bridge":false}},{"type":"Feature","geometry":{"type":"LineString","coordinates":[[70.78397,22.83269],[70.78418,22.83309],[70.78463,22.83387],[70.78519,22.8345],[70.78539,22.83474],[70.7864,22.83586],[70.78642,22.83589],[70.78669,22.8363],[70.78689,22.83693],[70.7873,22.83892],[70.78738,22.83953],[70.78741,22.83991],[70.78737,22.84022],[70.78713,22.84157],[70.78709,22.84196],[70.78713,22.84254],[70.78721,22.84326],[70.78753,22.84442],[70.78814,22.84639],[70.78856,22.84771],[70.78858,22.84778]]},"properties":{"id":"osm:w1526739317","name":"","highway":"tertiary","bridge":false}},{"type":"Feature","geometry":{"type":"LineString","coordinates":[[70.80689,22.8264],[70.80571,22.82658],[70.80506,22.82668],[70.80353,22.82691],[70.80067,22.8274],[70.79785,22.82829],[70.79758,22.82838],[70.797,22.82856],[70.79412,22.82931]]},"properties":{"id":"osm:w1526739348","name":"SH314","highway":"primary","bridge":false}},{"type":"Feature","geometry":{"type":"LineString","coordinates":[[70.79412,22.82931],[70.79403,22.82934]]},"properties":{"id":"osm:w1526739349","name":"SH314","highway":"primary","bridge":true}},{"type":"Feature","geometry":{"type":"LineString","coordinates":[[70.78868,22.84806],[70.78867,22.84804],[70.78861,22.8479],[70.78858,22.84778]]},"properties":{"id":"osm:w1526739350","name":"","highway":"tertiary","bridge":false}},{"type":"Feature","geometry":{"type":"LineString","coordinates":[[70.78872,22.84813],[70.78868,22.84806]]},"properties":{"id":"osm:w1526739351","name":"","highway":"tertiary","bridge":true}}]}